# Blender v2.91.0 OBJ File: ''
# www.blender.org
mtllib UAV.mtl
o PilotFish_UAV.002
v -0.243629 -1.445032 -6.474510
v -0.478350 -0.743872 -4.918150
v -0.292730 -1.447532 -4.918149
v -0.478350 -0.743872 -4.918150
v -0.243629 -1.445032 -6.474510
v -0.394760 -0.743872 -6.474510
v 0.000000 -0.932462 -7.262250
v -0.000002 -0.743872 -7.273180
v -0.073940 -0.932462 -7.239210
v -0.376180 -1.217302 -3.986590
v -0.182050 -1.574000 -3.106950
v -0.260230 -1.478562 -3.983720
v -0.205929 -1.356832 -6.781370
v -0.249830 -0.743872 -7.045650
v -0.334920 -0.743872 -6.781370
v -0.249830 -0.743872 -7.045650
v -0.205929 -1.356832 -6.781370
v -0.149010 -1.138812 -7.045650
v -0.205929 -1.356832 -6.781370
v -0.394760 -0.743872 -6.474510
v -0.243629 -1.445032 -6.474510
v -0.394760 -0.743872 -6.474510
v -0.205929 -1.356832 -6.781370
v -0.334920 -0.743872 -6.781370
v -0.376180 -1.217302 -3.986590
v -0.292730 -1.447532 -4.918149
v -0.478350 -0.743872 -4.918150
v -0.292730 -1.447532 -4.918149
v -0.376180 -1.217302 -3.986590
v -0.260230 -1.478562 -3.983720
v -0.073940 -0.932462 -7.239210
v -0.000002 -0.743872 -7.273180
v -0.249830 -0.743872 -7.045650
v -0.182050 -1.574000 -3.106950
v 0.000000 -1.693830 -3.106950
v -0.260230 -1.478562 -3.983720
v -0.073940 -0.932462 -7.239210
v 0.000001 -1.249972 -7.045650
v 0.000000 -0.932462 -7.262250
v 0.000001 -1.249972 -7.045650
v -0.073940 -0.932462 -7.239210
v -0.149010 -1.138812 -7.045650
v -0.243629 -1.445032 -6.474510
v 0.000000 -1.540932 -4.918149
v 0.000001 -1.540932 -6.474511
v 0.000000 -1.540932 -4.918149
v -0.243629 -1.445032 -6.474510
v -0.292730 -1.447532 -4.918149
v 0.000001 -1.463382 -6.781370
v -0.149010 -1.138812 -7.045650
v -0.205929 -1.356832 -6.781370
v -0.149010 -1.138812 -7.045650
v 0.000001 -1.463382 -6.781370
v 0.000001 -1.249972 -7.045650
v -0.205929 -1.356832 -6.781370
v 0.000001 -1.540932 -6.474511
v 0.000001 -1.463382 -6.781370
v 0.000001 -1.540932 -6.474511
v -0.205929 -1.356832 -6.781370
v -0.243629 -1.445032 -6.474510
v -0.292730 -1.447532 -4.918149
v 0.000000 -1.572112 -3.983810
v 0.000000 -1.540932 -4.918149
v 0.000000 -1.572112 -3.983810
v -0.292730 -1.447532 -4.918149
v -0.260230 -1.478562 -3.983720
v -0.260230 -1.478562 -3.983720
v 0.000000 -1.693830 -3.106950
v 0.000000 -1.572112 -3.983810
v -0.073940 -0.932462 -7.239210
v -0.249830 -0.743872 -7.045650
v -0.149010 -1.138812 -7.045650
v -0.482810 -1.237952 -4.491520
v 0.000000 -1.484712 -3.770980
v 0.000000 -1.237952 -4.491520
v 0.000000 -1.484712 -3.770980
v -0.482810 -1.237952 -4.491520
v -0.482810 -1.484712 -3.770980
v 0.000000 -0.095602 -4.491520
v -0.400150 -0.002532 -3.770980
v -0.400190 -0.014612 -4.491520
v -0.400150 -0.002532 -3.770980
v 0.000000 -0.095602 -4.491520
v 0.000000 -0.083532 -3.770980
v -0.582420 0.157708 -4.491520
v -0.582420 -1.322002 -3.770980
v -0.582420 -1.078932 -4.491520
v -0.582420 -1.322002 -3.770980
v -0.582420 0.157708 -4.491520
v -0.582420 0.169658 -3.770980
v -0.582420 -1.078932 -4.491520
v -0.582420 0.071188 -5.404570
v -0.582420 0.157708 -4.491520
v -0.582420 0.071188 -5.404570
v -0.582420 -1.078932 -4.491520
v -0.582420 -1.018812 -5.404570
v -0.399422 0.321338 -5.404570
v 0.000000 0.105318 -5.161900
v -0.285100 0.108418 -5.132530
v 0.000000 0.105318 -5.161900
v -0.399422 0.321338 -5.404570
v -0.000002 0.306878 -5.734540
v 0.000000 -1.237952 -4.491520
v -0.482810 -1.173792 -5.404570
v -0.482810 -1.237952 -4.491520
v -0.482810 -1.173792 -5.404570
v 0.000000 -1.237952 -4.491520
v 0.000000 -1.173792 -5.404570
v -0.582420 -1.018812 -5.404570
v -0.566672 -0.111952 -6.289500
v -0.582420 0.071188 -5.404570
v -0.566672 -0.111952 -6.289500
v -0.582420 -1.018812 -5.404570
v -0.582420 -0.978952 -6.289500
v -0.399422 0.321338 -5.404570
v -0.000002 0.214268 -6.289500
v -0.000002 0.306878 -5.734540
v -0.000002 0.214268 -6.289500
v -0.399422 0.321338 -5.404570
v -0.381742 0.143978 -6.289500
v 0.000000 -1.173792 -5.404570
v -0.465110 -1.133262 -6.289500
v -0.482810 -1.173792 -5.404570
v -0.465110 -1.133262 -6.289500
v 0.000000 -1.173792 -5.404570
v 0.000000 -1.133262 -6.289500
v -0.582420 -0.978952 -6.289500
v -0.554232 -0.362032 -7.195970
v -0.566672 -0.111952 -6.289500
v -0.554232 -0.362032 -7.195970
v -0.582420 -0.978952 -6.289500
v -0.554229 -0.978822 -7.195970
v -0.381742 0.143978 -6.289500
v -0.000002 -0.041132 -7.195970
v -0.000002 0.214268 -6.289500
v -0.000002 -0.041132 -7.195970
v -0.381742 0.143978 -6.289500
v -0.370622 -0.110742 -7.195970
v 0.000000 -1.133262 -6.289500
v -0.420179 -1.133262 -7.195970
v -0.465110 -1.133262 -6.289500
v -0.420179 -1.133262 -7.195970
v 0.000000 -1.133262 -6.289500
v 0.000000 -1.133262 -7.195970
v -0.449301 -0.920302 -8.026340
v -0.554232 -0.362032 -7.195970
v -0.554229 -0.978822 -7.195970
v -0.554232 -0.362032 -7.195970
v -0.449301 -0.920302 -8.026340
v -0.449302 -0.652682 -8.026340
v -0.370622 -0.110742 -7.195970
v -0.000002 -0.376482 -8.043280
v -0.000002 -0.041132 -7.195970
v -0.000002 -0.376482 -8.043280
v -0.370622 -0.110742 -7.195970
v -0.272272 -0.439562 -8.026340
v 0.000000 -1.133262 -7.195970
v -0.278321 -1.082592 -8.026340
v -0.420179 -1.133262 -7.195970
v -0.278321 -1.082592 -8.026340
v 0.000000 -1.133262 -7.195970
v -0.000001 -1.082592 -8.026340
v -0.449301 -0.920302 -8.026340
v -0.259211 -0.848412 -8.344960
v -0.272412 -0.750032 -8.344960
v -0.272272 -0.439562 -8.026340
v -0.000002 -0.599752 -8.344960
v -0.000002 -0.376482 -8.043280
v -0.000002 -0.599752 -8.344960
v -0.272272 -0.439562 -8.026340
v -0.272412 -0.750032 -8.344960
v -0.000001 -1.082592 -8.026340
v -0.141271 -0.940662 -8.344960
v -0.278321 -1.082592 -8.026340
v -0.141271 -0.940662 -8.344960
v -0.000001 -1.082592 -8.026340
v -0.000001 -0.956962 -8.344960
v -0.000002 -0.791582 -8.426190
v -0.272412 -0.750032 -8.344960
v -0.259211 -0.848412 -8.344960
v -0.272412 -0.750032 -8.344960
v -0.000002 -0.791582 -8.426190
v -0.000002 -0.599752 -8.344960
v -0.000001 -0.956962 -8.344960
v -0.000002 -0.791582 -8.426190
v -0.141271 -0.940662 -8.344960
v -0.482810 -1.484712 -3.770980
v 0.000000 -1.751570 -2.983060
v 0.000000 -1.484712 -3.770980
v 0.000000 -1.751570 -2.983060
v -0.482810 -1.484712 -3.770980
v -0.482810 -1.751570 -2.983060
v -0.399580 0.267320 -2.983060
v 0.000000 0.040158 -3.273410
v 0.000000 0.252880 -2.653090
v 0.000000 0.040158 -3.273410
v -0.399580 0.267320 -2.983060
v -0.285210 0.047878 -3.328550
v -0.582420 0.169658 -3.770980
v -0.582420 -1.622720 -2.983060
v -0.582420 -1.322002 -3.770980
v -0.582420 -1.622720 -2.983060
v -0.582420 0.169658 -3.770980
v -0.582420 0.018120 -2.983060
v -0.482810 -1.751570 -2.983060
v 0.000000 -1.850830 -2.393770
v 0.000000 -1.751570 -2.983060
v 0.000000 -1.850830 -2.393770
v -0.482810 -1.751570 -2.983060
v -0.482810 -1.850830 -2.393770
v 0.000000 0.252880 -2.653090
v -0.399290 0.043350 -2.195030
v -0.399580 0.267320 -2.983060
v -0.399290 0.043350 -2.195030
v 0.000000 0.252880 -2.653090
v 0.000000 0.114690 -2.194970
v -0.582420 0.018120 -2.983060
v -0.582420 -1.778020 -2.396570
v -0.582420 -1.622720 -2.983060
v -0.582420 -1.778020 -2.396570
v -0.582420 0.018120 -2.983060
v -0.582420 -0.206670 -2.195040
v -0.482810 -1.882690 -1.993730
v 0.000000 -1.878040 -1.407230
v 0.000000 -1.882690 -1.993730
v 0.000000 -1.878040 -1.407230
v -0.482810 -1.882690 -1.993730
v -0.482810 -1.878040 -1.407230
v 0.000000 0.114690 -2.194970
v -0.399530 -0.176400 -1.407230
v -0.399290 0.043350 -2.195030
v -0.399530 -0.176400 -1.407230
v 0.000000 0.114690 -2.194970
v 0.000000 -0.104990 -1.407230
v -0.582420 -0.206670 -2.195040
v -0.582420 -1.713500 -1.407230
v -0.582420 -1.783260 -1.997980
v -0.582420 -1.713500 -1.407230
v -0.582420 -0.206670 -2.195040
v -0.582420 -0.425740 -1.407230
v -0.482810 -1.878040 -1.407230
v 0.000000 -1.757440 -0.619320
v 0.000000 -1.878040 -1.407230
v 0.000000 -1.757440 -0.619320
v -0.482810 -1.878040 -1.407230
v -0.400220 -1.685910 -0.619320
v 0.000000 -0.104990 -1.407230
v -0.400220 -0.345450 -0.619320
v -0.399530 -0.176400 -1.407230
v -0.400220 -0.345450 -0.619320
v 0.000000 -0.104990 -1.407230
v 0.000000 -0.273920 -0.619320
v -0.582420 -0.425740 -1.407230
v -0.582420 -1.438600 -0.619320
v -0.582420 -1.713500 -1.407230
v -0.582420 -1.438600 -0.619320
v -0.582420 -0.425740 -1.407230
v -0.582420 -0.503210 -0.619320
v -0.259211 -0.848412 -8.344960
v -0.141271 -0.940662 -8.344960
v -0.000002 -0.791582 -8.426190
v -0.482810 -1.751570 -2.983060
v -0.582420 -1.778020 -2.396570
v -0.482810 -1.850830 -2.393770
v -0.582420 -1.778020 -2.396570
v -0.482810 -1.751570 -2.983060
v -0.582420 -1.622720 -2.983060
v -0.482810 -1.484712 -3.770980
v -0.582420 -1.078932 -4.491520
v -0.582420 -1.322002 -3.770980
v -0.582420 -1.078932 -4.491520
v -0.482810 -1.484712 -3.770980
v -0.482810 -1.237952 -4.491520
v -0.482810 -1.237952 -4.491520
v -0.582420 -1.018812 -5.404570
v -0.582420 -1.078932 -4.491520
v -0.582420 -1.018812 -5.404570
v -0.482810 -1.237952 -4.491520
v -0.482810 -1.173792 -5.404570
v -0.482810 -1.173792 -5.404570
v -0.582420 -0.978952 -6.289500
v -0.582420 -1.018812 -5.404570
v -0.582420 -0.978952 -6.289500
v -0.482810 -1.173792 -5.404570
v -0.465110 -1.133262 -6.289500
v -0.465110 -1.133262 -6.289500
v -0.554229 -0.978822 -7.195970
v -0.582420 -0.978952 -6.289500
v -0.554229 -0.978822 -7.195970
v -0.465110 -1.133262 -6.289500
v -0.420179 -1.133262 -7.195970
v -0.420179 -1.133262 -7.195970
v -0.449301 -0.920302 -8.026340
v -0.554229 -0.978822 -7.195970
v -0.449301 -0.920302 -8.026340
v -0.420179 -1.133262 -7.195970
v -0.278321 -1.082592 -8.026340
v -0.278321 -1.082592 -8.026340
v -0.259211 -0.848412 -8.344960
v -0.449301 -0.920302 -8.026340
v -0.259211 -0.848412 -8.344960
v -0.278321 -1.082592 -8.026340
v -0.141271 -0.940662 -8.344960
v -0.582420 -1.322002 -3.770980
v -0.482810 -1.751570 -2.983060
v -0.482810 -1.484712 -3.770980
v -0.482810 -1.751570 -2.983060
v -0.582420 -1.322002 -3.770980
v -0.582420 -1.622720 -2.983060
v -0.482810 -1.850830 -2.393770
v -0.582420 -1.783260 -1.997980
v -0.482810 -1.882690 -1.993730
v -0.582420 -1.783260 -1.997980
v -0.482810 -1.850830 -2.393770
v -0.582420 -1.778020 -2.396570
v -0.482810 -1.882690 -1.993730
v 0.000000 -1.850830 -2.393770
v -0.482810 -1.850830 -2.393770
v 0.000000 -1.850830 -2.393770
v -0.482810 -1.882690 -1.993730
v 0.000000 -1.882690 -1.993730
v -0.582420 -0.206670 -2.195040
v -0.582420 -1.783260 -1.997980
v -0.582420 -1.778020 -2.396570
v -0.182697 -2.764030 2.659091
v -0.210957 -2.863147 3.079629
v -0.210957 -2.863147 2.695159
v -0.210957 -2.863147 3.079629
v -0.182697 -2.764030 2.659091
v -0.182697 -2.750421 3.079629
v -0.210957 -2.863147 2.695159
v -0.182697 -2.962270 3.079629
v -0.182697 -2.962270 2.731241
v -0.182697 -2.962270 3.079629
v -0.210957 -2.863147 2.695159
v -0.210957 -2.863147 3.079629
v -0.182697 -2.962270 2.731241
v -0.105477 -3.034831 3.079629
v -0.105477 -3.034831 2.757649
v -0.105477 -3.034831 3.079629
v -0.182697 -2.962270 2.731241
v -0.182697 -2.962270 3.079629
v -0.105477 -3.034831 2.757649
v 0.000003 -3.061388 3.079629
v 0.000003 -3.061388 2.767319
v 0.000003 -3.061388 3.079629
v -0.105477 -3.034831 2.757649
v -0.105477 -3.034831 3.079629
v -0.140147 -2.735919 3.397501
v 0.000003 -2.643338 3.917639
v -0.163437 -2.813641 3.392309
v -0.163437 -2.813641 3.392309
v 0.000003 -2.643338 3.917639
v -0.143567 -2.893970 3.384779
v -0.143567 -2.893970 3.384779
v 0.000003 -2.643338 3.917639
v -0.083797 -2.954370 3.378942
v -0.083797 -2.954370 3.378942
v 0.000003 -2.643338 3.917639
v 0.000003 -2.976737 3.376869
v -0.140147 -2.735919 3.397501
v -0.210957 -2.863147 3.079629
v -0.182697 -2.750421 3.079629
v -0.210957 -2.863147 3.079629
v -0.140147 -2.735919 3.397501
v -0.163437 -2.813641 3.392309
v -0.163437 -2.813641 3.392309
v -0.182697 -2.962270 3.079629
v -0.210957 -2.863147 3.079629
v -0.182697 -2.962270 3.079629
v -0.163437 -2.813641 3.392309
v -0.143567 -2.893970 3.384779
v -0.143567 -2.893970 3.384779
v -0.105477 -3.034831 3.079629
v -0.182697 -2.962270 3.079629
v -0.105477 -3.034831 3.079629
v -0.143567 -2.893970 3.384779
v -0.083797 -2.954370 3.378942
v -0.083797 -2.954370 3.378942
v 0.000003 -3.061388 3.079629
v -0.105477 -3.034831 3.079629
v 0.000003 -3.061388 3.079629
v -0.083797 -2.954370 3.378942
v 0.000003 -2.976737 3.376869
v -0.210957 -2.863147 2.695159
v 0.000003 -2.764030 2.659091
v -0.182697 -2.764030 2.659091
v 0.000003 -2.764030 2.659091
v -0.105477 -3.034831 2.757649
v 0.000003 -3.061388 2.767319
v -0.210957 -2.863147 2.695159
v -0.105477 -3.034831 2.757649
v 0.000003 -2.764030 2.659091
v -0.210957 -2.863147 2.695159
v -0.182697 -2.962270 2.731241
v -0.105477 -3.034831 2.757649
v -12.869038 -1.202434 4.469554
v -1.657920 -1.171020 1.637920
v -1.651150 -1.277390 0.684070
v -1.657920 -1.171020 1.637920
v -12.869038 -1.202434 4.469554
v -12.869038 -1.157644 4.719792
v -1.651150 -1.100080 1.641980
v -12.869038 -1.068004 4.469554
v -1.651150 -0.970740 0.997820
v -12.869038 -1.068004 4.469554
v -1.651150 -1.100080 1.641980
v -12.869038 -1.112794 4.719792
v -12.869038 -1.157644 4.719792
v -12.930938 -1.135214 4.452623
v -12.930938 -1.135214 4.792422
v -12.930938 -1.135214 4.452623
v -12.869038 -1.157644 4.719792
v -12.869038 -1.202434 4.469554
v -12.930938 -1.135214 4.273644
v -1.651150 -1.243320 -0.028600
v -1.651150 -1.135210 -0.100070
v -1.651150 -1.243320 -0.028600
v -12.930938 -1.135214 4.273644
v -12.869038 -1.186324 4.337742
v -0.192570 -1.171499 2.696830
v -1.152280 -1.135210 1.931720
v -0.192570 -1.135211 2.767930
v -1.152280 -1.135210 1.931720
v -0.192570 -1.171499 2.696830
v -1.148870 -1.171330 1.862040
v -12.869038 -1.112794 4.719792
v -1.651150 -1.135210 1.717480
v -12.930938 -1.135214 4.792422
v -1.651150 -1.135210 1.717480
v -12.869038 -1.112794 4.719792
v -1.651150 -1.100080 1.641980
v -0.192570 -1.135210 -1.293050
v -1.651150 -1.027110 -0.028600
v -1.651150 -1.135210 -0.100070
v -1.651150 -1.027110 -0.028600
v -0.192570 -1.135210 -1.293050
v -0.192570 -1.023540 -1.221570
v -12.869038 -1.084114 4.337742
v -12.930938 -1.135214 4.452623
v -12.930938 -1.135214 4.273644
v -12.930938 -1.135214 4.452623
v -12.869038 -1.084114 4.337742
v -12.869038 -1.068004 4.469554
v -1.651150 -1.243320 -0.028600
v -0.192570 -1.282080 0.679060
v -0.192570 -1.246880 -1.221570
v -0.192570 -1.282080 0.679060
v -1.651150 -1.243320 -0.028600
v -1.651150 -1.277390 0.684070
v -1.148870 -1.098500 1.862040
v -0.192570 -0.953150 0.995130
v -0.192570 -1.098920 2.696830
v -1.148870 -1.098500 1.862040
v -1.651150 -0.970740 0.997820
v -0.192570 -0.953150 0.995130
v -1.148870 -1.098500 1.862040
v -1.651150 -1.100080 1.641980
v -1.651150 -0.970740 0.997820
v -1.148870 -1.098500 1.862040
v -1.417810 -1.099000 1.781850
v -1.651150 -1.100080 1.641980
v -0.192570 -1.135210 -1.293050
v -1.651150 -1.243320 -0.028600
v -0.192570 -1.246880 -1.221570
v -1.651150 -1.243320 -0.028600
v -0.192570 -1.135210 -1.293050
v -1.651150 -1.135210 -0.100070
v -1.651150 -1.135210 1.717480
v -12.869038 -1.157644 4.719792
v -12.930938 -1.135214 4.792422
v -12.869038 -1.157644 4.719792
v -1.651150 -1.135210 1.717480
v -1.657920 -1.171020 1.637920
v -1.651150 -1.135210 1.717480
v -1.417810 -1.099000 1.781850
v -1.422780 -1.135210 1.851780
v -1.417810 -1.099000 1.781850
v -1.651150 -1.135210 1.717480
v -1.651150 -1.100080 1.641980
v -12.930938 -1.135214 4.273644
v -1.651150 -1.027110 -0.028600
v -12.869038 -1.084114 4.337742
v -1.651150 -1.027110 -0.028600
v -12.930938 -1.135214 4.273644
v -1.651150 -1.135210 -0.100070
v -1.651150 -1.135210 1.717480
v -1.418820 -1.171210 1.781250
v -1.657920 -1.171020 1.637920
v -1.418820 -1.171210 1.781250
v -1.651150 -1.135210 1.717480
v -1.422780 -1.135210 1.851780
v -1.152280 -1.135210 1.931720
v -0.192570 -1.098920 2.696830
v -0.192570 -1.135211 2.767930
v -0.192570 -1.098920 2.696830
v -1.152280 -1.135210 1.931720
v -1.148870 -1.098500 1.862040
v -12.869038 -1.186324 4.337742
v -1.651150 -1.277390 0.684070
v -1.651150 -1.243320 -0.028600
v -1.651150 -1.277390 0.684070
v -12.869038 -1.186324 4.337742
v -12.869038 -1.202434 4.469554
v -12.869038 -1.068004 4.469554
v -1.651150 -1.027110 -0.028600
v -1.651150 -0.981410 0.164540
v -1.651150 -1.027110 -0.028600
v -12.869038 -1.068004 4.469554
v -12.869038 -1.084114 4.337742
v -12.930938 -1.135214 4.452623
v -12.869038 -1.186324 4.337742
v -12.930938 -1.135214 4.273644
v -12.869038 -1.186324 4.337742
v -12.930938 -1.135214 4.452623
v -12.869038 -1.202434 4.469554
v -12.930938 -1.135214 4.452623
v -12.869038 -1.112794 4.719792
v -12.930938 -1.135214 4.792422
v -12.869038 -1.112794 4.719792
v -12.930938 -1.135214 4.452623
v -12.869038 -1.068004 4.469554
v -1.657920 -1.171020 1.637920
v -0.192570 -1.282080 0.679060
v -1.651150 -1.277390 0.684070
v -0.192570 -1.282080 0.679060
v -1.148870 -1.171330 1.862040
v -0.192570 -1.171499 2.696830
v -1.657920 -1.171020 1.637920
v -1.148870 -1.171330 1.862040
v -0.192570 -1.282080 0.679060
v -1.418820 -1.171210 1.781250
v -1.148870 -1.171330 1.862040
v -1.657920 -1.171020 1.637920
v -0.192570 -0.961310 0.156280
v -1.651150 -1.027110 -0.028600
v -0.192570 -1.023540 -1.221570
v -1.651150 -1.027110 -0.028600
v -0.192570 -0.961310 0.156280
v -1.651150 -0.981410 0.164540
v -0.582420 -1.783260 -1.997980
v -0.482810 -1.878040 -1.407230
v -0.482810 -1.882690 -1.993730
v -0.482810 -1.878040 -1.407230
v -0.582420 -1.783260 -1.997980
v -0.582420 -1.713500 -1.407230
v -0.582420 -1.713500 -1.407230
v -0.400220 -1.685910 -0.619320
v -0.482810 -1.878040 -1.407230
v -0.400220 -1.685910 -0.619320
v -0.582420 -1.713500 -1.407230
v -0.582420 -1.438600 -0.619320
v -1.651150 -0.970740 0.997820
v -12.869038 -1.068004 4.469554
v -1.651150 -0.981410 0.164540
v -0.192570 -0.953150 0.995130
v -1.651150 -0.981410 0.164540
v -0.192570 -0.961310 0.156280
v -1.651150 -0.981410 0.164540
v -0.192570 -0.953150 0.995130
v -1.651150 -0.970740 0.997820
v -1.152280 -1.135210 1.931720
v -1.418820 -1.171210 1.781250
v -1.422780 -1.135210 1.851780
v -1.418820 -1.171210 1.781250
v -1.152280 -1.135210 1.931720
v -1.148870 -1.171330 1.862040
v -1.422780 -1.135210 1.851780
v -1.148870 -1.098500 1.862040
v -1.152280 -1.135210 1.931720
v -1.148870 -1.098500 1.862040
v -1.422780 -1.135210 1.851780
v -1.417810 -1.099000 1.781850
v -0.272272 -0.439562 -8.026340
v -0.449302 -0.652682 -8.026340
v -0.272412 -0.750032 -8.344960
v -0.400190 -0.014612 -4.491520
v -0.582420 0.169658 -3.770980
v -0.582420 0.157708 -4.491520
v -0.582420 0.169658 -3.770980
v -0.400190 -0.014612 -4.491520
v -0.400150 -0.002532 -3.770980
v -0.285100 0.108418 -5.132530
v -0.582420 0.157708 -4.491520
v -0.399422 0.321338 -5.404570
v -0.582420 0.157708 -4.491520
v -0.285100 0.108418 -5.132530
v -0.400190 -0.014612 -4.491520
v -0.582420 0.071188 -5.404570
v -0.381742 0.143978 -6.289500
v -0.399422 0.321338 -5.404570
v -0.381742 0.143978 -6.289500
v -0.582420 0.071188 -5.404570
v -0.566672 -0.111952 -6.289500
v -0.566672 -0.111952 -6.289500
v -0.370622 -0.110742 -7.195970
v -0.381742 0.143978 -6.289500
v -0.370622 -0.110742 -7.195970
v -0.566672 -0.111952 -6.289500
v -0.554232 -0.362032 -7.195970
v -0.554232 -0.362032 -7.195970
v -0.272272 -0.439562 -8.026340
v -0.370622 -0.110742 -7.195970
v -0.272272 -0.439562 -8.026340
v -0.554232 -0.362032 -7.195970
v -0.449302 -0.652682 -8.026340
v -0.582420 0.018120 -2.983060
v -0.582420 0.169658 -3.770980
v -0.399580 0.267320 -2.983060
v -0.399580 0.267320 -2.983060
v -0.582420 -0.206670 -2.195040
v -0.582420 0.018120 -2.983060
v -0.582420 -0.206670 -2.195040
v -0.399580 0.267320 -2.983060
v -0.399290 0.043350 -2.195030
v -0.399290 0.043350 -2.195030
v -0.582420 -0.425740 -1.407230
v -0.582420 -0.206670 -2.195040
v -0.582420 -0.425740 -1.407230
v -0.399290 0.043350 -2.195030
v -0.399530 -0.176400 -1.407230
v -0.399530 -0.176400 -1.407230
v -0.582420 -0.503210 -0.619320
v -0.582420 -0.425740 -1.407230
v -0.582420 -0.503210 -0.619320
v -0.399530 -0.176400 -1.407230
v -0.400220 -0.345450 -0.619320
v -0.449301 -0.920302 -8.026340
v -0.272412 -0.750032 -8.344960
v -0.449302 -0.652682 -8.026340
v 0.243631 -1.445032 -6.474511
v 0.478350 -0.743872 -4.918150
v 0.394760 -0.743872 -6.474510
v 0.478350 -0.743872 -4.918150
v 0.243631 -1.445032 -6.474511
v 0.292730 -1.447532 -4.918149
v 0.000000 -0.932462 -7.262250
v 0.073940 -0.932462 -7.239210
v -0.000002 -0.743872 -7.273180
v 0.376180 -1.217302 -3.986590
v 0.260230 -1.478562 -3.983720
v 0.182050 -1.574000 -3.106950
v 0.205931 -1.356832 -6.781370
v 0.249830 -0.743872 -7.045650
v 0.149010 -1.138812 -7.045650
v 0.249830 -0.743872 -7.045650
v 0.205931 -1.356832 -6.781370
v 0.334920 -0.743872 -6.781370
v 0.205931 -1.356832 -6.781370
v 0.394760 -0.743872 -6.474510
v 0.334920 -0.743872 -6.781370
v 0.394760 -0.743872 -6.474510
v 0.205931 -1.356832 -6.781370
v 0.243631 -1.445032 -6.474511
v 0.376180 -1.217302 -3.986590
v 0.292730 -1.447532 -4.918149
v 0.260230 -1.478562 -3.983720
v 0.292730 -1.447532 -4.918149
v 0.376180 -1.217302 -3.986590
v 0.478350 -0.743872 -4.918150
v 0.073940 -0.932462 -7.239210
v 0.249830 -0.743872 -7.045650
v -0.000002 -0.743872 -7.273180
v 0.182050 -1.574000 -3.106950
v 0.260230 -1.478562 -3.983720
v 0.000000 -1.693830 -3.106950
v 0.073940 -0.932462 -7.239210
v 0.000001 -1.249972 -7.045650
v 0.149010 -1.138812 -7.045650
v 0.000001 -1.249972 -7.045650
v 0.073940 -0.932462 -7.239210
v 0.000000 -0.932462 -7.262250
v 0.243631 -1.445032 -6.474511
v 0.000000 -1.540932 -4.918149
v 0.292730 -1.447532 -4.918149
v 0.000000 -1.540932 -4.918149
v 0.243631 -1.445032 -6.474511
v 0.000001 -1.540932 -6.474511
v 0.000001 -1.463382 -6.781370
v 0.149010 -1.138812 -7.045650
v 0.000001 -1.249972 -7.045650
v 0.149010 -1.138812 -7.045650
v 0.000001 -1.463382 -6.781370
v 0.205931 -1.356832 -6.781370
v 0.205931 -1.356832 -6.781370
v 0.000001 -1.540932 -6.474511
v 0.243631 -1.445032 -6.474511
v 0.000001 -1.540932 -6.474511
v 0.205931 -1.356832 -6.781370
v 0.000001 -1.463382 -6.781370
v 0.292730 -1.447532 -4.918149
v 0.000000 -1.572112 -3.983810
v 0.260230 -1.478562 -3.983720
v 0.000000 -1.572112 -3.983810
v 0.292730 -1.447532 -4.918149
v 0.000000 -1.540932 -4.918149
v 0.260230 -1.478562 -3.983720
v 0.000000 -1.572112 -3.983810
v 0.000000 -1.693830 -3.106950
v 0.073940 -0.932462 -7.239210
v 0.149010 -1.138812 -7.045650
v 0.249830 -0.743872 -7.045650
v 0.482810 -1.237952 -4.491520
v 0.000000 -1.484712 -3.770980
v 0.482810 -1.484712 -3.770980
v 0.000000 -1.484712 -3.770980
v 0.482810 -1.237952 -4.491520
v 0.000000 -1.237952 -4.491520
v 0.000000 -0.095602 -4.491520
v 0.400150 -0.002532 -3.770980
v 0.000000 -0.083532 -3.770980
v 0.400150 -0.002532 -3.770980
v 0.000000 -0.095602 -4.491520
v 0.400190 -0.014612 -4.491520
v 0.582420 0.157708 -4.491520
v 0.582420 -1.322002 -3.770980
v 0.582420 0.169658 -3.770980
v 0.582420 -1.322002 -3.770980
v 0.582420 0.157708 -4.491520
v 0.582420 -1.078932 -4.491520
v 0.582420 -1.078932 -4.491520
v 0.582420 0.071188 -5.404570
v 0.582420 -1.018812 -5.404570
v 0.582420 0.071188 -5.404570
v 0.582420 -1.078932 -4.491520
v 0.582420 0.157708 -4.491520
v 0.000000 0.105318 -5.161900
v 0.399418 0.321338 -5.404570
v 0.285090 0.108418 -5.132530
v 0.399418 0.321338 -5.404570
v 0.000000 0.105318 -5.161900
v -0.000002 0.306878 -5.734540
v 0.000000 -1.237952 -4.491520
v 0.482810 -1.173792 -5.404570
v 0.000000 -1.173792 -5.404570
v 0.482810 -1.173792 -5.404570
v 0.000000 -1.237952 -4.491520
v 0.482810 -1.237952 -4.491520
v 0.582420 -1.018812 -5.404570
v 0.566668 -0.111952 -6.289500
v 0.582420 -0.978952 -6.289500
v 0.566668 -0.111952 -6.289500
v 0.582420 -1.018812 -5.404570
v 0.582420 0.071188 -5.404570
v 0.399418 0.321338 -5.404570
v -0.000002 0.214268 -6.289500
v 0.381738 0.143978 -6.289500
v -0.000002 0.214268 -6.289500
v 0.399418 0.321338 -5.404570
v -0.000002 0.306878 -5.734540
v 0.000000 -1.173792 -5.404570
v 0.465110 -1.133262 -6.289500
v 0.000000 -1.133262 -6.289500
v 0.465110 -1.133262 -6.289500
v 0.000000 -1.173792 -5.404570
v 0.482810 -1.173792 -5.404570
v 0.582420 -0.978952 -6.289500
v 0.554228 -0.362032 -7.195970
v 0.554229 -0.978822 -7.195970
v 0.554228 -0.362032 -7.195970
v 0.582420 -0.978952 -6.289500
v 0.566668 -0.111952 -6.289500
v 0.381738 0.143978 -6.289500
v -0.000002 -0.041132 -7.195970
v 0.370618 -0.110742 -7.195970
v -0.000002 -0.041132 -7.195970
v 0.381738 0.143978 -6.289500
v -0.000002 0.214268 -6.289500
v 0.000000 -1.133262 -6.289500
v 0.420180 -1.133262 -7.195970
v 0.000000 -1.133262 -7.195970
v 0.420180 -1.133262 -7.195970
v 0.000000 -1.133262 -6.289500
v 0.465110 -1.133262 -6.289500
v 0.449299 -0.920302 -8.026340
v 0.554228 -0.362032 -7.195970
v 0.449298 -0.652682 -8.026340
v 0.554228 -0.362032 -7.195970
v 0.449299 -0.920302 -8.026340
v 0.554229 -0.978822 -7.195970
v 0.370618 -0.110742 -7.195970
v -0.000002 -0.376482 -8.043280
v 0.272268 -0.439562 -8.026340
v -0.000002 -0.376482 -8.043280
v 0.370618 -0.110742 -7.195970
v -0.000002 -0.041132 -7.195970
v 0.000000 -1.133262 -7.195970
v 0.278319 -1.082592 -8.026340
v -0.000001 -1.082592 -8.026340
v 0.278319 -1.082592 -8.026340
v 0.000000 -1.133262 -7.195970
v 0.420180 -1.133262 -7.195970
v 0.449299 -0.920302 -8.026340
v 0.272408 -0.750032 -8.344960
v 0.259209 -0.848412 -8.344960
v 0.272268 -0.439562 -8.026340
v -0.000002 -0.599752 -8.344960
v 0.272408 -0.750032 -8.344960
v -0.000002 -0.599752 -8.344960
v 0.272268 -0.439562 -8.026340
v -0.000002 -0.376482 -8.043280
v -0.000001 -1.082592 -8.026340
v 0.141269 -0.940662 -8.344960
v -0.000001 -0.956962 -8.344960
v 0.141269 -0.940662 -8.344960
v -0.000001 -1.082592 -8.026340
v 0.278319 -1.082592 -8.026340
v -0.000002 -0.791582 -8.426190
v 0.259209 -0.848412 -8.344960
v 0.272408 -0.750032 -8.344960
v 0.272408 -0.750032 -8.344960
v -0.000002 -0.599752 -8.344960
v -0.000002 -0.791582 -8.426190
v -0.000001 -0.956962 -8.344960
v 0.141269 -0.940662 -8.344960
v -0.000002 -0.791582 -8.426190
v 0.482810 -1.484712 -3.770980
v 0.000000 -1.751570 -2.983060
v 0.482810 -1.751570 -2.983060
v 0.000000 -1.751570 -2.983060
v 0.482810 -1.484712 -3.770980
v 0.000000 -1.484712 -3.770980
v 0.399580 0.267320 -2.983060
v 0.000000 0.040158 -3.273410
v 0.285220 0.047878 -3.328550
v 0.000000 0.040158 -3.273410
v 0.399580 0.267320 -2.983060
v 0.000000 0.252880 -2.653090
v 0.582420 0.169658 -3.770980
v 0.582420 -1.622720 -2.983060
v 0.582420 0.018120 -2.983060
v 0.582420 -1.622720 -2.983060
v 0.582420 0.169658 -3.770980
v 0.582420 -1.322002 -3.770980
v 0.482810 -1.751570 -2.983060
v 0.000000 -1.850830 -2.393770
v 0.482810 -1.850830 -2.393770
v 0.000000 -1.850830 -2.393770
v 0.482810 -1.751570 -2.983060
v 0.000000 -1.751570 -2.983060
v 0.000000 0.252880 -2.653090
v 0.399290 0.043350 -2.195030
v 0.000000 0.114690 -2.194970
v 0.399290 0.043350 -2.195030
v 0.000000 0.252880 -2.653090
v 0.399580 0.267320 -2.983060
v 0.582420 0.018120 -2.983060
v 0.582420 -1.778020 -2.396570
v 0.582420 -0.206670 -2.195040
v 0.582420 -1.778020 -2.396570
v 0.582420 0.018120 -2.983060
v 0.582420 -1.622720 -2.983060
v 0.482810 -1.882690 -1.993730
v 0.000000 -1.878040 -1.407230
v 0.482810 -1.878040 -1.407230
v 0.000000 -1.878040 -1.407230
v 0.482810 -1.882690 -1.993730
v 0.000000 -1.882690 -1.993730
v 0.000000 0.114690 -2.194970
v 0.399530 -0.176400 -1.407230
v 0.000000 -0.104990 -1.407230
v 0.399530 -0.176400 -1.407230
v 0.000000 0.114690 -2.194970
v 0.399290 0.043350 -2.195030
v 0.582420 -0.206670 -2.195040
v 0.582420 -1.713500 -1.407230
v 0.582420 -0.425740 -1.407230
v 0.582420 -1.713500 -1.407230
v 0.582420 -0.206670 -2.195040
v 0.582420 -1.783260 -1.997980
v 0.482810 -1.878040 -1.407230
v 0.000000 -1.757440 -0.619320
v 0.400220 -1.685910 -0.619320
v 0.000000 -1.757440 -0.619320
v 0.482810 -1.878040 -1.407230
v 0.000000 -1.878040 -1.407230
v 0.000000 -0.104990 -1.407230
v 0.400220 -0.345450 -0.619320
v 0.000000 -0.273920 -0.619320
v 0.400220 -0.345450 -0.619320
v 0.000000 -0.104990 -1.407230
v 0.399530 -0.176400 -1.407230
v 0.582420 -0.425740 -1.407230
v 0.582420 -1.438600 -0.619320
v 0.582420 -0.503210 -0.619320
v 0.582420 -1.438600 -0.619320
v 0.582420 -0.425740 -1.407230
v 0.582420 -1.713500 -1.407230
v 0.259209 -0.848412 -8.344960
v -0.000002 -0.791582 -8.426190
v 0.141269 -0.940662 -8.344960
v 0.482810 -1.751570 -2.983060
v 0.582420 -1.778020 -2.396570
v 0.582420 -1.622720 -2.983060
v 0.582420 -1.778020 -2.396570
v 0.482810 -1.751570 -2.983060
v 0.482810 -1.850830 -2.393770
v 0.482810 -1.484712 -3.770980
v 0.582420 -1.078932 -4.491520
v 0.482810 -1.237952 -4.491520
v 0.582420 -1.078932 -4.491520
v 0.482810 -1.484712 -3.770980
v 0.582420 -1.322002 -3.770980
v 0.482810 -1.237952 -4.491520
v 0.582420 -1.018812 -5.404570
v 0.482810 -1.173792 -5.404570
v 0.582420 -1.018812 -5.404570
v 0.482810 -1.237952 -4.491520
v 0.582420 -1.078932 -4.491520
v 0.482810 -1.173792 -5.404570
v 0.582420 -0.978952 -6.289500
v 0.465110 -1.133262 -6.289500
v 0.582420 -0.978952 -6.289500
v 0.482810 -1.173792 -5.404570
v 0.582420 -1.018812 -5.404570
v 0.465110 -1.133262 -6.289500
v 0.554229 -0.978822 -7.195970
v 0.420180 -1.133262 -7.195970
v 0.554229 -0.978822 -7.195970
v 0.465110 -1.133262 -6.289500
v 0.582420 -0.978952 -6.289500
v 0.420180 -1.133262 -7.195970
v 0.449299 -0.920302 -8.026340
v 0.278319 -1.082592 -8.026340
v 0.449299 -0.920302 -8.026340
v 0.420180 -1.133262 -7.195970
v 0.554229 -0.978822 -7.195970
v 0.278319 -1.082592 -8.026340
v 0.259209 -0.848412 -8.344960
v 0.141269 -0.940662 -8.344960
v 0.259209 -0.848412 -8.344960
v 0.278319 -1.082592 -8.026340
v 0.449299 -0.920302 -8.026340
v 0.582420 -1.322002 -3.770980
v 0.482810 -1.751570 -2.983060
v 0.582420 -1.622720 -2.983060
v 0.482810 -1.751570 -2.983060
v 0.582420 -1.322002 -3.770980
v 0.482810 -1.484712 -3.770980
v 0.482810 -1.850830 -2.393770
v 0.582420 -1.783260 -1.997980
v 0.582420 -1.778020 -2.396570
v 0.582420 -1.783260 -1.997980
v 0.482810 -1.850830 -2.393770
v 0.482810 -1.882690 -1.993730
v 0.482810 -1.882690 -1.993730
v 0.000000 -1.850830 -2.393770
v 0.000000 -1.882690 -1.993730
v 0.000000 -1.850830 -2.393770
v 0.482810 -1.882690 -1.993730
v 0.482810 -1.850830 -2.393770
v 0.582420 -0.206670 -2.195040
v 0.582420 -1.778020 -2.396570
v 0.582420 -1.783260 -1.997980
v 0.182703 -2.764030 2.659091
v 0.210963 -2.863147 3.079629
v 0.182703 -2.750421 3.079629
v 0.210963 -2.863147 3.079629
v 0.182703 -2.764030 2.659091
v 0.210963 -2.863147 2.695159
v 0.210963 -2.863147 2.695159
v 0.182703 -2.962270 3.079629
v 0.210963 -2.863147 3.079629
v 0.182703 -2.962270 3.079629
v 0.210963 -2.863147 2.695159
v 0.182703 -2.962270 2.731241
v 0.182703 -2.962270 2.731241
v 0.105483 -3.034831 3.079629
v 0.182703 -2.962270 3.079629
v 0.105483 -3.034831 3.079629
v 0.182703 -2.962270 2.731241
v 0.105483 -3.034831 2.757649
v 0.105483 -3.034831 2.757649
v 0.000003 -3.061388 3.079629
v 0.105483 -3.034831 3.079629
v 0.000003 -3.061388 3.079629
v 0.105483 -3.034831 2.757649
v 0.000003 -3.061388 2.767319
v 0.140153 -2.735919 3.397501
v 0.163443 -2.813641 3.392309
v 0.000003 -2.643338 3.917639
v 0.163443 -2.813641 3.392309
v 0.143573 -2.893970 3.384779
v 0.000003 -2.643338 3.917639
v 0.143573 -2.893970 3.384779
v 0.083803 -2.954370 3.378942
v 0.000003 -2.643338 3.917639
v 0.083803 -2.954370 3.378942
v 0.000003 -2.976737 3.376869
v 0.000003 -2.643338 3.917639
v 0.140153 -2.735919 3.397501
v 0.210963 -2.863147 3.079629
v 0.163443 -2.813641 3.392309
v 0.210963 -2.863147 3.079629
v 0.140153 -2.735919 3.397501
v 0.182703 -2.750421 3.079629
v 0.163443 -2.813641 3.392309
v 0.182703 -2.962270 3.079629
v 0.143573 -2.893970 3.384779
v 0.182703 -2.962270 3.079629
v 0.163443 -2.813641 3.392309
v 0.210963 -2.863147 3.079629
v 0.143573 -2.893970 3.384779
v 0.105483 -3.034831 3.079629
v 0.083803 -2.954370 3.378942
v 0.105483 -3.034831 3.079629
v 0.143573 -2.893970 3.384779
v 0.182703 -2.962270 3.079629
v 0.083803 -2.954370 3.378942
v 0.000003 -3.061388 3.079629
v 0.000003 -2.976737 3.376869
v 0.000003 -3.061388 3.079629
v 0.083803 -2.954370 3.378942
v 0.105483 -3.034831 3.079629
v 0.210963 -2.863147 2.695159
v 0.105483 -3.034831 2.757649
v 0.182703 -2.962270 2.731241
v 0.105483 -3.034831 2.757649
v 0.000003 -2.764030 2.659091
v 0.000003 -3.061388 2.767319
v 0.210963 -2.863147 2.695159
v 0.000003 -2.764030 2.659091
v 0.105483 -3.034831 2.757649
v 0.210963 -2.863147 2.695159
v 0.182703 -2.764030 2.659091
v 0.000003 -2.764030 2.659091
v 12.869040 -1.202422 4.469549
v 1.657920 -1.171020 1.637920
v 12.869040 -1.157632 4.719789
v 1.657920 -1.171020 1.637920
v 12.869040 -1.202422 4.469549
v 1.651150 -1.277390 0.684070
v 1.651150 -1.100080 1.641980
v 12.869040 -1.067992 4.469549
v 12.869040 -1.112782 4.719789
v 12.869040 -1.067992 4.469549
v 1.651150 -1.100080 1.641980
v 1.651150 -0.970740 0.997820
v 12.869040 -1.157632 4.719789
v 12.930942 -1.135202 4.452619
v 12.869040 -1.202422 4.469549
v 12.930942 -1.135202 4.452619
v 12.869040 -1.157632 4.719789
v 12.930942 -1.135202 4.792418
v 12.930942 -1.135202 4.273638
v 1.651150 -1.243320 -0.028600
v 12.869040 -1.186312 4.337739
v 1.651150 -1.243320 -0.028600
v 12.930942 -1.135202 4.273638
v 1.651150 -1.135210 -0.100070
v 0.192570 -1.171499 2.696830
v 1.152280 -1.135210 1.931720
v 1.148870 -1.171330 1.862040
v 1.152280 -1.135210 1.931720
v 0.192570 -1.171499 2.696830
v 0.192570 -1.135211 2.767930
v 12.869040 -1.112782 4.719789
v 1.651150 -1.135210 1.717480
v 1.651150 -1.100080 1.641980
v 1.651150 -1.135210 1.717480
v 12.869040 -1.112782 4.719789
v 12.930942 -1.135202 4.792418
v 0.192570 -1.135210 -1.293050
v 1.651150 -1.027110 -0.028600
v 0.192570 -1.023540 -1.221570
v 1.651150 -1.027110 -0.028600
v 0.192570 -1.135210 -1.293050
v 1.651150 -1.135210 -0.100070
v 12.869040 -1.084102 4.337739
v 12.930942 -1.135202 4.452619
v 12.869040 -1.067992 4.469549
v 12.930942 -1.135202 4.452619
v 12.869040 -1.084102 4.337739
v 12.930942 -1.135202 4.273638
v 1.651150 -1.243320 -0.028600
v 0.192570 -1.282080 0.679060
v 1.651150 -1.277390 0.684070
v 0.192570 -1.282080 0.679060
v 1.651150 -1.243320 -0.028600
v 0.192570 -1.246880 -1.221570
v 1.148870 -1.098500 1.862040
v 1.651150 -1.100080 1.641980
v 1.417810 -1.099000 1.781850
v 1.148870 -1.098500 1.862040
v 1.651150 -0.970740 0.997820
v 1.651150 -1.100080 1.641980
v 1.148870 -1.098500 1.862040
v 0.192570 -0.953150 0.995130
v 1.651150 -0.970740 0.997820
v 1.148870 -1.098500 1.862040
v 0.192570 -1.098920 2.696830
v 0.192570 -0.953150 0.995130
v 0.192570 -1.135210 -1.293050
v 1.651150 -1.243320 -0.028600
v 1.651150 -1.135210 -0.100070
v 1.651150 -1.243320 -0.028600
v 0.192570 -1.135210 -1.293050
v 0.192570 -1.246880 -1.221570
v 1.651150 -1.135210 1.717480
v 12.869040 -1.157632 4.719789
v 1.657920 -1.171020 1.637920
v 12.869040 -1.157632 4.719789
v 1.651150 -1.135210 1.717480
v 12.930942 -1.135202 4.792418
v 1.651150 -1.135210 1.717480
v 1.417810 -1.099000 1.781850
v 1.651150 -1.100080 1.641980
v 1.417810 -1.099000 1.781850
v 1.651150 -1.135210 1.717480
v 1.422780 -1.135210 1.851780
v 12.930942 -1.135202 4.273638
v 1.651150 -1.027110 -0.028600
v 1.651150 -1.135210 -0.100070
v 1.651150 -1.027110 -0.028600
v 12.930942 -1.135202 4.273638
v 12.869040 -1.084102 4.337739
v 1.651150 -1.135210 1.717480
v 1.418820 -1.171210 1.781250
v 1.422780 -1.135210 1.851780
v 1.418820 -1.171210 1.781250
v 1.651150 -1.135210 1.717480
v 1.657920 -1.171020 1.637920
v 1.152280 -1.135210 1.931720
v 0.192570 -1.098920 2.696830
v 1.148870 -1.098500 1.862040
v 0.192570 -1.098920 2.696830
v 1.152280 -1.135210 1.931720
v 0.192570 -1.135211 2.767930
v 12.869040 -1.186312 4.337739
v 1.651150 -1.277390 0.684070
v 12.869040 -1.202422 4.469549
v 1.651150 -1.277390 0.684070
v 12.869040 -1.186312 4.337739
v 1.651150 -1.243320 -0.028600
v 12.869040 -1.067992 4.469549
v 1.651150 -1.027110 -0.028600
v 12.869040 -1.084102 4.337739
v 1.651150 -1.027110 -0.028600
v 12.869040 -1.067992 4.469549
v 1.651150 -0.981410 0.164540
v 12.930942 -1.135202 4.452619
v 12.869040 -1.186312 4.337739
v 12.869040 -1.202422 4.469549
v 12.869040 -1.186312 4.337739
v 12.930942 -1.135202 4.452619
v 12.930942 -1.135202 4.273638
v 12.930942 -1.135202 4.452619
v 12.869040 -1.112782 4.719789
v 12.869040 -1.067992 4.469549
v 12.869040 -1.112782 4.719789
v 12.930942 -1.135202 4.452619
v 12.930942 -1.135202 4.792418
v 1.148870 -1.171330 1.862040
v 0.192570 -1.282080 0.679060
v 0.192570 -1.171499 2.696830
v 1.418820 -1.171210 1.781250
v 0.192570 -1.282080 0.679060
v 1.148870 -1.171330 1.862040
v 1.418820 -1.171210 1.781250
v 1.651150 -1.277390 0.684070
v 0.192570 -1.282080 0.679060
v 1.418820 -1.171210 1.781250
v 1.657920 -1.171020 1.637920
v 1.651150 -1.277390 0.684070
v 0.192570 -0.961310 0.156280
v 1.651150 -1.027110 -0.028600
v 1.651150 -0.981410 0.164540
v 1.651150 -1.027110 -0.028600
v 0.192570 -0.961310 0.156280
v 0.192570 -1.023540 -1.221570
v 0.582420 -1.783260 -1.997980
v 0.482810 -1.878040 -1.407230
v 0.582420 -1.713500 -1.407230
v 0.482810 -1.878040 -1.407230
v 0.582420 -1.783260 -1.997980
v 0.482810 -1.882690 -1.993730
v 0.582420 -1.713500 -1.407230
v 0.400220 -1.685910 -0.619320
v 0.582420 -1.438600 -0.619320
v 0.400220 -1.685910 -0.619320
v 0.582420 -1.713500 -1.407230
v 0.482810 -1.878040 -1.407230
v 1.651150 -0.970740 0.997820
v 1.651150 -0.981410 0.164540
v 12.869040 -1.067992 4.469549
v 0.192570 -0.953150 0.995130
v 1.651150 -0.981410 0.164540
v 1.651150 -0.970740 0.997820
v 1.651150 -0.981410 0.164540
v 0.192570 -0.953150 0.995130
v 0.192570 -0.961310 0.156280
v 1.152280 -1.135210 1.931720
v 1.418820 -1.171210 1.781250
v 1.148870 -1.171330 1.862040
v 1.418820 -1.171210 1.781250
v 1.152280 -1.135210 1.931720
v 1.422780 -1.135210 1.851780
v 1.422780 -1.135210 1.851780
v 1.148870 -1.098500 1.862040
v 1.417810 -1.099000 1.781850
v 1.148870 -1.098500 1.862040
v 1.422780 -1.135210 1.851780
v 1.152280 -1.135210 1.931720
v 0.272268 -0.439562 -8.026340
v 0.272408 -0.750032 -8.344960
v 0.449298 -0.652682 -8.026340
v 0.400190 -0.014612 -4.491520
v 0.582420 0.169658 -3.770980
v 0.400150 -0.002532 -3.770980
v 0.582420 0.169658 -3.770980
v 0.400190 -0.014612 -4.491520
v 0.582420 0.157708 -4.491520
v 0.399418 0.321338 -5.404570
v 0.582420 0.071188 -5.404570
v 0.582420 0.157708 -4.491520
v 0.582420 0.071188 -5.404570
v 0.381738 0.143978 -6.289500
v 0.566668 -0.111952 -6.289500
v 0.381738 0.143978 -6.289500
v 0.582420 0.071188 -5.404570
v 0.399418 0.321338 -5.404570
v 0.566668 -0.111952 -6.289500
v 0.370618 -0.110742 -7.195970
v 0.554228 -0.362032 -7.195970
v 0.370618 -0.110742 -7.195970
v 0.566668 -0.111952 -6.289500
v 0.381738 0.143978 -6.289500
v 0.554228 -0.362032 -7.195970
v 0.272268 -0.439562 -8.026340
v 0.449298 -0.652682 -8.026340
v 0.272268 -0.439562 -8.026340
v 0.554228 -0.362032 -7.195970
v 0.370618 -0.110742 -7.195970
v 0.582420 0.018120 -2.983060
v 0.399580 0.267320 -2.983060
v 0.582420 0.169658 -3.770980
v 0.399580 0.267320 -2.983060
v 0.582420 -0.206670 -2.195040
v 0.399290 0.043350 -2.195030
v 0.582420 -0.206670 -2.195040
v 0.399580 0.267320 -2.983060
v 0.582420 0.018120 -2.983060
v 0.399290 0.043350 -2.195030
v 0.582420 -0.425740 -1.407230
v 0.399530 -0.176400 -1.407230
v 0.582420 -0.425740 -1.407230
v 0.399290 0.043350 -2.195030
v 0.582420 -0.206670 -2.195040
v 0.399530 -0.176400 -1.407230
v 0.582420 -0.503210 -0.619320
v 0.400220 -0.345450 -0.619320
v 0.582420 -0.503210 -0.619320
v 0.399530 -0.176400 -1.407230
v 0.582420 -0.425740 -1.407230
v 0.449299 -0.920302 -8.026340
v 0.449298 -0.652682 -8.026340
v 0.272408 -0.750032 -8.344960
v 0.023200 -0.613710 1.438410
v -0.023200 -0.386240 1.352800
v 0.023200 -0.386240 1.352800
v -0.023200 -0.386240 1.352800
v 0.023200 -0.613710 1.438410
v -0.023200 -0.613710 1.438410
v -0.000000 -0.346640 1.652700
v -0.000000 -0.376440 1.652700
v -0.014900 -0.361540 1.652700
v 0.014900 -0.361540 1.652700
v -0.000000 -0.376440 1.652700
v -0.000000 -0.346640 1.652700
v -0.023200 -0.613710 1.252800
v -0.023200 -0.386240 1.352800
v -0.023200 -0.613710 1.438410
v -0.023200 -0.386240 1.352800
v -0.023200 -0.613710 1.252800
v -0.023200 -0.386240 1.167190
v 0.023200 -0.386240 1.167190
v -0.023200 -0.613710 1.252800
v 0.023200 -0.613710 1.252800
v -0.023200 -0.613710 1.252800
v 0.023200 -0.386240 1.167190
v -0.023200 -0.386240 1.167190
v 0.023200 -0.613710 1.252800
v 0.023200 -0.386240 1.352800
v 0.023200 -0.386240 1.167190
v 0.023200 -0.386240 1.352800
v 0.023200 -0.613710 1.252800
v 0.023200 -0.613710 1.438410
v 0.023200 -0.386240 1.352800
v -0.023200 -0.386240 1.167190
v 0.023200 -0.386240 1.167190
v -0.023200 -0.386240 1.167190
v 0.023200 -0.386240 1.352800
v -0.023200 -0.386240 1.352800
v -0.014900 -0.361540 1.652700
v 0.000000 -0.392770 1.159660
v -0.031240 -0.361540 1.159650
v 0.000000 -0.392770 1.159660
v -0.014900 -0.361540 1.652700
v -0.000000 -0.376440 1.652700
v -0.000000 -0.346640 1.652700
v -0.031240 -0.361540 1.159650
v 0.000000 -0.330300 1.159650
v -0.031240 -0.361540 1.159650
v -0.000000 -0.346640 1.652700
v -0.014900 -0.361540 1.652700
v 0.014900 -0.361540 1.652700
v 0.000000 -0.330300 1.159650
v 0.031240 -0.361540 1.159650
v 0.000000 -0.330300 1.159650
v 0.014900 -0.361540 1.652700
v -0.000000 -0.346640 1.652700
v -0.000000 -0.376440 1.652700
v 0.031240 -0.361540 1.159650
v 0.000000 -0.392770 1.159660
v 0.031240 -0.361540 1.159650
v -0.000000 -0.376440 1.652700
v 0.014900 -0.361540 1.652700
v -0.031240 -0.361540 1.159650
v 0.031240 -0.361540 1.159650
v 0.000000 -0.330300 1.159650
v 0.031240 -0.361540 1.159650
v -0.031240 -0.361540 1.159650
v 0.000000 -0.392770 1.159660
v 0.400220 -0.345450 -0.619320
v 0.000000 -0.432330 0.168600
v 0.000000 -0.273920 -0.619320
v 0.000000 -0.432330 0.168600
v 0.400220 -0.345450 -0.619320
v 0.419450 -0.432330 0.168600
v 0.582420 -1.438600 -0.619320
v 0.582420 -0.525190 0.168600
v 0.582420 -0.503210 -0.619320
v 0.582420 -0.525190 0.168600
v 0.582420 -1.438600 -0.619320
v 0.582420 -1.408220 0.168600
v 0.419450 -0.432330 0.168600
v 0.000000 -0.518390 0.956510
v 0.000000 -0.432330 0.168600
v 0.000000 -0.518390 0.956510
v 0.419450 -0.432330 0.168600
v 0.445790 -0.518390 0.956510
v 0.582420 -1.408220 0.168600
v 0.582420 -0.558580 0.956510
v 0.582420 -0.525190 0.168600
v 0.582420 -0.558580 0.956510
v 0.582420 -1.408220 0.168600
v 0.582420 -1.408220 0.956510
v 0.445790 -0.518390 0.956510
v 0.000000 -0.584660 1.741220
v 0.000000 -0.518390 0.956510
v 0.000000 -0.584660 1.741220
v 0.445790 -0.518390 0.956510
v 0.463160 -0.584620 1.740760
v 0.582420 -1.408220 0.956510
v 0.582420 -0.624730 1.740640
v 0.582420 -0.558580 0.956510
v 0.582420 -0.624730 1.740640
v 0.582420 -1.408220 0.956510
v 0.582420 -1.408220 1.740110
v -0.000000 -0.626780 2.367680
v 0.482810 -0.687038 3.570880
v -0.000000 -0.687038 3.570800
v 0.482810 -0.687038 3.570880
v -0.000000 -0.626780 2.367680
v 0.482810 -0.626790 2.367840
v 0.582420 -1.462230 2.368070
v 0.582420 -0.727088 3.570900
v 0.582420 -0.666870 2.367890
v 0.582420 -0.727088 3.570900
v 0.582420 -1.462230 2.368070
v 0.582402 -1.462228 3.570990
v 0.582420 -1.462230 2.368070
v 0.581783 -2.352190 3.571002
v 0.582402 -1.462228 3.570990
v 0.581783 -2.352190 3.571002
v 0.582420 -1.462230 2.368070
v 0.581782 -2.379380 2.368069
v 0.000002 -0.843838 5.316760
v 0.433402 -1.068398 6.025320
v 0.000002 -1.068398 6.025320
v 0.433402 -1.068398 6.025320
v 0.000002 -0.843838 5.316760
v 0.453712 -0.843838 5.316760
v 0.565232 -1.359668 5.316761
v 0.414892 -1.484658 6.025331
v 0.533082 -1.350398 6.025321
v 0.414892 -1.484658 6.025331
v 0.565232 -1.359668 5.316761
v 0.492352 -1.515508 5.316761
v 0.556712 -0.885088 5.316760
v 0.533082 -1.350398 6.025321
v 0.533082 -1.111808 6.025320
v 0.533082 -1.350398 6.025321
v 0.556712 -0.885088 5.316760
v 0.565232 -1.359668 5.316761
v 0.000002 -1.068398 6.025320
v 0.394433 -1.412328 6.655069
v 0.000003 -1.417678 6.663050
v 0.394433 -1.412328 6.655069
v 0.000002 -1.068398 6.025320
v 0.433402 -1.068398 6.025320
v 0.533082 -1.111808 6.025320
v 0.471103 -1.446718 6.576601
v 0.471103 -1.386638 6.602819
v 0.471103 -1.446718 6.576601
v 0.533082 -1.111808 6.025320
v 0.533082 -1.350398 6.025321
v 0.503283 -2.530708 4.773921
v 0.581783 -2.352190 3.571002
v 0.503283 -2.585330 3.571002
v 0.581783 -2.352190 3.571002
v 0.503283 -2.530708 4.773921
v 0.581783 -2.297568 4.773921
v 0.290573 -2.701368 4.773921
v 0.503283 -2.585330 3.571002
v 0.290573 -2.755991 3.571002
v 0.503283 -2.585330 3.571002
v 0.290573 -2.701368 4.773921
v 0.503283 -2.530708 4.773921
v 0.000003 -2.763838 4.773921
v 0.290573 -2.755991 3.571002
v 0.000003 -2.818460 3.571002
v 0.290573 -2.755991 3.571002
v 0.000003 -2.763838 4.773921
v 0.290573 -2.701368 4.773921
v 0.000003 -2.693378 5.316761
v 0.194083 -2.367278 6.040579
v 0.279093 -2.630788 5.316761
v 0.194083 -2.367278 6.040579
v 0.000003 -2.693378 5.316761
v 0.000003 -2.402238 6.028193
v 0.279093 -2.630788 5.316761
v 0.309073 -2.236758 6.078259
v 0.464053 -2.459778 5.316761
v 0.309073 -2.236758 6.078259
v 0.279093 -2.630788 5.316761
v 0.194083 -2.367278 6.040579
v 0.464053 -2.459778 5.316761
v 0.356893 -2.076898 6.142570
v 0.539383 -2.226178 5.316761
v 0.356893 -2.076898 6.142570
v 0.464053 -2.459778 5.316761
v 0.309073 -2.236758 6.078259
v 0.539383 -2.226178 5.316761
v 0.356893 -2.076898 6.142570
v 0.414893 -1.886568 6.025331
v 0.277803 -1.812248 6.309279
v 0.414893 -1.886568 6.025331
v 0.358623 -1.920338 6.231009
v 0.482810 -0.626790 2.367840
v 0.000000 -0.584660 1.741220
v 0.463160 -0.584620 1.740760
v 0.000000 -0.584660 1.741220
v 0.482810 -0.626790 2.367840
v -0.000000 -0.626780 2.367680
v 0.582420 -1.462230 2.368070
v 0.582420 -0.624730 1.740640
v 0.582420 -1.408220 1.740110
v 0.582420 -0.624730 1.740640
v 0.582420 -1.462230 2.368070
v 0.582420 -0.666870 2.367890
v 0.486443 -2.135928 5.316761
v 0.581783 -2.297568 4.773921
v 0.539383 -2.226178 5.316761
v 0.453712 -0.843838 5.316760
v 0.000002 -0.766898 4.773920
v 0.482762 -0.766888 4.773920
v 0.000002 -0.766898 4.773920
v 0.453712 -0.843838 5.316760
v 0.000002 -0.843838 5.316760
v 0.565232 -1.359668 5.316761
v 0.582422 -0.807228 4.773920
v 0.582422 -1.381848 4.773921
v 0.582422 -0.807228 4.773920
v 0.565232 -1.359668 5.316761
v 0.556712 -0.885088 5.316760
v 0.492352 -1.515508 5.316761
v 0.582422 -1.381848 4.773921
v 0.548842 -1.505318 4.773921
v 0.582422 -1.381848 4.773921
v 0.492352 -1.515508 5.316761
v 0.565232 -1.359668 5.316761
v 0.464053 -2.459778 5.316761
v 0.581783 -2.297568 4.773921
v 0.503283 -2.530708 4.773921
v 0.581783 -2.297568 4.773921
v 0.464053 -2.459778 5.316761
v 0.539383 -2.226178 5.316761
v 0.279093 -2.630788 5.316761
v 0.503283 -2.530708 4.773921
v 0.290573 -2.701368 4.773921
v 0.503283 -2.530708 4.773921
v 0.279093 -2.630788 5.316761
v 0.464053 -2.459778 5.316761
v 0.000003 -2.693378 5.316761
v 0.290573 -2.701368 4.773921
v 0.000003 -2.763838 4.773921
v 0.290573 -2.701368 4.773921
v 0.000003 -2.693378 5.316761
v 0.279093 -2.630788 5.316761
v 0.471103 -1.446718 6.576601
v 0.414892 -1.484658 6.025331
v 0.394433 -1.465908 6.633171
v 0.414893 -1.886568 6.025331
v 0.356893 -2.076898 6.142570
v 0.358623 -1.920338 6.231009
v 0.471103 -1.446718 6.576601
v 0.533082 -1.350398 6.025321
v 0.414892 -1.484658 6.025331
v 0.414893 -1.886568 6.025331
v 0.492352 -1.515508 5.316761
v 0.486443 -2.135928 5.316761
v 0.492352 -1.515508 5.316761
v 0.414893 -1.886568 6.025331
v 0.414892 -1.484658 6.025331
v 0.486443 -2.135928 5.316761
v 0.548842 -1.505318 4.773921
v 0.581783 -2.297568 4.773921
v 0.548842 -1.505318 4.773921
v 0.486443 -2.135928 5.316761
v 0.492352 -1.515508 5.316761
v 0.539383 -2.226178 5.316761
v 0.414893 -1.886568 6.025331
v 0.486443 -2.135928 5.316761
v 0.414893 -1.886568 6.025331
v 0.304823 -1.484658 6.025331
v 0.414892 -1.484658 6.025331
v 0.304823 -1.484658 6.025331
v 0.414893 -1.886568 6.025331
v 0.304823 -1.860638 6.025331
v 0.155193 -1.812958 6.131599
v 0.414893 -1.886568 6.025331
v 0.277803 -1.812248 6.309279
v 0.414893 -1.886568 6.025331
v 0.155193 -1.812958 6.131599
v 0.304823 -1.860638 6.025331
v 0.304823 -1.484658 6.025331
v 0.155193 -1.812958 6.131599
v 0.155193 -1.479668 6.131599
v 0.155193 -1.812958 6.131599
v 0.304823 -1.484658 6.025331
v 0.304823 -1.860638 6.025331
v 0.155193 -1.479668 6.131599
v 0.000003 -1.784098 6.453403
v 0.000003 -1.473078 6.452099
v 0.000003 -1.784098 6.453403
v 0.155193 -1.479668 6.131599
v 0.155193 -1.812958 6.131599
v 0.155193 -1.812958 6.131599
v 0.277803 -1.812248 6.309279
v 0.139383 -1.798218 6.346889
v 0.000002 -0.766898 4.773920
v 0.482810 -0.687038 3.570880
v 0.482762 -0.766888 4.773920
v 0.482810 -0.687038 3.570880
v 0.000002 -0.766898 4.773920
v -0.000000 -0.687038 3.570800
v 0.582422 -0.807228 4.773920
v 0.582402 -1.462228 3.570990
v 0.582422 -1.381848 4.773921
v 0.582402 -1.462228 3.570990
v 0.582422 -0.807228 4.773920
v 0.582420 -0.727088 3.570900
v 0.582402 -1.462228 3.570990
v 0.581783 -2.297568 4.773921
v 0.548842 -1.505318 4.773921
v 0.581783 -2.297568 4.773921
v 0.582402 -1.462228 3.570990
v 0.581783 -2.352190 3.571002
v 0.503283 -2.585330 3.571002
v 0.581782 -2.379380 2.368069
v 0.503283 -2.612509 2.368069
v 0.581782 -2.379380 2.368069
v 0.503283 -2.585330 3.571002
v 0.581783 -2.352190 3.571002
v 0.290573 -2.755991 3.571002
v 0.503283 -2.612509 2.368069
v 0.290573 -2.783170 2.368069
v 0.503283 -2.612509 2.368069
v 0.290573 -2.755991 3.571002
v 0.503283 -2.585330 3.571002
v 0.000003 -2.845639 2.368069
v 0.290573 -2.755991 3.571002
v 0.290573 -2.783170 2.368069
v 0.290573 -2.755991 3.571002
v 0.000003 -2.845639 2.368069
v 0.000003 -2.818460 3.571002
v 0.582402 -1.462228 3.570990
v 0.548842 -1.505318 4.773921
v 0.582422 -1.381848 4.773921
v 0.000003 -2.369928 4.953803
v 0.139383 -1.798218 6.346889
v 0.277803 -1.812248 6.309279
v 0.139383 -1.798218 6.346889
v 0.000003 -2.369928 4.953803
v 0.000003 -1.784098 6.453403
v 0.000003 -2.402238 6.028193
v 0.000003 -2.369928 4.953803
v 0.194083 -2.367278 6.040579
v 0.194083 -2.367278 6.040579
v 0.000003 -2.369928 4.953803
v 0.309073 -2.236758 6.078259
v 0.309073 -2.236758 6.078259
v 0.000003 -2.369928 4.953803
v 0.356893 -2.076898 6.142570
v 0.356893 -2.076898 6.142570
v 0.000003 -2.369928 4.953803
v 0.358623 -1.920338 6.231009
v 0.358623 -1.920338 6.231009
v 0.000003 -2.369928 4.953803
v 0.277803 -1.812248 6.309279
v 0.582420 -0.503210 -0.619320
v 0.419450 -0.432330 0.168600
v 0.400220 -0.345450 -0.619320
v 0.419450 -0.432330 0.168600
v 0.582420 -0.503210 -0.619320
v 0.582420 -0.525190 0.168600
v 0.582420 -0.525190 0.168600
v 0.445790 -0.518390 0.956510
v 0.419450 -0.432330 0.168600
v 0.445790 -0.518390 0.956510
v 0.582420 -0.525190 0.168600
v 0.582420 -0.558580 0.956510
v 0.582420 -0.558580 0.956510
v 0.463160 -0.584620 1.740760
v 0.445790 -0.518390 0.956510
v 0.463160 -0.584620 1.740760
v 0.582420 -0.558580 0.956510
v 0.582420 -0.624730 1.740640
v 0.582420 -0.666870 2.367890
v 0.482810 -0.687038 3.570880
v 0.482810 -0.626790 2.367840
v 0.482810 -0.687038 3.570880
v 0.582420 -0.666870 2.367890
v 0.582420 -0.727088 3.570900
v 0.556712 -0.885088 5.316760
v 0.433402 -1.068398 6.025320
v 0.453712 -0.843838 5.316760
v 0.433402 -1.068398 6.025320
v 0.556712 -0.885088 5.316760
v 0.533082 -1.111808 6.025320
v 0.533082 -1.111808 6.025320
v 0.394433 -1.412328 6.655069
v 0.433402 -1.068398 6.025320
v 0.394433 -1.412328 6.655069
v 0.533082 -1.111808 6.025320
v 0.471103 -1.386638 6.602819
v 0.482810 -0.626790 2.367840
v 0.582420 -0.624730 1.740640
v 0.582420 -0.666870 2.367890
v 0.582420 -0.624730 1.740640
v 0.482810 -0.626790 2.367840
v 0.463160 -0.584620 1.740760
v 0.582422 -0.807228 4.773920
v 0.453712 -0.843838 5.316760
v 0.482762 -0.766888 4.773920
v 0.453712 -0.843838 5.316760
v 0.582422 -0.807228 4.773920
v 0.556712 -0.885088 5.316760
v 0.582420 -0.727088 3.570900
v 0.482762 -0.766888 4.773920
v 0.482810 -0.687038 3.570880
v 0.482762 -0.766888 4.773920
v 0.582420 -0.727088 3.570900
v 0.582422 -0.807228 4.773920
v 0.000003 -1.473078 6.452099
v 0.304823 -1.484658 6.025331
v 0.155193 -1.479668 6.131599
v 0.304823 -1.484658 6.025331
v 0.394433 -1.465908 6.633171
v 0.414892 -1.484658 6.025331
v 0.000003 -1.473078 6.452099
v 0.394433 -1.465908 6.633171
v 0.304823 -1.484658 6.025331
v 0.000003 -1.473078 6.452099
v 0.000003 -1.466008 6.649590
v 0.394433 -1.465908 6.633171
v 0.000003 -1.417678 6.663050
v 0.394433 -1.465908 6.633171
v 0.000003 -1.466008 6.649590
v 0.394433 -1.465908 6.633171
v 0.000003 -1.417678 6.663050
v 0.394433 -1.412328 6.655069
v 0.471103 -1.446718 6.576601
v 0.394433 -1.412328 6.655069
v 0.471103 -1.386638 6.602819
v 0.394433 -1.412328 6.655069
v 0.471103 -1.446718 6.576601
v 0.394433 -1.465908 6.633171
v 0.155193 -1.812958 6.131599
v 0.139383 -1.798218 6.346889
v 0.000003 -1.784098 6.453403
v -0.400220 -0.345450 -0.619320
v 0.000000 -0.432330 0.168600
v -0.419450 -0.432330 0.168600
v 0.000000 -0.432330 0.168600
v -0.400220 -0.345450 -0.619320
v 0.000000 -0.273920 -0.619320
v -0.582420 -1.438600 -0.619320
v -0.582420 -0.525190 0.168600
v -0.582420 -1.408220 0.168600
v -0.582420 -0.525190 0.168600
v -0.582420 -1.438600 -0.619320
v -0.582420 -0.503210 -0.619320
v -0.419450 -0.432330 0.168600
v 0.000000 -0.518390 0.956510
v -0.445790 -0.518390 0.956510
v 0.000000 -0.518390 0.956510
v -0.419450 -0.432330 0.168600
v 0.000000 -0.432330 0.168600
v -0.582420 -1.408220 0.168600
v -0.582420 -0.558580 0.956510
v -0.582420 -1.408220 0.956510
v -0.582420 -0.558580 0.956510
v -0.582420 -1.408220 0.168600
v -0.582420 -0.525190 0.168600
v -0.445790 -0.518390 0.956510
v 0.000000 -0.584660 1.741220
v -0.463160 -0.584620 1.740760
v 0.000000 -0.584660 1.741220
v -0.445790 -0.518390 0.956510
v 0.000000 -0.518390 0.956510
v -0.582420 -1.408220 0.956510
v -0.582420 -0.624730 1.740640
v -0.582420 -1.408220 1.740110
v -0.582420 -0.624730 1.740640
v -0.582420 -1.408220 0.956510
v -0.582420 -0.558580 0.956510
v -0.000000 -0.626780 2.367680
v -0.482810 -0.687038 3.570880
v -0.482810 -0.626790 2.367840
v -0.482810 -0.687038 3.570880
v -0.000000 -0.626780 2.367680
v -0.000000 -0.687038 3.570800
v -0.582420 -1.462230 2.368070
v -0.582420 -0.727088 3.570900
v -0.582398 -1.462228 3.570990
v -0.582420 -0.727088 3.570900
v -0.582420 -1.462230 2.368070
v -0.582420 -0.666870 2.367890
v -0.582420 -1.462230 2.368070
v -0.581777 -2.352190 3.571002
v -0.581778 -2.379380 2.368069
v -0.581777 -2.352190 3.571002
v -0.582420 -1.462230 2.368070
v -0.582398 -1.462228 3.570990
v 0.000002 -0.843838 5.316760
v -0.433398 -1.068398 6.025320
v -0.453708 -0.843838 5.316760
v -0.433398 -1.068398 6.025320
v 0.000002 -0.843838 5.316760
v 0.000002 -1.068398 6.025320
v -0.565228 -1.359668 5.316761
v -0.414887 -1.484658 6.025331
v -0.492348 -1.515508 5.316761
v -0.414887 -1.484658 6.025331
v -0.565228 -1.359668 5.316761
v -0.533078 -1.350398 6.025321
v -0.556708 -0.885088 5.316760
v -0.533078 -1.350398 6.025321
v -0.565228 -1.359668 5.316761
v -0.533078 -1.350398 6.025321
v -0.556708 -0.885088 5.316760
v -0.533078 -1.111808 6.025320
v 0.000002 -1.068398 6.025320
v -0.394428 -1.412328 6.655070
v -0.433398 -1.068398 6.025320
v -0.394428 -1.412328 6.655070
v 0.000002 -1.068398 6.025320
v 0.000003 -1.417678 6.663050
v -0.533078 -1.111808 6.025320
v -0.471097 -1.446718 6.576602
v -0.533078 -1.350398 6.025321
v -0.471097 -1.446718 6.576602
v -0.533078 -1.111808 6.025320
v -0.471097 -1.386638 6.602820
v -0.503277 -2.530708 4.773921
v -0.581777 -2.352190 3.571002
v -0.581777 -2.297568 4.773921
v -0.581777 -2.352190 3.571002
v -0.503277 -2.530708 4.773921
v -0.503277 -2.585330 3.571002
v -0.290567 -2.701368 4.773921
v -0.503277 -2.585330 3.571002
v -0.503277 -2.530708 4.773921
v -0.503277 -2.585330 3.571002
v -0.290567 -2.701368 4.773921
v -0.290567 -2.755991 3.571002
v 0.000003 -2.763838 4.773921
v -0.290567 -2.755991 3.571002
v -0.290567 -2.701368 4.773921
v -0.290567 -2.755991 3.571002
v 0.000003 -2.763838 4.773921
v 0.000003 -2.818460 3.571002
v 0.000003 -2.693378 5.316761
v -0.194077 -2.367278 6.040579
v 0.000003 -2.402238 6.028193
v -0.194077 -2.367278 6.040579
v 0.000003 -2.693378 5.316761
v -0.279087 -2.630788 5.316761
v -0.279087 -2.630788 5.316761
v -0.309067 -2.236758 6.078259
v -0.194077 -2.367278 6.040579
v -0.309067 -2.236758 6.078259
v -0.279087 -2.630788 5.316761
v -0.464047 -2.459778 5.316761
v -0.464047 -2.459778 5.316761
v -0.356887 -2.076898 6.142570
v -0.309067 -2.236758 6.078259
v -0.356887 -2.076898 6.142570
v -0.464047 -2.459778 5.316761
v -0.539377 -2.226178 5.316761
v -0.539377 -2.226178 5.316761
v -0.414887 -1.886568 6.025331
v -0.356887 -2.076898 6.142570
v -0.277797 -1.812248 6.309279
v -0.358617 -1.920338 6.231009
v -0.414887 -1.886568 6.025331
v -0.482810 -0.626790 2.367840
v 0.000000 -0.584660 1.741220
v -0.000000 -0.626780 2.367680
v 0.000000 -0.584660 1.741220
v -0.482810 -0.626790 2.367840
v -0.463160 -0.584620 1.740760
v -0.582420 -1.462230 2.368070
v -0.582420 -0.624730 1.740640
v -0.582420 -0.666870 2.367890
v -0.582420 -0.624730 1.740640
v -0.582420 -1.462230 2.368070
v -0.582420 -1.408220 1.740110
v -0.486437 -2.135928 5.316761
v -0.539377 -2.226178 5.316761
v -0.581777 -2.297568 4.773921
v -0.453708 -0.843838 5.316760
v 0.000002 -0.766898 4.773920
v 0.000002 -0.843838 5.316760
v 0.000002 -0.766898 4.773920
v -0.453708 -0.843838 5.316760
v -0.482758 -0.766888 4.773920
v -0.565228 -1.359668 5.316761
v -0.582418 -0.807228 4.773920
v -0.556708 -0.885088 5.316760
v -0.582418 -0.807228 4.773920
v -0.565228 -1.359668 5.316761
v -0.582418 -1.381848 4.773921
v -0.492348 -1.515508 5.316761
v -0.582418 -1.381848 4.773921
v -0.565228 -1.359668 5.316761
v -0.582418 -1.381848 4.773921
v -0.492348 -1.515508 5.316761
v -0.548838 -1.505318 4.773921
v -0.464047 -2.459778 5.316761
v -0.581777 -2.297568 4.773921
v -0.539377 -2.226178 5.316761
v -0.581777 -2.297568 4.773921
v -0.464047 -2.459778 5.316761
v -0.503277 -2.530708 4.773921
v -0.279087 -2.630788 5.316761
v -0.503277 -2.530708 4.773921
v -0.464047 -2.459778 5.316761
v -0.503277 -2.530708 4.773921
v -0.279087 -2.630788 5.316761
v -0.290567 -2.701368 4.773921
v 0.000003 -2.693378 5.316761
v -0.290567 -2.701368 4.773921
v -0.279087 -2.630788 5.316761
v -0.290567 -2.701368 4.773921
v 0.000003 -2.693378 5.316761
v 0.000003 -2.763838 4.773921
v -0.471097 -1.446718 6.576602
v -0.394427 -1.465908 6.633172
v -0.414887 -1.484658 6.025331
v -0.414887 -1.886568 6.025331
v -0.358617 -1.920338 6.231009
v -0.356887 -2.076898 6.142570
v -0.471097 -1.446718 6.576602
v -0.414887 -1.484658 6.025331
v -0.533078 -1.350398 6.025321
v -0.414887 -1.886568 6.025331
v -0.492348 -1.515508 5.316761
v -0.414887 -1.484658 6.025331
v -0.492348 -1.515508 5.316761
v -0.414887 -1.886568 6.025331
v -0.486437 -2.135928 5.316761
v -0.486437 -2.135928 5.316761
v -0.548838 -1.505318 4.773921
v -0.492348 -1.515508 5.316761
v -0.548838 -1.505318 4.773921
v -0.486437 -2.135928 5.316761
v -0.581777 -2.297568 4.773921
v -0.539377 -2.226178 5.316761
v -0.486437 -2.135928 5.316761
v -0.414887 -1.886568 6.025331
v -0.414887 -1.886568 6.025331
v -0.304817 -1.484658 6.025331
v -0.304827 -1.860638 6.025331
v -0.304817 -1.484658 6.025331
v -0.414887 -1.886568 6.025331
v -0.414887 -1.484658 6.025331
v -0.155187 -1.812958 6.131599
v -0.414887 -1.886568 6.025331
v -0.304827 -1.860638 6.025331
v -0.414887 -1.886568 6.025331
v -0.155187 -1.812958 6.131599
v -0.277797 -1.812248 6.309279
v -0.304817 -1.484658 6.025331
v -0.155187 -1.812958 6.131599
v -0.304827 -1.860638 6.025331
v -0.155187 -1.812958 6.131599
v -0.304817 -1.484658 6.025331
v -0.155187 -1.479668 6.131600
v -0.155187 -1.479668 6.131600
v 0.000003 -1.784098 6.453403
v -0.155187 -1.812958 6.131599
v 0.000003 -1.784098 6.453403
v -0.155187 -1.479668 6.131600
v 0.000003 -1.473078 6.452099
v -0.155187 -1.812958 6.131599
v -0.139377 -1.798218 6.346889
v -0.277797 -1.812248 6.309279
v 0.000002 -0.766898 4.773920
v -0.482810 -0.687038 3.570880
v -0.000000 -0.687038 3.570800
v -0.482810 -0.687038 3.570880
v 0.000002 -0.766898 4.773920
v -0.482758 -0.766888 4.773920
v -0.582418 -0.807228 4.773920
v -0.582398 -1.462228 3.570990
v -0.582420 -0.727088 3.570900
v -0.582398 -1.462228 3.570990
v -0.582418 -0.807228 4.773920
v -0.582418 -1.381848 4.773921
v -0.582398 -1.462228 3.570990
v -0.581777 -2.297568 4.773921
v -0.581777 -2.352190 3.571002
v -0.581777 -2.297568 4.773921
v -0.582398 -1.462228 3.570990
v -0.548838 -1.505318 4.773921
v -0.503277 -2.585330 3.571002
v -0.581778 -2.379380 2.368069
v -0.581777 -2.352190 3.571002
v -0.581778 -2.379380 2.368069
v -0.503277 -2.585330 3.571002
v -0.503277 -2.612509 2.368069
v -0.290567 -2.755991 3.571002
v -0.503277 -2.612509 2.368069
v -0.503277 -2.585330 3.571002
v -0.503277 -2.612509 2.368069
v -0.290567 -2.755991 3.571002
v -0.290567 -2.783170 2.368069
v 0.000003 -2.845639 2.368069
v -0.290567 -2.755991 3.571002
v 0.000003 -2.818460 3.571002
v -0.290567 -2.755991 3.571002
v 0.000003 -2.845639 2.368069
v -0.290567 -2.783170 2.368069
v -0.582398 -1.462228 3.570990
v -0.582418 -1.381848 4.773921
v -0.548838 -1.505318 4.773921
v 0.000003 -2.369928 4.953803
v -0.139377 -1.798218 6.346889
v 0.000003 -1.784098 6.453403
v -0.139377 -1.798218 6.346889
v 0.000003 -2.369928 4.953803
v -0.277797 -1.812248 6.309279
v 0.000003 -2.402238 6.028193
v -0.194077 -2.367278 6.040579
v 0.000003 -2.369928 4.953803
v -0.194077 -2.367278 6.040579
v -0.309067 -2.236758 6.078259
v 0.000003 -2.369928 4.953803
v -0.309067 -2.236758 6.078259
v -0.356887 -2.076898 6.142570
v 0.000003 -2.369928 4.953803
v -0.356887 -2.076898 6.142570
v -0.358617 -1.920338 6.231009
v 0.000003 -2.369928 4.953803
v -0.358617 -1.920338 6.231009
v -0.277797 -1.812248 6.309279
v 0.000003 -2.369928 4.953803
v -0.582420 -0.503210 -0.619320
v -0.419450 -0.432330 0.168600
v -0.582420 -0.525190 0.168600
v -0.419450 -0.432330 0.168600
v -0.582420 -0.503210 -0.619320
v -0.400220 -0.345450 -0.619320
v -0.582420 -0.525190 0.168600
v -0.445790 -0.518390 0.956510
v -0.582420 -0.558580 0.956510
v -0.445790 -0.518390 0.956510
v -0.582420 -0.525190 0.168600
v -0.419450 -0.432330 0.168600
v -0.582420 -0.558580 0.956510
v -0.463160 -0.584620 1.740760
v -0.582420 -0.624730 1.740640
v -0.463160 -0.584620 1.740760
v -0.582420 -0.558580 0.956510
v -0.445790 -0.518390 0.956510
v -0.582420 -0.666870 2.367890
v -0.482810 -0.687038 3.570880
v -0.582420 -0.727088 3.570900
v -0.482810 -0.687038 3.570880
v -0.582420 -0.666870 2.367890
v -0.482810 -0.626790 2.367840
v -0.556708 -0.885088 5.316760
v -0.433398 -1.068398 6.025320
v -0.533078 -1.111808 6.025320
v -0.433398 -1.068398 6.025320
v -0.556708 -0.885088 5.316760
v -0.453708 -0.843838 5.316760
v -0.533078 -1.111808 6.025320
v -0.394428 -1.412328 6.655070
v -0.471097 -1.386638 6.602820
v -0.394428 -1.412328 6.655070
v -0.533078 -1.111808 6.025320
v -0.433398 -1.068398 6.025320
v -0.482810 -0.626790 2.367840
v -0.582420 -0.624730 1.740640
v -0.463160 -0.584620 1.740760
v -0.582420 -0.624730 1.740640
v -0.482810 -0.626790 2.367840
v -0.582420 -0.666870 2.367890
v -0.582418 -0.807228 4.773920
v -0.453708 -0.843838 5.316760
v -0.556708 -0.885088 5.316760
v -0.453708 -0.843838 5.316760
v -0.582418 -0.807228 4.773920
v -0.482758 -0.766888 4.773920
v -0.582420 -0.727088 3.570900
v -0.482758 -0.766888 4.773920
v -0.582418 -0.807228 4.773920
v -0.482758 -0.766888 4.773920
v -0.582420 -0.727088 3.570900
v -0.482810 -0.687038 3.570880
v -0.304817 -1.484658 6.025331
v 0.000003 -1.473078 6.452099
v -0.155187 -1.479668 6.131600
v 0.000003 -1.473078 6.452099
v -0.394427 -1.465908 6.633172
v 0.000003 -1.466008 6.649590
v -0.304817 -1.484658 6.025331
v -0.394427 -1.465908 6.633172
v 0.000003 -1.473078 6.452099
v -0.304817 -1.484658 6.025331
v -0.414887 -1.484658 6.025331
v -0.394427 -1.465908 6.633172
v 0.000003 -1.417678 6.663050
v -0.394427 -1.465908 6.633172
v -0.394428 -1.412328 6.655070
v -0.394427 -1.465908 6.633172
v 0.000003 -1.417678 6.663050
v 0.000003 -1.466008 6.649590
v -0.471097 -1.446718 6.576602
v -0.394428 -1.412328 6.655070
v -0.394427 -1.465908 6.633172
v -0.394428 -1.412328 6.655070
v -0.471097 -1.446718 6.576602
v -0.471097 -1.386638 6.602820
v -0.155187 -1.812958 6.131599
v 0.000003 -1.784098 6.453403
v -0.139377 -1.798218 6.346889
v 0.290570 -1.693870 -0.097470
v 0.000000 -1.757440 -0.619320
v 0.000000 -1.721960 -0.276480
v 0.290570 -1.693870 -0.097470
v 0.400220 -1.685910 -0.619320
v 0.000000 -1.757440 -0.619320
v 0.290570 -1.693870 -0.097470
v 0.414670 -1.654350 0.015670
v 0.400220 -1.685910 -0.619320
v 0.290570 -1.693870 -0.097470
v 0.000000 -1.936770 -0.276480
v 0.330020 -2.071570 -0.097470
v 0.000000 -1.936770 -0.276480
v 0.290570 -1.693870 -0.097470
v 0.000000 -1.721960 -0.276480
v 0.555070 -1.540290 0.953390
v 0.503290 -2.206720 0.361250
v 0.554650 -2.329580 0.953370
v 0.503290 -2.206720 0.361250
v 0.555070 -1.540290 0.953390
v 0.503280 -1.629780 0.361250
v 0.503280 -1.629780 0.361250
v 0.555070 -1.540290 0.953390
v 0.582420 -1.408220 0.956510
v 0.414670 -1.654350 0.015670
v 0.290570 -1.693870 -0.097470
v 0.503280 -1.629780 0.361250
v 0.290570 -1.693870 -0.097470
v 0.503290 -2.206720 0.361250
v 0.503280 -1.629780 0.361250
v 0.503290 -2.206720 0.361250
v 0.290570 -1.693870 -0.097470
v 0.330020 -2.071570 -0.097470
v 0.503280 -2.643300 0.361250
v 0.581560 -2.410170 0.952200
v 0.581140 -2.410170 0.361250
v 0.581560 -2.410170 0.952200
v 0.503280 -2.643300 0.361250
v 0.503282 -2.643300 0.952200
v 0.290570 -2.813970 0.361250
v 0.503282 -2.643300 0.952200
v 0.503280 -2.643300 0.361250
v 0.503282 -2.643300 0.952200
v 0.290570 -2.813970 0.361250
v 0.290572 -2.813970 0.952200
v 0.000002 -2.876430 0.361250
v 0.290572 -2.813970 0.952200
v 0.290570 -2.813970 0.361250
v 0.290572 -2.813970 0.952200
v 0.000002 -2.876430 0.361250
v 0.000003 -2.876430 0.952200
v 0.000000 -2.025400 -0.380340
v 0.290350 -2.027430 -0.584010
v 0.330020 -2.071570 -0.097470
v 0.290350 -2.027430 -0.584010
v 0.000000 -2.025400 -0.380340
v 0.000000 -2.021360 -0.587340
v 0.330020 -2.071570 -0.097470
v 0.290350 -2.027430 -0.584010
v 0.463450 -2.096450 -0.544930
v 0.503280 -2.206720 -0.097470
v 0.581220 -2.452860 -0.342860
v 0.581140 -2.410170 -0.097470
v 0.581220 -2.452860 -0.342860
v 0.503280 -2.206720 -0.097470
v 0.556220 -2.206720 -0.482430
v 0.581140 -2.410170 -0.097470
v 0.502140 -2.665210 -0.222410
v 0.503280 -2.643300 -0.097470
v 0.502140 -2.665210 -0.222410
v 0.581140 -2.410170 -0.097470
v 0.581220 -2.452860 -0.342860
v 0.503280 -2.643300 -0.097470
v 0.290530 -2.820410 -0.134310
v 0.290570 -2.813970 -0.097470
v 0.290530 -2.820410 -0.134310
v 0.503280 -2.643300 -0.097470
v 0.502140 -2.665210 -0.222410
v 0.290570 -2.813970 -0.097470
v 0.290530 -2.820410 -0.134310
v 0.000000 -2.885020 -0.097560
v 0.581140 -2.410170 -0.097470
v 0.503290 -2.206720 0.361250
v 0.503280 -2.206720 -0.097470
v 0.503290 -2.206720 0.361250
v 0.581140 -2.410170 -0.097470
v 0.581140 -2.410170 0.361250
v 0.503280 -2.643300 -0.097470
v 0.581140 -2.410170 0.361250
v 0.581140 -2.410170 -0.097470
v 0.581140 -2.410170 0.361250
v 0.503280 -2.643300 -0.097470
v 0.503280 -2.643300 0.361250
v 0.290570 -2.813970 -0.097470
v 0.503280 -2.643300 0.361250
v 0.503280 -2.643300 -0.097470
v 0.503280 -2.643300 0.361250
v 0.290570 -2.813970 -0.097470
v 0.290570 -2.813970 0.361250
v 0.000000 -2.885020 -0.097560
v 0.290570 -2.813970 0.361250
v 0.290570 -2.813970 -0.097470
v 0.290570 -2.813970 0.361250
v 0.000000 -2.885020 -0.097560
v 0.000002 -2.876430 0.361250
v 0.503290 -2.206720 0.361250
v 0.330020 -2.071570 -0.097470
v 0.503280 -2.206720 -0.097470
v 0.503290 -2.206720 0.361250
v 0.581560 -2.410170 0.952200
v 0.554650 -2.329580 0.953370
v 0.581560 -2.410170 0.952200
v 0.503290 -2.206720 0.361250
v 0.581140 -2.410170 0.361250
v 0.503280 -2.206720 -0.097470
v 0.463450 -2.096450 -0.544930
v 0.556220 -2.206720 -0.482430
v 0.463450 -2.096450 -0.544930
v 0.503280 -2.206720 -0.097470
v 0.330020 -2.071570 -0.097470
v 0.582420 -1.408220 0.956510
v 0.555070 -1.540290 0.953390
v 0.582420 -1.408220 1.740110
v 0.581782 -2.410170 1.740111
v 0.554650 -2.329580 0.953370
v 0.581560 -2.410170 0.952200
v 0.555070 -1.540290 0.953390
v 0.581782 -2.410170 1.740111
v 0.582420 -1.408220 1.740110
v 0.581782 -2.410170 1.740111
v 0.555070 -1.540290 0.953390
v 0.554650 -2.329580 0.953370
v 0.581782 -2.410170 1.740111
v 0.503282 -2.643300 0.952200
v 0.503283 -2.643300 1.740111
v 0.503282 -2.643300 0.952200
v 0.581782 -2.410170 1.740111
v 0.581560 -2.410170 0.952200
v 0.290573 -2.813970 1.740111
v 0.503282 -2.643300 0.952200
v 0.290572 -2.813970 0.952200
v 0.503282 -2.643300 0.952200
v 0.290573 -2.813970 1.740111
v 0.503283 -2.643300 1.740111
v 0.000003 -2.876430 1.740111
v 0.290572 -2.813970 0.952200
v 0.000003 -2.876430 0.952200
v 0.290572 -2.813970 0.952200
v 0.000003 -2.876430 1.740111
v 0.290573 -2.813970 1.740111
v 0.000000 -2.025400 -0.380340
v 0.330020 -2.071570 -0.097470
v 0.000000 -1.936770 -0.276480
v 0.000000 -2.021360 -0.587340
v 0.000002 -2.619650 0.868830
v 0.290350 -2.027430 -0.584010
v 0.290350 -2.027430 -0.584010
v 0.000002 -2.619650 0.868830
v 0.463450 -2.096450 -0.544930
v 0.463450 -2.096450 -0.544930
v 0.000002 -2.619650 0.868830
v 0.556220 -2.206720 -0.482430
v 0.556220 -2.206720 -0.482430
v 0.000002 -2.619650 0.868830
v 0.581220 -2.452860 -0.342860
v 0.581220 -2.452860 -0.342860
v 0.000002 -2.619650 0.868830
v 0.502140 -2.665210 -0.222410
v 0.502140 -2.665210 -0.222410
v 0.000002 -2.619650 0.868830
v 0.290530 -2.820410 -0.134310
v 0.290530 -2.820410 -0.134310
v 0.000002 -2.619650 0.868830
v 0.000000 -2.885020 -0.097560
v 0.582420 -1.408220 0.168600
v 0.414670 -1.654350 0.015670
v 0.503280 -1.629780 0.361250
v 0.400220 -1.685910 -0.619320
v 0.582420 -1.408220 0.168600
v 0.582420 -1.438600 -0.619320
v 0.582420 -1.408220 0.168600
v 0.400220 -1.685910 -0.619320
v 0.414670 -1.654350 0.015670
v 0.582420 -1.408220 0.168600
v 0.503280 -1.629780 0.361250
v 0.582420 -1.408220 0.956510
v -0.290570 -1.693870 -0.097470
v -0.400220 -1.685910 -0.619320
v -0.414670 -1.654350 0.015670
v -0.290570 -1.693870 -0.097470
v 0.000000 -1.757440 -0.619320
v -0.400220 -1.685910 -0.619320
v -0.290570 -1.693870 -0.097470
v 0.000000 -1.721960 -0.276480
v 0.000000 -1.757440 -0.619320
v -0.290570 -1.693870 -0.097470
v 0.000000 -1.936770 -0.276480
v 0.000000 -1.721960 -0.276480
v 0.000000 -1.936770 -0.276480
v -0.290570 -1.693870 -0.097470
v -0.330020 -2.071560 -0.097470
v -0.555070 -1.540290 0.953390
v -0.503290 -2.206720 0.361250
v -0.503280 -1.629780 0.361250
v -0.503290 -2.206720 0.361250
v -0.555070 -1.540290 0.953390
v -0.554650 -2.329580 0.953370
v -0.503280 -1.629780 0.361250
v -0.582420 -1.408220 0.956510
v -0.555070 -1.540290 0.953390
v -0.414670 -1.654350 0.015670
v -0.503280 -1.629780 0.361250
v -0.290570 -1.693870 -0.097470
v -0.290570 -1.693870 -0.097470
v -0.503290 -2.206720 0.361250
v -0.330020 -2.071560 -0.097470
v -0.503290 -2.206720 0.361250
v -0.290570 -1.693870 -0.097470
v -0.503280 -1.629780 0.361250
v -0.503280 -2.643300 0.361250
v -0.581560 -2.410170 0.952200
v -0.503278 -2.643300 0.952200
v -0.581560 -2.410170 0.952200
v -0.503280 -2.643300 0.361250
v -0.581140 -2.410170 0.361250
v -0.290570 -2.813970 0.361250
v -0.503278 -2.643300 0.952200
v -0.290567 -2.813970 0.952200
v -0.503278 -2.643300 0.952200
v -0.290570 -2.813970 0.361250
v -0.503280 -2.643300 0.361250
v 0.000002 -2.876430 0.361250
v -0.290567 -2.813970 0.952200
v 0.000003 -2.876430 0.952200
v -0.290567 -2.813970 0.952200
v 0.000002 -2.876430 0.361250
v -0.290570 -2.813970 0.361250
v 0.000000 -2.025400 -0.380340
v -0.290350 -2.027430 -0.584010
v 0.000000 -2.021360 -0.587340
v -0.290350 -2.027430 -0.584010
v 0.000000 -2.025400 -0.380340
v -0.330020 -2.071560 -0.097470
v -0.330020 -2.071560 -0.097470
v -0.463450 -2.096450 -0.544930
v -0.290350 -2.027430 -0.584010
v -0.503280 -2.206720 -0.097470
v -0.581220 -2.452860 -0.342860
v -0.556220 -2.206720 -0.482430
v -0.581220 -2.452860 -0.342860
v -0.503280 -2.206720 -0.097470
v -0.581140 -2.410170 -0.097470
v -0.581140 -2.410170 -0.097470
v -0.502140 -2.665210 -0.222410
v -0.581220 -2.452860 -0.342860
v -0.502140 -2.665210 -0.222410
v -0.581140 -2.410170 -0.097470
v -0.503280 -2.643300 -0.097470
v -0.503280 -2.643300 -0.097470
v -0.290530 -2.820410 -0.134310
v -0.502140 -2.665210 -0.222410
v -0.290530 -2.820410 -0.134310
v -0.503280 -2.643300 -0.097470
v -0.290570 -2.813970 -0.097470
v -0.290570 -2.813970 -0.097470
v 0.000000 -2.885020 -0.097560
v -0.290530 -2.820410 -0.134310
v -0.581140 -2.410170 -0.097470
v -0.503290 -2.206720 0.361250
v -0.581140 -2.410170 0.361250
v -0.503290 -2.206720 0.361250
v -0.581140 -2.410170 -0.097470
v -0.503280 -2.206720 -0.097470
v -0.503280 -2.643300 -0.097470
v -0.581140 -2.410170 0.361250
v -0.503280 -2.643300 0.361250
v -0.581140 -2.410170 0.361250
v -0.503280 -2.643300 -0.097470
v -0.581140 -2.410170 -0.097470
v -0.290570 -2.813970 -0.097470
v -0.503280 -2.643300 0.361250
v -0.290570 -2.813970 0.361250
v -0.503280 -2.643300 0.361250
v -0.290570 -2.813970 -0.097470
v -0.503280 -2.643300 -0.097470
v 0.000000 -2.885020 -0.097560
v -0.290570 -2.813970 0.361250
v 0.000002 -2.876430 0.361250
v -0.290570 -2.813970 0.361250
v 0.000000 -2.885020 -0.097560
v -0.290570 -2.813970 -0.097470
v -0.503290 -2.206720 0.361250
v -0.503280 -2.206720 -0.097470
v -0.330020 -2.071560 -0.097470
v -0.503290 -2.206720 0.361250
v -0.581560 -2.410170 0.952200
v -0.581140 -2.410170 0.361250
v -0.581560 -2.410170 0.952200
v -0.503290 -2.206720 0.361250
v -0.554650 -2.329580 0.953370
v -0.503280 -2.206720 -0.097470
v -0.463450 -2.096450 -0.544930
v -0.330020 -2.071560 -0.097470
v -0.463450 -2.096450 -0.544930
v -0.503280 -2.206720 -0.097470
v -0.556220 -2.206720 -0.482430
v -0.582420 -1.408220 0.956510
v -0.582420 -1.408220 1.740110
v -0.555070 -1.540290 0.953390
v -0.581778 -2.410170 1.740111
v -0.581560 -2.410170 0.952200
v -0.554650 -2.329580 0.953370
v -0.555070 -1.540290 0.953390
v -0.581778 -2.410170 1.740111
v -0.554650 -2.329580 0.953370
v -0.581778 -2.410170 1.740111
v -0.555070 -1.540290 0.953390
v -0.582420 -1.408220 1.740110
v -0.581778 -2.410170 1.740111
v -0.503278 -2.643300 0.952200
v -0.581560 -2.410170 0.952200
v -0.503278 -2.643300 0.952200
v -0.581778 -2.410170 1.740111
v -0.503277 -2.643300 1.740111
v -0.290567 -2.813970 1.740111
v -0.503278 -2.643300 0.952200
v -0.503277 -2.643300 1.740111
v -0.503278 -2.643300 0.952200
v -0.290567 -2.813970 1.740111
v -0.290567 -2.813970 0.952200
v 0.000003 -2.876430 1.740111
v -0.290567 -2.813970 0.952200
v -0.290567 -2.813970 1.740111
v -0.290567 -2.813970 0.952200
v 0.000003 -2.876430 1.740111
v 0.000003 -2.876430 0.952200
v 0.000000 -2.025400 -0.380340
v 0.000000 -1.936770 -0.276480
v -0.330020 -2.071560 -0.097470
v 0.000000 -2.021360 -0.587340
v -0.290350 -2.027430 -0.584010
v 0.000002 -2.619650 0.868830
v -0.290350 -2.027430 -0.584010
v -0.463450 -2.096450 -0.544930
v 0.000002 -2.619650 0.868830
v -0.463450 -2.096450 -0.544930
v -0.556220 -2.206720 -0.482430
v 0.000002 -2.619650 0.868830
v -0.556220 -2.206720 -0.482430
v -0.581220 -2.452860 -0.342860
v 0.000002 -2.619650 0.868830
v -0.581220 -2.452860 -0.342860
v -0.502140 -2.665210 -0.222410
v 0.000002 -2.619650 0.868830
v -0.502140 -2.665210 -0.222410
v -0.290530 -2.820410 -0.134310
v 0.000002 -2.619650 0.868830
v -0.290530 -2.820410 -0.134310
v 0.000000 -2.885020 -0.097560
v 0.000002 -2.619650 0.868830
v -0.582420 -1.408220 0.168600
v -0.503280 -1.629780 0.361250
v -0.414670 -1.654350 0.015670
v -0.400220 -1.685910 -0.619320
v -0.582420 -1.408220 0.168600
v -0.414670 -1.654350 0.015670
v -0.582420 -1.408220 0.168600
v -0.400220 -1.685910 -0.619320
v -0.582420 -1.438600 -0.619320
v -0.582420 -1.408220 0.168600
v -0.582420 -1.408220 0.956510
v -0.503280 -1.629780 0.361250
v 0.581782 -2.410170 1.740111
v 0.582420 -1.462230 2.368070
v 0.582420 -1.408220 1.740110
v 0.582420 -1.462230 2.368070
v 0.581782 -2.410170 1.740111
v 0.581782 -2.379380 2.368069
v 0.581782 -2.410170 1.740111
v 0.503283 -2.612509 2.368069
v 0.581782 -2.379380 2.368069
v 0.503283 -2.612509 2.368069
v 0.581782 -2.410170 1.740111
v 0.503283 -2.643300 1.740111
v 0.503283 -2.643300 1.740111
v 0.290573 -2.783170 2.368069
v 0.503283 -2.612509 2.368069
v 0.290573 -2.783170 2.368069
v 0.503283 -2.643300 1.740111
v 0.290573 -2.813970 1.740111
v 0.290573 -2.813970 1.740111
v 0.000003 -2.845639 2.368069
v 0.290573 -2.783170 2.368069
v 0.000003 -2.845639 2.368069
v 0.290573 -2.813970 1.740111
v 0.000003 -2.876430 1.740111
v -0.290567 -2.813970 1.740111
v 0.000003 -2.845639 2.368069
v 0.000003 -2.876430 1.740111
v 0.000003 -2.845639 2.368069
v -0.290567 -2.813970 1.740111
v -0.290567 -2.783170 2.368069
v -0.503277 -2.643300 1.740111
v -0.290567 -2.783170 2.368069
v -0.290567 -2.813970 1.740111
v -0.290567 -2.783170 2.368069
v -0.503277 -2.643300 1.740111
v -0.503277 -2.612509 2.368069
v -0.581778 -2.410170 1.740111
v -0.503277 -2.612509 2.368069
v -0.503277 -2.643300 1.740111
v -0.503277 -2.612509 2.368069
v -0.581778 -2.410170 1.740111
v -0.581778 -2.379380 2.368069
v -0.581778 -2.410170 1.740111
v -0.582420 -1.462230 2.368070
v -0.581778 -2.379380 2.368069
v -0.582420 -1.462230 2.368070
v -0.581778 -2.410170 1.740111
v -0.582420 -1.408220 1.740110
v -0.399422 0.321338 -5.404570
v -0.582420 0.157708 -4.491520
v -0.582420 0.071188 -5.404570
v -0.285210 0.047878 -3.328550
v -0.582420 0.169658 -3.770980
v -0.400150 -0.002532 -3.770980
v -0.582420 0.169658 -3.770980
v -0.285210 0.047878 -3.328550
v -0.399580 0.267320 -2.983060
v 0.285220 0.047878 -3.328550
v 0.582420 0.169658 -3.770980
v 0.399580 0.267320 -2.983060
v 0.582420 0.169658 -3.770980
v 0.285220 0.047878 -3.328550
v 0.400150 -0.002532 -3.770980
v 0.285090 0.108418 -5.132530
v 0.582420 0.157708 -4.491520
v 0.400190 -0.014612 -4.491520
v 0.582420 0.157708 -4.491520
v 0.285090 0.108418 -5.132530
v 0.399418 0.321338 -5.404570
v -0.285100 0.108418 -5.132530
v 0.000000 -0.095602 -4.491520
v -0.400190 -0.014612 -4.491520
v 0.000000 -0.095602 -4.491520
v -0.285100 0.108418 -5.132530
v 0.000000 0.105318 -5.161900
v 0.000000 -0.083532 -3.770980
v -0.285210 0.047878 -3.328550
v -0.400150 -0.002532 -3.770980
v -0.285210 0.047878 -3.328550
v 0.000000 -0.083532 -3.770980
v 0.000000 0.040158 -3.273410
v 0.000000 -0.095602 -4.491520
v 0.285090 0.108418 -5.132530
v 0.400190 -0.014612 -4.491520
v 0.285090 0.108418 -5.132530
v 0.000000 -0.095602 -4.491520
v 0.000000 0.105318 -5.161900
v 0.285220 0.047878 -3.328550
v 0.000000 -0.083532 -3.770980
v 0.400150 -0.002532 -3.770980
v 0.000000 -0.083532 -3.770980
v 0.285220 0.047878 -3.328550
v 0.000000 0.040158 -3.273410
v 0.090760 0.201938 -3.743920
v -0.090760 0.054138 -3.891720
v -0.090760 0.201938 -3.743920
v -0.090760 0.054138 -3.891720
v 0.090760 0.201938 -3.743920
v 0.090760 0.054138 -3.891720
v 0.090760 0.054138 -3.891720
v -0.090760 0.407688 -4.245280
v -0.090760 0.054138 -3.891720
v -0.090760 0.407688 -4.245280
v 0.090760 0.054138 -3.891720
v 0.090760 0.407688 -4.245280
v 0.090760 0.201938 -3.743920
v 0.090760 0.407688 -4.245280
v 0.090760 0.054138 -3.891720
v 0.090760 0.407688 -4.245280
v 0.090760 0.201938 -3.743920
v 0.090760 0.555498 -4.097470
v -0.090760 0.201938 -3.743920
v 0.090760 0.555498 -4.097470
v 0.090760 0.201938 -3.743920
v 0.090760 0.555498 -4.097470
v -0.090760 0.201938 -3.743920
v -0.090760 0.555498 -4.097470
v -0.090760 0.054138 -3.891720
v -0.090760 0.555498 -4.097470
v -0.090760 0.201938 -3.743920
v -0.090760 0.555498 -4.097470
v -0.090760 0.054138 -3.891720
v -0.090760 0.407688 -4.245280
v 0.150000 0.316268 -4.204940
v -0.150000 0.316268 -3.904940
v -0.150000 0.316268 -4.204940
v -0.150000 0.316268 -3.904940
v 0.150000 0.316268 -4.204940
v 0.150000 0.316268 -3.904940
v 0.150000 0.316268 -3.904940
v -0.150000 -0.094102 -3.904940
v -0.150000 0.316268 -3.904940
v -0.150000 -0.094102 -3.904940
v 0.150000 0.316268 -3.904940
v 0.150000 -0.094102 -3.904940
v 0.150000 0.316268 -4.204940
v 0.150000 -0.094102 -3.904940
v 0.150000 0.316268 -3.904940
v 0.150000 -0.094102 -3.904940
v 0.150000 0.316268 -4.204940
v 0.150000 -0.094102 -4.204940
v -0.150000 0.316268 -4.204940
v 0.150000 -0.094102 -4.204940
v 0.150000 0.316268 -4.204940
v 0.150000 -0.094102 -4.204940
v -0.150000 0.316268 -4.204940
v -0.150000 -0.094102 -4.204940
v -0.150000 0.316268 -3.904940
v -0.150000 -0.094102 -4.204940
v -0.150000 0.316268 -4.204940
v -0.150000 -0.094102 -4.204940
v -0.150000 0.316268 -3.904940
v -0.150000 -0.094102 -3.904940
v 0.049998 1.025688 -4.805220
v -0.050000 0.328348 -4.744220
v -0.050002 1.025688 -4.805220
v -0.050000 0.328348 -4.744220
v 0.049998 1.025688 -4.805220
v 0.050000 0.328348 -4.744220
v 0.049998 1.016978 -4.904840
v 0.050000 0.328348 -4.744220
v 0.049998 1.025688 -4.805220
v 0.050000 0.328348 -4.744220
v 0.049998 1.016978 -4.904840
v 0.050000 0.319638 -4.843830
v -0.050002 1.016978 -4.904840
v 0.050000 0.319638 -4.843830
v 0.049998 1.016978 -4.904840
v 0.050000 0.319638 -4.843830
v -0.050002 1.016978 -4.904840
v -0.050000 0.319638 -4.843830
v -0.050002 1.025688 -4.805220
v -0.050000 0.319638 -4.843830
v -0.050002 1.016978 -4.904840
v -0.050000 0.319638 -4.843830
v -0.050002 1.025688 -4.805220
v -0.050000 0.328348 -4.744220
v 0.090758 1.296158 -5.107780
v -0.090762 1.124938 -5.227670
v 0.090758 1.124938 -5.227670
v -0.090762 1.124938 -5.227670
v 0.090758 1.296158 -5.107780
v -0.090762 1.296158 -5.107780
v 0.090758 1.009378 -4.698200
v -0.090762 0.838148 -4.818100
v -0.090762 1.009378 -4.698200
v -0.090762 0.838148 -4.818100
v 0.090758 1.009378 -4.698200
v 0.090758 0.838148 -4.818100
v 0.090758 0.838148 -4.818100
v -0.090762 1.124938 -5.227670
v -0.090762 0.838148 -4.818100
v -0.090762 1.124938 -5.227670
v 0.090758 0.838148 -4.818100
v 0.090758 1.124938 -5.227670
v 0.090758 1.009378 -4.698200
v 0.090758 1.124938 -5.227670
v 0.090758 0.838148 -4.818100
v 0.090758 1.124938 -5.227670
v 0.090758 1.009378 -4.698200
v 0.090758 1.296158 -5.107780
v -0.090762 1.009378 -4.698200
v 0.090758 1.296158 -5.107780
v 0.090758 1.009378 -4.698200
v 0.090758 1.296158 -5.107780
v -0.090762 1.009378 -4.698200
v -0.090762 1.296158 -5.107780
v -0.090762 0.838148 -4.818100
v -0.090762 1.296158 -5.107780
v -0.090762 1.009378 -4.698200
v -0.090762 1.296158 -5.107780
v -0.090762 0.838148 -4.818100
v -0.090762 1.124938 -5.227670
v -0.095151 -1.172504 -9.984790
v 0.051950 -1.122122 -6.837850
v -0.135620 -1.138542 -6.837850
v 0.051950 -1.122122 -6.837850
v -0.095151 -1.172504 -9.984790
v 0.017989 -1.162604 -9.984790
v -0.085251 -1.285634 -9.984790
v -0.135620 -1.138542 -6.837850
v -0.119219 -1.326112 -6.837850
v -0.135620 -1.138542 -6.837850
v -0.085251 -1.285634 -9.984790
v -0.095151 -1.172504 -9.984790
v 0.027889 -1.275744 -9.984790
v -0.119219 -1.326112 -6.837850
v 0.068361 -1.309702 -6.837850
v -0.119219 -1.326112 -6.837850
v 0.027889 -1.275744 -9.984790
v -0.085251 -1.285634 -9.984790
v 0.017989 -1.162604 -9.984790
v 0.068361 -1.309702 -6.837850
v 0.051950 -1.122122 -6.837850
v 0.068361 -1.309702 -6.837850
v 0.017989 -1.162604 -9.984790
v 0.027889 -1.275744 -9.984790
v -0.085251 -1.285634 -9.984790
v 0.017989 -1.162604 -9.984790
v -0.095151 -1.172504 -9.984790
v 0.027889 -1.275744 -9.984790
v 0.017989 -1.162604 -9.984790
v -0.085251 -1.285634 -9.984790
v -0.052120 1.437122 3.798400
v -0.007920 1.452252 4.598140
v -0.064270 1.447322 4.598139
v -0.007920 1.452252 4.598140
v -0.052120 1.437122 3.798400
v -0.018120 1.440092 3.798400
v -0.049140 1.403132 3.798400
v -0.064270 1.447322 4.598139
v -0.059340 1.390972 4.598140
v -0.064270 1.447322 4.598139
v -0.049140 1.403132 3.798400
v -0.052120 1.437122 3.798400
v -0.015150 1.406102 3.798400
v -0.059340 1.390972 4.598140
v -0.002990 1.395902 4.598140
v -0.059340 1.390972 4.598140
v -0.015150 1.406102 3.798400
v -0.049140 1.403132 3.798400
v -0.018120 1.440092 3.798400
v -0.002990 1.395902 4.598140
v -0.007920 1.452252 4.598140
v -0.002990 1.395902 4.598140
v -0.018120 1.440092 3.798400
v -0.015150 1.406102 3.798400
v -0.049140 1.403132 3.798400
v -0.018120 1.440092 3.798400
v -0.052120 1.437122 3.798400
v -0.015150 1.406102 3.798400
v -0.018120 1.440092 3.798400
v -0.049140 1.403132 3.798400
v -0.063620 1.639292 4.987329
v -0.017670 1.695532 4.339520
v -0.017680 1.695532 5.043767
v -0.017670 1.695532 4.339520
v -0.063620 1.639292 4.987329
v -0.057160 1.639182 4.393569
v -0.063620 1.639292 4.987329
v -0.005080 -0.120038 5.147310
v -0.064370 -0.120038 5.087760
v -0.005080 -0.120038 5.147310
v -0.063620 1.639292 4.987329
v -0.017680 1.695532 5.043767
v 0.027180 1.631922 4.393631
v -0.005890 -0.120038 4.162950
v 0.046420 -0.120038 4.222000
v -0.005890 -0.120038 4.162950
v 0.027180 1.631922 4.393631
v -0.017670 1.695532 4.339520
v 0.027180 1.631922 4.393631
v -0.017680 1.695532 5.043767
v -0.017670 1.695532 4.339520
v -0.017680 1.695532 5.043767
v 0.027180 1.631922 4.393631
v 0.020590 1.631932 4.987298
v -0.064370 -0.120038 5.087760
v -0.057160 1.639182 4.393569
v -0.063620 1.639292 4.987329
v -0.057160 1.639182 4.393569
v -0.064370 -0.120038 5.087760
v -0.061070 -0.120038 4.221630
v 0.027180 1.631922 4.393631
v 0.044480 -0.120038 5.087550
v 0.020590 1.631932 4.987298
v 0.044480 -0.120038 5.087550
v 0.027180 1.631922 4.393631
v 0.046420 -0.120038 4.222000
v -0.057160 1.639182 4.393569
v -0.005890 -0.120038 4.162950
v -0.017670 1.695532 4.339520
v -0.005890 -0.120038 4.162950
v -0.057160 1.639182 4.393569
v -0.061070 -0.120038 4.221630
v -0.064478 -0.393008 5.103350
v -0.005080 -0.120038 5.147310
v -0.003188 -0.393008 5.162880
v -0.005080 -0.120038 5.147310
v -0.064478 -0.393008 5.103350
v -0.064370 -0.120038 5.087760
v 0.020590 1.631932 4.987298
v -0.005080 -0.120038 5.147310
v -0.017680 1.695532 5.043767
v -0.005080 -0.120038 5.147310
v 0.020590 1.631932 4.987298
v 0.044480 -0.120038 5.087550
v 0.049420 -0.393008 3.883730
v -0.005890 -0.120038 4.162950
v -0.004120 -0.393008 3.831800
v -0.005890 -0.120038 4.162950
v 0.049420 -0.393008 3.883730
v 0.046420 -0.120038 4.222000
v -0.064668 -0.836348 5.128650
v -0.061670 -0.393008 3.883420
v -0.064478 -0.393008 5.103350
v -0.061670 -0.393008 3.883420
v -0.064668 -0.836348 5.128650
v -0.062660 -0.836350 2.371530
v 0.049420 -0.393008 3.883730
v 0.054242 -0.836348 5.128540
v 0.048202 -0.393008 5.103170
v 0.054242 -0.836348 5.128540
v 0.049420 -0.393008 3.883730
v 0.054290 -0.836350 2.371740
v -0.062660 -0.836350 2.371530
v -0.004120 -0.393008 3.831800
v -0.061670 -0.393008 3.883420
v -0.004120 -0.393008 3.831800
v -0.062660 -0.836350 2.371530
v -0.001250 -0.836350 2.331380
v 0.054242 -0.836348 5.128540
v -0.003188 -0.393008 5.162880
v 0.048202 -0.393008 5.103170
v -0.003188 -0.393008 5.162880
v 0.054242 -0.836348 5.128540
v -0.000108 -0.836348 5.188160
v -0.064668 -0.836348 5.128650
v -0.003188 -0.393008 5.162880
v -0.000108 -0.836348 5.188160
v -0.003188 -0.393008 5.162880
v -0.064668 -0.836348 5.128650
v -0.064478 -0.393008 5.103350
v 0.054290 -0.836350 2.371740
v -0.004120 -0.393008 3.831800
v -0.001250 -0.836350 2.331380
v -0.004120 -0.393008 3.831800
v 0.054290 -0.836350 2.371740
v 0.049420 -0.393008 3.883730
v -0.064478 -0.393008 5.103350
v -0.061070 -0.120038 4.221630
v -0.064370 -0.120038 5.087760
v -0.061070 -0.120038 4.221630
v -0.064478 -0.393008 5.103350
v -0.061670 -0.393008 3.883420
v 0.046420 -0.120038 4.222000
v 0.048202 -0.393008 5.103170
v 0.044480 -0.120038 5.087550
v 0.048202 -0.393008 5.103170
v 0.046420 -0.120038 4.222000
v 0.049420 -0.393008 3.883730
v -0.061670 -0.393008 3.883420
v -0.005890 -0.120038 4.162950
v -0.061070 -0.120038 4.221630
v -0.005890 -0.120038 4.162950
v -0.061670 -0.393008 3.883420
v -0.004120 -0.393008 3.831800
v 0.048202 -0.393008 5.103170
v -0.005080 -0.120038 5.147310
v 0.044480 -0.120038 5.087550
v -0.005080 -0.120038 5.147310
v 0.048202 -0.393008 5.103170
v -0.003188 -0.393008 5.162880
v 0.000982 -4.128188 6.694099
v 0.045172 -4.143318 5.894361
v -0.011178 -4.138388 5.894361
v 0.045172 -4.143318 5.894361
v 0.000982 -4.128188 6.694099
v 0.034972 -4.131158 6.694099
v 0.003952 -4.094198 6.694099
v -0.011178 -4.138388 5.894361
v -0.006248 -4.082038 5.894361
v -0.011178 -4.138388 5.894361
v 0.003952 -4.094198 6.694099
v 0.000982 -4.128188 6.694099
v 0.037942 -4.097168 6.694099
v -0.006248 -4.082038 5.894361
v 0.050102 -4.086968 5.894361
v -0.006248 -4.082038 5.894361
v 0.037942 -4.097168 6.694099
v 0.003952 -4.094198 6.694099
v 0.034972 -4.131158 6.694099
v 0.050102 -4.086968 5.894361
v 0.045172 -4.143318 5.894361
v 0.050102 -4.086968 5.894361
v 0.034972 -4.131158 6.694099
v 0.037942 -4.097168 6.694099
v 0.003952 -4.094198 6.694099
v 0.034972 -4.131158 6.694099
v 0.000982 -4.128188 6.694099
v 0.037942 -4.097168 6.694099
v 0.034972 -4.131158 6.694099
v 0.003952 -4.094198 6.694099
v 0.057822 -4.136208 5.943120
v 0.011872 -4.192448 5.295310
v 0.011882 -4.192448 5.999559
v 0.011872 -4.192448 5.295310
v 0.057822 -4.136208 5.943120
v 0.051362 -4.136098 5.349370
v 0.057822 -4.136208 5.943120
v -0.000708 -3.385148 5.221931
v 0.058572 -3.385148 5.162393
v -0.000708 -3.385148 5.221931
v 0.057822 -4.136208 5.943120
v 0.011882 -4.192448 5.999559
v -0.032968 -4.128838 5.349422
v 0.000092 -3.385148 4.237579
v -0.052218 -3.385148 4.296619
v 0.000092 -3.385148 4.237579
v -0.032968 -4.128838 5.349422
v 0.011872 -4.192448 5.295310
v -0.032968 -4.128838 5.349422
v 0.011882 -4.192448 5.999559
v 0.011872 -4.192448 5.295310
v 0.011882 -4.192448 5.999559
v -0.032968 -4.128838 5.349422
v -0.026388 -4.128848 5.943089
v 0.058572 -3.385148 5.162393
v 0.051362 -4.136098 5.349370
v 0.057822 -4.136208 5.943120
v 0.051362 -4.136098 5.349370
v 0.058572 -3.385148 5.162393
v 0.055272 -3.385148 4.296249
v -0.032968 -4.128838 5.349422
v -0.050268 -3.385148 5.162169
v -0.026388 -4.128848 5.943089
v -0.050268 -3.385148 5.162169
v -0.032968 -4.128838 5.349422
v -0.052218 -3.385148 4.296619
v 0.051362 -4.136098 5.349370
v 0.000092 -3.385148 4.237579
v 0.011872 -4.192448 5.295310
v 0.000092 -3.385148 4.237579
v 0.051362 -4.136098 5.349370
v 0.055272 -3.385148 4.296249
v 0.058682 -3.112178 5.177969
v -0.000708 -3.385148 5.221931
v -0.002608 -3.112178 5.237503
v -0.000708 -3.385148 5.221931
v 0.058682 -3.112178 5.177969
v 0.058572 -3.385148 5.162393
v -0.026388 -4.128848 5.943089
v -0.000708 -3.385148 5.221931
v 0.011882 -4.192448 5.999559
v -0.000708 -3.385148 5.221931
v -0.026388 -4.128848 5.943089
v -0.050268 -3.385148 5.162169
v -0.055218 -3.112178 3.958349
v 0.000092 -3.385148 4.237579
v -0.001678 -3.112178 3.906420
v 0.000092 -3.385148 4.237579
v -0.055218 -3.112178 3.958349
v -0.052218 -3.385148 4.296619
v 0.058873 -2.668838 5.203279
v 0.055882 -3.112178 3.958040
v 0.058682 -3.112178 5.177969
v 0.055882 -3.112178 3.958040
v 0.058873 -2.668838 5.203279
v 0.056863 -2.668839 2.446151
v -0.055218 -3.112178 3.958349
v -0.060037 -2.668838 5.203159
v -0.053988 -3.112178 5.177793
v -0.060037 -2.668838 5.203159
v -0.055218 -3.112178 3.958349
v -0.060087 -2.668839 2.446362
v 0.056863 -2.668839 2.446151
v -0.001678 -3.112178 3.906420
v 0.055882 -3.112178 3.958040
v -0.001678 -3.112178 3.906420
v 0.056863 -2.668839 2.446151
v -0.004547 -2.668839 2.405999
v -0.060037 -2.668838 5.203159
v -0.002608 -3.112178 5.237503
v -0.053988 -3.112178 5.177793
v -0.002608 -3.112178 5.237503
v -0.060037 -2.668838 5.203159
v -0.005677 -2.668838 5.262793
v 0.058873 -2.668838 5.203279
v -0.002608 -3.112178 5.237503
v -0.005677 -2.668838 5.262793
v -0.002608 -3.112178 5.237503
v 0.058873 -2.668838 5.203279
v 0.058682 -3.112178 5.177969
v -0.060087 -2.668839 2.446362
v -0.001678 -3.112178 3.906420
v -0.004547 -2.668839 2.405999
v -0.001678 -3.112178 3.906420
v -0.060087 -2.668839 2.446362
v -0.055218 -3.112178 3.958349
v 0.058682 -3.112178 5.177969
v 0.055272 -3.385148 4.296249
v 0.058572 -3.385148 5.162393
v 0.055272 -3.385148 4.296249
v 0.058682 -3.112178 5.177969
v 0.055882 -3.112178 3.958040
v -0.052218 -3.385148 4.296619
v -0.053988 -3.112178 5.177793
v -0.050268 -3.385148 5.162169
v -0.053988 -3.112178 5.177793
v -0.052218 -3.385148 4.296619
v -0.055218 -3.112178 3.958349
v 0.055882 -3.112178 3.958040
v 0.000092 -3.385148 4.237579
v 0.055272 -3.385148 4.296249
v 0.000092 -3.385148 4.237579
v 0.055882 -3.112178 3.958040
v -0.001678 -3.112178 3.906420
v -0.053988 -3.112178 5.177793
v -0.000708 -3.385148 5.221931
v -0.050268 -3.385148 5.162169
v -0.000708 -3.385148 5.221931
v -0.053988 -3.112178 5.177793
v -0.002608 -3.112178 5.237503
v -1.927757 -1.833558 6.584651
v -1.942897 -1.877758 5.784912
v -1.937967 -1.821408 5.784912
v -1.942897 -1.877758 5.784912
v -1.927757 -1.833558 6.584651
v -1.930737 -1.867558 6.584651
v -1.893767 -1.836538 6.584651
v -1.937967 -1.821408 5.784912
v -1.881607 -1.826338 5.784912
v -1.937967 -1.821408 5.784912
v -1.893767 -1.836538 6.584651
v -1.927757 -1.833558 6.584651
v -1.896737 -1.870528 6.584651
v -1.881607 -1.826338 5.784912
v -1.886537 -1.882688 5.784912
v -1.881607 -1.826338 5.784912
v -1.896737 -1.870528 6.584651
v -1.893767 -1.836538 6.584651
v -1.930737 -1.867558 6.584651
v -1.886537 -1.882688 5.784912
v -1.942897 -1.877758 5.784912
v -1.886537 -1.882688 5.784912
v -1.930737 -1.867558 6.584651
v -1.896737 -1.870528 6.584651
v -1.893767 -1.836538 6.584651
v -1.930737 -1.867558 6.584651
v -1.927757 -1.833558 6.584651
v -1.896737 -1.870528 6.584651
v -1.930737 -1.867558 6.584651
v -1.893767 -1.836538 6.584651
v -1.935777 -1.890408 5.833672
v -1.992028 -1.844458 5.185862
v -1.992027 -1.844468 5.890110
v -1.992028 -1.844458 5.185862
v -1.935777 -1.890408 5.833672
v -1.935678 -1.883938 5.239912
v -1.935777 -1.890408 5.833672
v -1.184728 -1.831868 5.112483
v -1.184728 -1.891148 5.052939
v -1.184728 -1.831868 5.112483
v -1.935777 -1.890408 5.833672
v -1.992027 -1.844468 5.890110
v -1.928408 -1.799608 5.239972
v -1.184728 -1.832678 4.128129
v -1.184728 -1.780368 4.187171
v -1.184728 -1.832678 4.128129
v -1.928408 -1.799608 5.239972
v -1.992028 -1.844458 5.185862
v -1.928408 -1.799608 5.239972
v -1.992027 -1.844468 5.890110
v -1.992028 -1.844458 5.185862
v -1.992027 -1.844468 5.890110
v -1.928408 -1.799608 5.239972
v -1.928427 -1.806198 5.833642
v -1.184728 -1.891148 5.052939
v -1.935678 -1.883938 5.239912
v -1.935777 -1.890408 5.833672
v -1.935678 -1.883938 5.239912
v -1.184728 -1.891148 5.052939
v -1.184728 -1.887858 4.186800
v -1.928408 -1.799608 5.239972
v -1.184728 -1.782308 5.052722
v -1.928427 -1.806198 5.833642
v -1.184728 -1.782308 5.052722
v -1.928408 -1.799608 5.239972
v -1.184728 -1.780368 4.187171
v -1.935678 -1.883938 5.239912
v -1.184728 -1.832678 4.128129
v -1.992028 -1.844458 5.185862
v -1.184728 -1.832678 4.128129
v -1.935678 -1.883938 5.239912
v -1.184728 -1.887858 4.186800
v -0.911757 -1.891268 5.068521
v -1.184728 -1.831868 5.112483
v -0.911757 -1.829978 5.128049
v -1.184728 -1.831868 5.112483
v -0.911757 -1.891268 5.068521
v -1.184728 -1.891148 5.052939
v -1.928427 -1.806198 5.833642
v -1.184728 -1.831868 5.112483
v -1.992027 -1.844468 5.890110
v -1.184728 -1.831868 5.112483
v -1.928427 -1.806198 5.833642
v -1.184728 -1.782308 5.052722
v -0.911757 -1.777368 3.848900
v -1.184728 -1.832678 4.128129
v -0.911757 -1.830908 3.796970
v -1.184728 -1.832678 4.128129
v -0.911757 -1.777368 3.848900
v -1.184728 -1.780368 4.187171
v -0.468417 -1.891458 5.093822
v -0.911757 -1.888458 3.848590
v -0.911757 -1.891268 5.068521
v -0.911757 -1.888458 3.848590
v -0.468417 -1.891458 5.093822
v -0.468418 -1.889450 2.336700
v -0.911757 -1.777368 3.848900
v -0.468417 -1.772548 5.093709
v -0.911757 -1.778588 5.068339
v -0.468417 -1.772548 5.093709
v -0.911757 -1.777368 3.848900
v -0.468418 -1.772500 2.336910
v -0.468418 -1.889450 2.336700
v -0.911757 -1.830908 3.796970
v -0.911757 -1.888458 3.848590
v -0.911757 -1.830908 3.796970
v -0.468418 -1.889450 2.336700
v -0.468418 -1.828030 2.296550
v -0.468417 -1.772548 5.093709
v -0.911757 -1.829978 5.128049
v -0.911757 -1.778588 5.068339
v -0.911757 -1.829978 5.128049
v -0.468417 -1.772548 5.093709
v -0.468417 -1.826898 5.153339
v -0.468417 -1.891458 5.093822
v -0.911757 -1.829978 5.128049
v -0.468417 -1.826898 5.153339
v -0.911757 -1.829978 5.128049
v -0.468417 -1.891458 5.093822
v -0.911757 -1.891268 5.068521
v -0.468418 -1.772500 2.336910
v -0.911757 -1.830908 3.796970
v -0.468418 -1.828030 2.296550
v -0.911757 -1.830908 3.796970
v -0.468418 -1.772500 2.336910
v -0.911757 -1.777368 3.848900
v -0.911757 -1.891268 5.068521
v -1.184728 -1.887858 4.186800
v -1.184728 -1.891148 5.052939
v -1.184728 -1.887858 4.186800
v -0.911757 -1.891268 5.068521
v -0.911757 -1.888458 3.848590
v -1.184728 -1.780368 4.187171
v -0.911757 -1.778588 5.068339
v -1.184728 -1.782308 5.052722
v -0.911757 -1.778588 5.068339
v -1.184728 -1.780368 4.187171
v -0.911757 -1.777368 3.848900
v -0.911757 -1.888458 3.848590
v -1.184728 -1.832678 4.128129
v -1.184728 -1.887858 4.186800
v -1.184728 -1.832678 4.128129
v -0.911757 -1.888458 3.848590
v -0.911757 -1.830908 3.796970
v -0.911757 -1.778588 5.068339
v -1.184728 -1.831868 5.112483
v -1.184728 -1.782308 5.052722
v -1.184728 -1.831868 5.112483
v -0.911757 -1.778588 5.068339
v -0.911757 -1.829978 5.128049
v 1.927763 -1.833558 6.584651
v 1.942903 -1.877758 5.784911
v 1.930743 -1.867558 6.584651
v 1.942903 -1.877758 5.784911
v 1.927763 -1.833558 6.584651
v 1.937973 -1.821408 5.784911
v 1.893773 -1.836538 6.584651
v 1.937973 -1.821408 5.784911
v 1.927763 -1.833558 6.584651
v 1.937973 -1.821408 5.784911
v 1.893773 -1.836538 6.584651
v 1.881613 -1.826338 5.784911
v 1.896743 -1.870528 6.584651
v 1.881613 -1.826338 5.784911
v 1.893773 -1.836538 6.584651
v 1.881613 -1.826338 5.784911
v 1.896743 -1.870528 6.584651
v 1.886543 -1.882688 5.784911
v 1.930743 -1.867558 6.584651
v 1.886543 -1.882688 5.784911
v 1.896743 -1.870528 6.584651
v 1.886543 -1.882688 5.784911
v 1.930743 -1.867558 6.584651
v 1.942903 -1.877758 5.784911
v 1.893773 -1.836538 6.584651
v 1.927763 -1.833558 6.584651
v 1.930743 -1.867558 6.584651
v 1.896743 -1.870528 6.584651
v 1.893773 -1.836538 6.584651
v 1.930743 -1.867558 6.584651
v 1.935783 -1.890408 5.833671
v 1.992033 -1.844458 5.185861
v 1.935683 -1.883938 5.239911
v 1.992033 -1.844458 5.185861
v 1.935783 -1.890408 5.833671
v 1.992033 -1.844468 5.890110
v 1.935783 -1.890408 5.833671
v 1.184733 -1.831868 5.112483
v 1.992033 -1.844468 5.890110
v 1.184733 -1.831868 5.112483
v 1.935783 -1.890408 5.833671
v 1.184733 -1.891148 5.052939
v 1.928413 -1.799608 5.239971
v 1.184733 -1.832678 4.128129
v 1.992033 -1.844458 5.185861
v 1.184733 -1.832678 4.128129
v 1.928413 -1.799608 5.239971
v 1.184733 -1.780368 4.187171
v 1.928413 -1.799608 5.239971
v 1.992033 -1.844468 5.890110
v 1.928433 -1.806198 5.833641
v 1.992033 -1.844468 5.890110
v 1.928413 -1.799608 5.239971
v 1.992033 -1.844458 5.185861
v 1.184733 -1.891148 5.052939
v 1.935683 -1.883938 5.239911
v 1.184733 -1.887858 4.186800
v 1.935683 -1.883938 5.239911
v 1.184733 -1.891148 5.052939
v 1.935783 -1.890408 5.833671
v 1.928413 -1.799608 5.239971
v 1.184733 -1.782308 5.052722
v 1.184733 -1.780368 4.187171
v 1.184733 -1.782308 5.052722
v 1.928413 -1.799608 5.239971
v 1.928433 -1.806198 5.833641
v 1.935683 -1.883938 5.239911
v 1.184733 -1.832678 4.128129
v 1.184733 -1.887858 4.186800
v 1.184733 -1.832678 4.128129
v 1.935683 -1.883938 5.239911
v 1.992033 -1.844458 5.185861
v 0.911763 -1.891268 5.068521
v 1.184733 -1.831868 5.112483
v 1.184733 -1.891148 5.052939
v 1.184733 -1.831868 5.112483
v 0.911763 -1.891268 5.068521
v 0.911763 -1.829978 5.128049
v 1.928433 -1.806198 5.833641
v 1.184733 -1.831868 5.112483
v 1.184733 -1.782308 5.052722
v 1.184733 -1.831868 5.112483
v 1.928433 -1.806198 5.833641
v 1.992033 -1.844468 5.890110
v 0.911762 -1.777368 3.848900
v 1.184733 -1.832678 4.128129
v 1.184733 -1.780368 4.187171
v 1.184733 -1.832678 4.128129
v 0.911762 -1.777368 3.848900
v 0.911762 -1.830908 3.796970
v 0.468423 -1.891458 5.093822
v 0.911762 -1.888458 3.848590
v 0.468422 -1.889450 2.336700
v 0.911762 -1.888458 3.848590
v 0.468423 -1.891458 5.093822
v 0.911763 -1.891268 5.068521
v 0.911762 -1.777368 3.848900
v 0.468423 -1.772548 5.093709
v 0.468422 -1.772500 2.336910
v 0.468423 -1.772548 5.093709
v 0.911762 -1.777368 3.848900
v 0.911763 -1.778588 5.068339
v 0.468422 -1.889450 2.336700
v 0.911762 -1.830908 3.796970
v 0.468422 -1.828030 2.296550
v 0.911762 -1.830908 3.796970
v 0.468422 -1.889450 2.336700
v 0.911762 -1.888458 3.848590
v 0.468423 -1.772548 5.093709
v 0.911763 -1.829978 5.128049
v 0.468423 -1.826898 5.153339
v 0.911763 -1.829978 5.128049
v 0.468423 -1.772548 5.093709
v 0.911763 -1.778588 5.068339
v 0.468423 -1.891458 5.093822
v 0.911763 -1.829978 5.128049
v 0.911763 -1.891268 5.068521
v 0.911763 -1.829978 5.128049
v 0.468423 -1.891458 5.093822
v 0.468423 -1.826898 5.153339
v 0.468422 -1.772500 2.336910
v 0.911762 -1.830908 3.796970
v 0.911762 -1.777368 3.848900
v 0.911762 -1.830908 3.796970
v 0.468422 -1.772500 2.336910
v 0.468422 -1.828030 2.296550
v 0.911763 -1.891268 5.068521
v 1.184733 -1.887858 4.186800
v 0.911762 -1.888458 3.848590
v 1.184733 -1.887858 4.186800
v 0.911763 -1.891268 5.068521
v 1.184733 -1.891148 5.052939
v 1.184733 -1.780368 4.187171
v 0.911763 -1.778588 5.068339
v 0.911762 -1.777368 3.848900
v 0.911763 -1.778588 5.068339
v 1.184733 -1.780368 4.187171
v 1.184733 -1.782308 5.052722
v 0.911762 -1.888458 3.848590
v 1.184733 -1.832678 4.128129
v 0.911762 -1.830908 3.796970
v 1.184733 -1.832678 4.128129
v 0.911762 -1.888458 3.848590
v 1.184733 -1.887858 4.186800
v 0.911763 -1.778588 5.068339
v 1.184733 -1.831868 5.112483
v 0.911763 -1.829978 5.128049
v 1.184733 -1.831868 5.112483
v 0.911763 -1.778588 5.068339
v 1.184733 -1.782308 5.052722
v -1.513410 -0.779222 -3.779760
v -1.420170 -0.733272 -4.219570
v -1.557380 -0.733282 -3.723320
v -1.420170 -0.733272 -4.219570
v -1.513410 -0.779222 -3.779760
v -1.398430 -0.772752 -4.165510
v -1.513410 -0.779222 -3.779760
v -0.914430 -0.720682 -4.087540
v -0.914430 -0.779962 -4.147090
v -0.914430 -0.720682 -4.087540
v -1.513410 -0.779222 -3.779760
v -1.557380 -0.733282 -3.723320
v -1.393190 -0.688422 -4.165460
v -0.914430 -0.721492 -4.986030
v -0.914430 -0.669182 -4.902880
v -0.914430 -0.721492 -4.986030
v -1.393190 -0.688422 -4.165460
v -1.420170 -0.733272 -4.219570
v -1.393190 -0.688422 -4.165460
v -1.557380 -0.733282 -3.723320
v -1.420170 -0.733272 -4.219570
v -1.557380 -0.733282 -3.723320
v -1.393190 -0.688422 -4.165460
v -1.507660 -0.695002 -3.779790
v -0.914430 -0.779962 -4.147090
v -1.398430 -0.772752 -4.165510
v -1.513410 -0.779222 -3.779760
v -1.398430 -0.772752 -4.165510
v -0.914430 -0.779962 -4.147090
v -0.914430 -0.776662 -4.903250
v -1.393190 -0.688422 -4.165460
v -0.914430 -0.671122 -4.147300
v -1.507660 -0.695002 -3.779790
v -0.914430 -0.671122 -4.147300
v -1.393190 -0.688422 -4.165460
v -0.914430 -0.669182 -4.902880
v -1.398430 -0.772752 -4.165510
v -0.914430 -0.721492 -4.986030
v -1.420170 -0.733272 -4.219570
v -0.914430 -0.721492 -4.986030
v -1.398430 -0.772752 -4.165510
v -0.914430 -0.776662 -4.903250
v -0.536130 -0.780082 -4.226580
v -0.914430 -0.720682 -4.087540
v -0.536130 -0.718792 -4.167050
v -0.914430 -0.720682 -4.087540
v -0.536130 -0.780082 -4.226580
v -0.914430 -0.779962 -4.147090
v -1.507660 -0.695002 -3.779790
v -0.914430 -0.720682 -4.087540
v -1.557380 -0.733282 -3.723320
v -0.914430 -0.720682 -4.087540
v -1.507660 -0.695002 -3.779790
v -0.914430 -0.671122 -4.147300
v -0.536130 -0.666182 -5.480190
v -0.914430 -0.721492 -4.986030
v -0.536130 -0.719722 -5.556230
v -0.914430 -0.721492 -4.986030
v -0.536130 -0.666182 -5.480190
v -0.914430 -0.669182 -4.902880
v -0.312680 -0.780272 -3.984190
v -0.536130 -0.777272 -5.480500
v -0.536130 -0.780082 -4.226580
v -0.536130 -0.777272 -5.480500
v -0.312680 -0.780272 -3.984190
v -0.312680 -0.778262 -6.753350
v -0.536130 -0.666182 -5.480190
v -0.312680 -0.661362 -3.984310
v -0.536130 -0.667402 -4.226760
v -0.312680 -0.661362 -3.984310
v -0.536130 -0.666182 -5.480190
v -0.312680 -0.661312 -6.753140
v -0.312680 -0.778262 -6.753350
v -0.536130 -0.719722 -5.556230
v -0.536130 -0.777272 -5.480500
v -0.536130 -0.719722 -5.556230
v -0.312680 -0.778262 -6.753350
v -0.312680 -0.716842 -6.873550
v -0.312680 -0.661362 -3.984310
v -0.536130 -0.718792 -4.167050
v -0.536130 -0.667402 -4.226760
v -0.536130 -0.718792 -4.167050
v -0.312680 -0.661362 -3.984310
v -0.312680 -0.715712 -3.924680
v -0.312680 -0.780272 -3.984190
v -0.536130 -0.718792 -4.167050
v -0.312680 -0.715712 -3.924680
v -0.536130 -0.718792 -4.167050
v -0.312680 -0.780272 -3.984190
v -0.536130 -0.780082 -4.226580
v -0.312680 -0.661312 -6.753140
v -0.536130 -0.719722 -5.556230
v -0.312680 -0.716842 -6.873550
v -0.536130 -0.719722 -5.556230
v -0.312680 -0.661312 -6.753140
v -0.536130 -0.666182 -5.480190
v -0.536130 -0.780082 -4.226580
v -0.914430 -0.776662 -4.903250
v -0.914430 -0.779962 -4.147090
v -0.914430 -0.776662 -4.903250
v -0.536130 -0.780082 -4.226580
v -0.536130 -0.777272 -5.480500
v -0.914430 -0.669182 -4.902880
v -0.536130 -0.667402 -4.226760
v -0.914430 -0.671122 -4.147300
v -0.536130 -0.667402 -4.226760
v -0.914430 -0.669182 -4.902880
v -0.536130 -0.666182 -5.480190
v -0.536130 -0.777272 -5.480500
v -0.914430 -0.721492 -4.986030
v -0.914430 -0.776662 -4.903250
v -0.914430 -0.721492 -4.986030
v -0.536130 -0.777272 -5.480500
v -0.536130 -0.719722 -5.556230
v -0.536130 -0.667402 -4.226760
v -0.914430 -0.720682 -4.087540
v -0.914430 -0.671122 -4.147300
v -0.914430 -0.720682 -4.087540
v -0.536130 -0.667402 -4.226760
v -0.536130 -0.718792 -4.167050
v 1.513410 -0.779222 -3.779760
v 1.420170 -0.733272 -4.219570
v 1.398430 -0.772752 -4.165510
v 1.420170 -0.733272 -4.219570
v 1.513410 -0.779222 -3.779760
v 1.557380 -0.733282 -3.723320
v 1.513410 -0.779222 -3.779760
v 0.914430 -0.720682 -4.087540
v 1.557380 -0.733282 -3.723320
v 0.914430 -0.720682 -4.087540
v 1.513410 -0.779222 -3.779760
v 0.914430 -0.779962 -4.147090
v 1.393190 -0.688422 -4.165460
v 0.914430 -0.721492 -4.986030
v 1.420170 -0.733272 -4.219570
v 0.914430 -0.721492 -4.986030
v 1.393190 -0.688422 -4.165460
v 0.914430 -0.669182 -4.902880
v 1.393190 -0.688422 -4.165460
v 1.557380 -0.733282 -3.723320
v 1.507660 -0.695002 -3.779790
v 1.557380 -0.733282 -3.723320
v 1.393190 -0.688422 -4.165460
v 1.420170 -0.733272 -4.219570
v 0.914430 -0.779962 -4.147090
v 1.398430 -0.772752 -4.165510
v 0.914430 -0.776662 -4.903250
v 1.398430 -0.772752 -4.165510
v 0.914430 -0.779962 -4.147090
v 1.513410 -0.779222 -3.779760
v 1.393190 -0.688422 -4.165460
v 0.914430 -0.671122 -4.147300
v 0.914430 -0.669182 -4.902880
v 0.914430 -0.671122 -4.147300
v 1.393190 -0.688422 -4.165460
v 1.507660 -0.695002 -3.779790
v 1.398430 -0.772752 -4.165510
v 0.914430 -0.721492 -4.986030
v 0.914430 -0.776662 -4.903250
v 0.914430 -0.721492 -4.986030
v 1.398430 -0.772752 -4.165510
v 1.420170 -0.733272 -4.219570
v 0.536130 -0.780082 -4.226580
v 0.914430 -0.720682 -4.087540
v 0.914430 -0.779962 -4.147090
v 0.914430 -0.720682 -4.087540
v 0.536130 -0.780082 -4.226580
v 0.536130 -0.718792 -4.167050
v 1.507660 -0.695002 -3.779790
v 0.914430 -0.720682 -4.087540
v 0.914430 -0.671122 -4.147300
v 0.914430 -0.720682 -4.087540
v 1.507660 -0.695002 -3.779790
v 1.557380 -0.733282 -3.723320
v 0.536130 -0.666182 -5.480190
v 0.914430 -0.721492 -4.986030
v 0.914430 -0.669182 -4.902880
v 0.914430 -0.721492 -4.986030
v 0.536130 -0.666182 -5.480190
v 0.536130 -0.719722 -5.556230
v 0.312680 -0.780272 -3.984190
v 0.536130 -0.777272 -5.480500
v 0.312680 -0.778262 -6.753350
v 0.536130 -0.777272 -5.480500
v 0.312680 -0.780272 -3.984190
v 0.536130 -0.780082 -4.226580
v 0.536130 -0.666182 -5.480190
v 0.312680 -0.661362 -3.984310
v 0.312680 -0.661312 -6.753140
v 0.312680 -0.661362 -3.984310
v 0.536130 -0.666182 -5.480190
v 0.536130 -0.667402 -4.226760
v 0.312680 -0.778262 -6.753350
v 0.536130 -0.719722 -5.556230
v 0.312680 -0.716842 -6.873550
v 0.536130 -0.719722 -5.556230
v 0.312680 -0.778262 -6.753350
v 0.536130 -0.777272 -5.480500
v 0.312680 -0.661362 -3.984310
v 0.536130 -0.718792 -4.167050
v 0.312680 -0.715712 -3.924680
v 0.536130 -0.718792 -4.167050
v 0.312680 -0.661362 -3.984310
v 0.536130 -0.667402 -4.226760
v 0.312680 -0.780272 -3.984190
v 0.536130 -0.718792 -4.167050
v 0.536130 -0.780082 -4.226580
v 0.536130 -0.718792 -4.167050
v 0.312680 -0.780272 -3.984190
v 0.312680 -0.715712 -3.924680
v 0.312680 -0.661312 -6.753140
v 0.536130 -0.719722 -5.556230
v 0.536130 -0.666182 -5.480190
v 0.536130 -0.719722 -5.556230
v 0.312680 -0.661312 -6.753140
v 0.312680 -0.716842 -6.873550
v 0.536130 -0.780082 -4.226580
v 0.914430 -0.776662 -4.903250
v 0.536130 -0.777272 -5.480500
v 0.914430 -0.776662 -4.903250
v 0.536130 -0.780082 -4.226580
v 0.914430 -0.779962 -4.147090
v 0.914430 -0.669182 -4.902880
v 0.536130 -0.667402 -4.226760
v 0.536130 -0.666182 -5.480190
v 0.536130 -0.667402 -4.226760
v 0.914430 -0.669182 -4.902880
v 0.914430 -0.671122 -4.147300
v 0.536130 -0.777272 -5.480500
v 0.914430 -0.721492 -4.986030
v 0.536130 -0.719722 -5.556230
v 0.914430 -0.721492 -4.986030
v 0.536130 -0.777272 -5.480500
v 0.914430 -0.776662 -4.903250
v 0.536130 -0.667402 -4.226760
v 0.914430 -0.720682 -4.087540
v 0.536130 -0.718792 -4.167050
v 0.914430 -0.720682 -4.087540
v 0.536130 -0.667402 -4.226760
v 0.914430 -0.671122 -4.147300
v 0.000000 0.434778 -4.124560
v -0.231780 0.750958 -3.989570
v 0.000000 0.804208 -3.936320
v 0.000000 0.434778 -4.124560
v -0.375030 0.611538 -4.128990
v -0.231780 0.750958 -3.989570
v 0.000000 0.434778 -4.124560
v -0.375030 0.439208 -4.301320
v -0.375030 0.611538 -4.128990
v 0.000000 0.434778 -4.124560
v -0.231780 0.299788 -4.440740
v -0.375030 0.439208 -4.301320
v 0.000000 0.434778 -4.124560
v 0.000000 0.246538 -4.493990
v -0.231780 0.299788 -4.440740
v 0.000000 0.434778 -4.124560
v 0.231780 0.299788 -4.440740
v 0.000000 0.246538 -4.493990
v 0.000000 0.434778 -4.124560
v 0.375030 0.439208 -4.301320
v 0.231780 0.299788 -4.440740
v 0.000000 0.434778 -4.124560
v 0.375030 0.611538 -4.128990
v 0.375030 0.439208 -4.301320
v 0.000000 0.434778 -4.124560
v 0.231780 0.750958 -3.989570
v 0.375030 0.611538 -4.128990
v 0.000000 0.434778 -4.124560
v 0.000000 0.804208 -3.936320
v 0.231780 0.750958 -3.989570
v -0.458252 1.168648 -3.966440
v 0.000000 0.804208 -3.936320
v -0.231780 0.750958 -3.989570
v 0.000000 0.804208 -3.936320
v -0.458252 1.168648 -3.966440
v -0.000002 1.273928 -3.861160
v -0.741472 0.893008 -4.242080
v -0.231780 0.750958 -3.989570
v -0.375030 0.611538 -4.128990
v -0.231780 0.750958 -3.989570
v -0.741472 0.893008 -4.242080
v -0.458252 1.168648 -3.966440
v -0.741470 0.552298 -4.582790
v -0.375030 0.611538 -4.128990
v -0.375030 0.439208 -4.301320
v -0.375030 0.611538 -4.128990
v -0.741470 0.552298 -4.582790
v -0.741472 0.893008 -4.242080
v -0.458250 0.276668 -4.858430
v -0.375030 0.439208 -4.301320
v -0.231780 0.299788 -4.440740
v -0.375030 0.439208 -4.301320
v -0.458250 0.276668 -4.858430
v -0.741470 0.552298 -4.582790
v 0.000000 0.171378 -4.963710
v -0.231780 0.299788 -4.440740
v 0.000000 0.246538 -4.493990
v -0.231780 0.299788 -4.440740
v 0.000000 0.171378 -4.963710
v -0.458250 0.276668 -4.858430
v 0.458250 0.276668 -4.858430
v 0.000000 0.246538 -4.493990
v 0.231780 0.299788 -4.440740
v 0.000000 0.246538 -4.493990
v 0.458250 0.276668 -4.858430
v 0.000000 0.171378 -4.963710
v 0.741470 0.552298 -4.582790
v 0.231780 0.299788 -4.440740
v 0.375030 0.439208 -4.301320
v 0.231780 0.299788 -4.440740
v 0.741470 0.552298 -4.582790
v 0.458250 0.276668 -4.858430
v 0.741468 0.893008 -4.242080
v 0.375030 0.439208 -4.301320
v 0.375030 0.611538 -4.128990
v 0.375030 0.439208 -4.301320
v 0.741468 0.893008 -4.242080
v 0.741470 0.552298 -4.582790
v 0.458248 1.168648 -3.966440
v 0.375030 0.611538 -4.128990
v 0.231780 0.750958 -3.989570
v 0.375030 0.611538 -4.128990
v 0.458248 1.168648 -3.966440
v 0.741468 0.893008 -4.242080
v -0.000002 1.273928 -3.861160
v 0.231780 0.750958 -3.989570
v 0.000000 0.804208 -3.936320
v 0.231780 0.750958 -3.989570
v -0.000002 1.273928 -3.861160
v 0.458248 1.168648 -3.966440
v 0.000000 0.483988 -4.173770
v 0.000000 0.853428 -3.985530
v -0.231780 0.800178 -4.038790
v 0.000000 0.483988 -4.173770
v -0.231780 0.800178 -4.038790
v -0.375030 0.660758 -4.178210
v 0.000000 0.483988 -4.173770
v -0.375030 0.660758 -4.178210
v -0.375030 0.488428 -4.350540
v 0.000000 0.483988 -4.173770
v -0.375030 0.488428 -4.350540
v -0.231780 0.349008 -4.489950
v 0.000000 0.483988 -4.173770
v -0.231780 0.349008 -4.489950
v 0.000000 0.295758 -4.543210
v 0.000000 0.483988 -4.173770
v 0.000000 0.295758 -4.543210
v 0.231780 0.349008 -4.489950
v 0.000000 0.483988 -4.173770
v 0.231780 0.349008 -4.489950
v 0.375030 0.488428 -4.350540
v 0.000000 0.483988 -4.173770
v 0.375030 0.488428 -4.350540
v 0.375030 0.660758 -4.178210
v 0.000000 0.483988 -4.173770
v 0.375030 0.660758 -4.178210
v 0.231780 0.800178 -4.038790
v 0.000000 0.483988 -4.173770
v 0.231780 0.800178 -4.038790
v 0.000000 0.853428 -3.985530
v -0.458252 1.168648 -3.966440
v 0.000000 0.853428 -3.985530
v -0.000002 1.273928 -3.861160
v 0.000000 0.853428 -3.985530
v -0.458252 1.168648 -3.966440
v -0.231780 0.800178 -4.038790
v -0.741472 0.893008 -4.242080
v -0.231780 0.800178 -4.038790
v -0.458252 1.168648 -3.966440
v -0.231780 0.800178 -4.038790
v -0.741472 0.893008 -4.242080
v -0.375030 0.660758 -4.178210
v -0.741470 0.552298 -4.582790
v -0.375030 0.660758 -4.178210
v -0.741472 0.893008 -4.242080
v -0.375030 0.660758 -4.178210
v -0.741470 0.552298 -4.582790
v -0.375030 0.488428 -4.350540
v -0.458250 0.276668 -4.858430
v -0.375030 0.488428 -4.350540
v -0.741470 0.552298 -4.582790
v -0.375030 0.488428 -4.350540
v -0.458250 0.276668 -4.858430
v -0.231780 0.349008 -4.489950
v 0.000000 0.171378 -4.963710
v -0.231780 0.349008 -4.489950
v -0.458250 0.276668 -4.858430
v -0.231780 0.349008 -4.489950
v 0.000000 0.171378 -4.963710
v 0.000000 0.295758 -4.543210
v 0.458250 0.276668 -4.858430
v 0.000000 0.295758 -4.543210
v 0.000000 0.171378 -4.963710
v 0.000000 0.295758 -4.543210
v 0.458250 0.276668 -4.858430
v 0.231780 0.349008 -4.489950
v 0.741470 0.552298 -4.582790
v 0.231780 0.349008 -4.489950
v 0.458250 0.276668 -4.858430
v 0.231780 0.349008 -4.489950
v 0.741470 0.552298 -4.582790
v 0.375030 0.488428 -4.350540
v 0.741468 0.893008 -4.242080
v 0.375030 0.488428 -4.350540
v 0.741470 0.552298 -4.582790
v 0.375030 0.488428 -4.350540
v 0.741468 0.893008 -4.242080
v 0.375030 0.660758 -4.178210
v 0.458248 1.168648 -3.966440
v 0.375030 0.660758 -4.178210
v 0.741468 0.893008 -4.242080
v 0.375030 0.660758 -4.178210
v 0.458248 1.168648 -3.966440
v 0.231780 0.800178 -4.038790
v -0.000002 1.273928 -3.861160
v 0.231780 0.800178 -4.038790
v 0.458248 1.168648 -3.966440
v 0.231780 0.800178 -4.038790
v -0.000002 1.273928 -3.861160
v 0.000000 0.853428 -3.985530
vt 0.481070 -0.581700
vt 0.599940 -0.581700
vt 0.599940 -0.516830
vt 0.599940 -0.516830
vt 0.481070 -0.516830
vt 0.481070 -0.581700
vt 0.409550 -0.575870
vt 0.409550 -0.562630
vt 0.402970 -0.557410
vt 0.659520 -0.558320
vt 0.659520 -0.581700
vt 0.739890 -0.581700
vt 0.460520 -0.581700
vt 0.460520 -0.522640
vt 0.431420 -0.535930
vt 0.431420 -0.535930
vt 0.431420 -0.572990
vt 0.460520 -0.581700
vt 0.460520 -0.581700
vt 0.481070 -0.581700
vt 0.481070 -0.516830
vt 0.481070 -0.516830
vt 0.460520 -0.522640
vt 0.460520 -0.581700
vt 0.659520 -0.558320
vt 0.599940 -0.516830
vt 0.599940 -0.581700
vt 0.599940 -0.581700
vt 0.659520 -0.581700
vt 0.659520 -0.558320
vt 0.409550 -0.562630
vt 0.431420 -0.535930
vt 0.402970 -0.557410
vt 0.739890 -0.581700
vt 0.659520 -0.581700
vt 0.739890 -0.608470
vt 0.409550 -0.562630
vt 0.409550 -0.575870
vt 0.431420 -0.594380
vt 0.431420 -0.594380
vt 0.431420 -0.572990
vt 0.409550 -0.562630
vt 0.481070 -0.581700
vt 0.481070 -0.608470
vt 0.599940 -0.608470
vt 0.599940 -0.608470
vt 0.599940 -0.581700
vt 0.481070 -0.581700
vt 0.460520 -0.608470
vt 0.460520 -0.581700
vt 0.431420 -0.572990
vt 0.431420 -0.572990
vt 0.431420 -0.594380
vt 0.460520 -0.608470
vt 0.460520 -0.581700
vt 0.460520 -0.608470
vt 0.481070 -0.608470
vt 0.481070 -0.608470
vt 0.481070 -0.581700
vt 0.460520 -0.581700
vt 0.599940 -0.581700
vt 0.599940 -0.608470
vt 0.659520 -0.608470
vt 0.659520 -0.608470
vt 0.659520 -0.581700
vt 0.599940 -0.581700
vt 0.659520 -0.581700
vt 0.659520 -0.608470
vt 0.739890 -0.608470
vt 0.409550 -0.562630
vt 0.431420 -0.572990
vt 0.431420 -0.535930
vt 0.176870 -0.369310
vt 0.176870 -0.400600
vt 0.223760 -0.400600
vt 0.223760 -0.400600
vt 0.223760 -0.369310
vt 0.176870 -0.369310
vt 0.576520 -0.473200
vt 0.576520 -0.444150
vt 0.623420 -0.446790
vt 0.623420 -0.446790
vt 0.623420 -0.473200
vt 0.576520 -0.473200
vt 0.176870 -0.223450
vt 0.176870 -0.305620
vt 0.223760 -0.319890
vt 0.223760 -0.319890
vt 0.223760 -0.220780
vt 0.176870 -0.223450
vt 0.176870 -0.305620
vt 0.176870 -0.223450
vt 0.144930 -0.230450
vt 0.144930 -0.230450
vt 0.144930 -0.302870
vt 0.176870 -0.305620
vt 0.544580 -0.437180
vt 0.554850 -0.439420
vt 0.553070 -0.465160
vt 0.553070 -0.465160
vt 0.544580 -0.462250
vt 0.544580 -0.437180
vt 0.176870 -0.400600
vt 0.176870 -0.369310
vt 0.144930 -0.369310
vt 0.144930 -0.369310
vt 0.144930 -0.400600
vt 0.176870 -0.400600
vt 0.144930 -0.302870
vt 0.144930 -0.230450
vt 0.113250 -0.243870
vt 0.113250 -0.243870
vt 0.113250 -0.301480
vt 0.144930 -0.302870
vt 0.144930 -0.214010
vt 0.144930 -0.188940
vt 0.113250 -0.204770
vt 0.113250 -0.204770
vt 0.113250 -0.227250
vt 0.144930 -0.214010
vt 0.144930 -0.400600
vt 0.144930 -0.369310
vt 0.113250 -0.369310
vt 0.113250 -0.369310
vt 0.113250 -0.400600
vt 0.144930 -0.400600
vt 0.113250 -0.301480
vt 0.113250 -0.243870
vt 0.081840 -0.261740
vt 0.081840 -0.261740
vt 0.081840 -0.302720
vt 0.113250 -0.301480
vt 0.113250 -0.227250
vt 0.113250 -0.204770
vt 0.081840 -0.226480
vt 0.081840 -0.226480
vt 0.081840 -0.245530
vt 0.113250 -0.227250
vt 0.113250 -0.400600
vt 0.113250 -0.369310
vt 0.081840 -0.369310
vt 0.081840 -0.369310
vt 0.081840 -0.400600
vt 0.113250 -0.400600
vt 0.049970 -0.300080
vt 0.081840 -0.302720
vt 0.081840 -0.261740
vt 0.081840 -0.261740
vt 0.049970 -0.283090
vt 0.049970 -0.300080
vt 0.081840 -0.245530
vt 0.081840 -0.226480
vt 0.049970 -0.250690
vt 0.049970 -0.250690
vt 0.049970 -0.266270
vt 0.081840 -0.245530
vt 0.081840 -0.400600
vt 0.081840 -0.369310
vt 0.049970 -0.369310
vt 0.049970 -0.369310
vt 0.049970 -0.400600
vt 0.081840 -0.400600
vt 0.049970 -0.300080
vt 0.028890 -0.291350
vt 0.022290 -0.297020
vt 0.049970 -0.266270
vt 0.049970 -0.250690
vt 0.019930 -0.274300
vt 0.019930 -0.274300
vt 0.028890 -0.291350
vt 0.049970 -0.266270
vt 0.049970 -0.400600
vt 0.049970 -0.369310
vt 0.022290 -0.353730
vt 0.022290 -0.353730
vt 0.022290 -0.385250
vt 0.049970 -0.400600
vt 0.007640 -0.277960
vt 0.022290 -0.297020
vt 0.028890 -0.291350
vt 0.028890 -0.291350
vt 0.019930 -0.274300
vt 0.007640 -0.277960
vt 0.022290 -0.385250
vt 0.022290 -0.353730
vt 0.007640 -0.340780
vt 0.223760 -0.369310
vt 0.223760 -0.400600
vt 0.274600 -0.400600
vt 0.274600 -0.400600
vt 0.274600 -0.369310
vt 0.223760 -0.369310
vt 0.674250 -0.437530
vt 0.674250 -0.464830
vt 0.655520 -0.467910
vt 0.655520 -0.467910
vt 0.653550 -0.441300
vt 0.674250 -0.437530
vt 0.223760 -0.220780
vt 0.223760 -0.319890
vt 0.274600 -0.337820
vt 0.274600 -0.337820
vt 0.274600 -0.230120
vt 0.223760 -0.220780
vt 0.274600 -0.369310
vt 0.274600 -0.400600
vt 0.314110 -0.400600
vt 0.314110 -0.400600
vt 0.314110 -0.369310
vt 0.274600 -0.369310
vt 0.274600 -0.186360
vt 0.274600 -0.213660
vt 0.327970 -0.227700
vt 0.327970 -0.227700
vt 0.327970 -0.201950
vt 0.274600 -0.186360
vt 0.274600 -0.230120
vt 0.274600 -0.337820
vt 0.314110 -0.347940
vt 0.314110 -0.347940
vt 0.327970 -0.244340
vt 0.274600 -0.230120
vt 0.340470 -0.369310
vt 0.340470 -0.400600
vt 0.379110 -0.400600
vt 0.379110 -0.400600
vt 0.379110 -0.369310
vt 0.340470 -0.369310
vt 0.327970 -0.201950
vt 0.327970 -0.227700
vt 0.379110 -0.242190
vt 0.379110 -0.242190
vt 0.379110 -0.216860
vt 0.327970 -0.201950
vt 0.327970 -0.244340
vt 0.340470 -0.351860
vt 0.379110 -0.351330
vt 0.379110 -0.351330
vt 0.379110 -0.258840
vt 0.327970 -0.244340
vt 0.379110 -0.369310
vt 0.379110 -0.400600
vt 0.431070 -0.400600
vt 0.431070 -0.400600
vt 0.431070 -0.369310
vt 0.379110 -0.369310
vt 0.379110 -0.216860
vt 0.379110 -0.242190
vt 0.431070 -0.253150
vt 0.431070 -0.253150
vt 0.431070 -0.226740
vt 0.379110 -0.216860
vt 0.379110 -0.258840
vt 0.379110 -0.351330
vt 0.431070 -0.343230
vt 0.431070 -0.343230
vt 0.431070 -0.269670
vt 0.379110 -0.258840
vt 0.022290 -0.347360
vt 0.007640 -0.340780
vt 0.022290 -0.353730
vt 0.274600 -0.369310
vt 0.314110 -0.369310
vt 0.314110 -0.354760
vt 0.314110 -0.354760
vt 0.274600 -0.354760
vt 0.274600 -0.369310
vt 0.223760 -0.369310
vt 0.223760 -0.354760
vt 0.176870 -0.354760
vt 0.176870 -0.354760
vt 0.176870 -0.369310
vt 0.223760 -0.369310
vt 0.176870 -0.369310
vt 0.176870 -0.354760
vt 0.144930 -0.354760
vt 0.144930 -0.354760
vt 0.144930 -0.369310
vt 0.176870 -0.369310
vt 0.144930 -0.369310
vt 0.144930 -0.354760
vt 0.113250 -0.354760
vt 0.113250 -0.354760
vt 0.113250 -0.369310
vt 0.144930 -0.369310
vt 0.113250 -0.369310
vt 0.113250 -0.354760
vt 0.081840 -0.354760
vt 0.081840 -0.354760
vt 0.081840 -0.369310
vt 0.113250 -0.369310
vt 0.081840 -0.369310
vt 0.081840 -0.354760
vt 0.049970 -0.354760
vt 0.049970 -0.354760
vt 0.049970 -0.369310
vt 0.081840 -0.369310
vt 0.049970 -0.369310
vt 0.049970 -0.354760
vt 0.022290 -0.347360
vt 0.022290 -0.347360
vt 0.022290 -0.353730
vt 0.049970 -0.369310
vt 0.223760 -0.354760
vt 0.223760 -0.369310
vt 0.274600 -0.369310
vt 0.274600 -0.369310
vt 0.274600 -0.354760
vt 0.223760 -0.354760
vt 0.314110 -0.369310
vt 0.340470 -0.369310
vt 0.340470 -0.354760
vt 0.340470 -0.354760
vt 0.314110 -0.354760
vt 0.314110 -0.369310
vt 0.340470 -0.369310
vt 0.314110 -0.369310
vt 0.314110 -0.400600
vt 0.314110 -0.400600
vt 0.340470 -0.400600
vt 0.340470 -0.369310
vt 0.327970 -0.244340
vt 0.314110 -0.347940
vt 0.340470 -0.351860
vt 0.929860 -0.582270
vt 0.924940 -0.568740
vt 0.872480 -0.568740
vt 0.872480 -0.568740
vt 0.872480 -0.582270
vt 0.929860 -0.582270
vt 0.924940 -0.568740
vt 0.920010 -0.555220
vt 0.872480 -0.555220
vt 0.872480 -0.555220
vt 0.872480 -0.568740
vt 0.924940 -0.568740
vt 0.920010 -0.555220
vt 0.916410 -0.545320
vt 0.872480 -0.545320
vt 0.872480 -0.545320
vt 0.872480 -0.555220
vt 0.920010 -0.555220
vt 0.916410 -0.545320
vt 0.915090 -0.530930
vt 0.872490 -0.530930
vt 0.872490 -0.530930
vt 0.872480 -0.545320
vt 0.916410 -0.545320
vt 0.829120 -0.582270
vt 0.829120 -0.568740
vt 0.758160 -0.564830
vt 0.829120 -0.568740
vt 0.829120 -0.555220
vt 0.758160 -0.564830
vt 0.829120 -0.555220
vt 0.829120 -0.545320
vt 0.758160 -0.564830
vt 0.829120 -0.545320
vt 0.829120 -0.530930
vt 0.758160 -0.564830
vt 0.829120 -0.582270
vt 0.872480 -0.582270
vt 0.872480 -0.568740
vt 0.872480 -0.568740
vt 0.829120 -0.568740
vt 0.829120 -0.582270
vt 0.829120 -0.568740
vt 0.872480 -0.568740
vt 0.872480 -0.555220
vt 0.872480 -0.555220
vt 0.829120 -0.555220
vt 0.829120 -0.568740
vt 0.829120 -0.555220
vt 0.872480 -0.555220
vt 0.872480 -0.545320
vt 0.872480 -0.545320
vt 0.829120 -0.545320
vt 0.829120 -0.555220
vt 0.829120 -0.545320
vt 0.872480 -0.545320
vt 0.872490 -0.530930
vt 0.872490 -0.530930
vt 0.829120 -0.530930
vt 0.829120 -0.545320
vt 0.939390 -0.560580
vt 0.943250 -0.574100
vt 0.968170 -0.574100
vt 0.968170 -0.574100
vt 0.968170 -0.533530
vt 0.953780 -0.537160
vt 0.939390 -0.560580
vt 0.968170 -0.574100
vt 0.953780 -0.537160
vt 0.939390 -0.560580
vt 0.953780 -0.537160
vt 0.943250 -0.547050
vt 0.134860 -0.943290
vt 0.904380 -0.915610
vt 0.901800 -0.971350
vt 0.901800 -0.971350
vt 0.134290 -0.957920
vt 0.134860 -0.943290
vt 0.902140 -0.767990
vt 0.903550 -0.805640
vt 0.134770 -0.794880
vt 0.134770 -0.794880
vt 0.134220 -0.780250
vt 0.902140 -0.767990
vt 0.134290 -0.957920
vt 0.129960 -0.962000
vt 0.130740 -0.942140
vt 0.130740 -0.942140
vt 0.134860 -0.943290
vt 0.134290 -0.957920
vt 0.132750 -0.805410
vt 0.902850 -0.859640
vt 0.902400 -0.865950
vt 0.902400 -0.865950
vt 0.136680 -0.808680
vt 0.132750 -0.805410
vt 0.986810 -0.990880
vt 0.986650 -0.995040
vt 0.930680 -0.989680
vt 0.930680 -0.989680
vt 0.931040 -0.985610
vt 0.986810 -0.990880
vt 0.134220 -0.780250
vt 0.129900 -0.776160
vt 0.901980 -0.763570
vt 0.901980 -0.763570
vt 0.902140 -0.767990
vt 0.134220 -0.780250
vt 0.987950 -0.865630
vt 0.902850 -0.859640
vt 0.904320 -0.853400
vt 0.904320 -0.853400
vt 0.989670 -0.859120
vt 0.987950 -0.865630
vt 0.136080 -0.802650
vt 0.131040 -0.806480
vt 0.130650 -0.796020
vt 0.130650 -0.796020
vt 0.134770 -0.794880
vt 0.136080 -0.802650
vt 0.905540 -0.886120
vt 0.991140 -0.880630
vt 0.989650 -0.918670
vt 0.989650 -0.918670
vt 0.904380 -0.915610
vt 0.905540 -0.886120
vt 0.931020 -0.754020
vt 0.986810 -0.748860
vt 0.988820 -0.802610
vt 0.931020 -0.754020
vt 0.988820 -0.802610
vt 0.903550 -0.805640
vt 0.931020 -0.754020
vt 0.903550 -0.805640
vt 0.902140 -0.767990
vt 0.931020 -0.754020
vt 0.902140 -0.767990
vt 0.915480 -0.759300
vt 0.987950 -0.865630
vt 0.987490 -0.872150
vt 0.902400 -0.865950
vt 0.902400 -0.865950
vt 0.902850 -0.859640
vt 0.987950 -0.865630
vt 0.902020 -0.976010
vt 0.129960 -0.962000
vt 0.134290 -0.957920
vt 0.134290 -0.957920
vt 0.901800 -0.971350
vt 0.902020 -0.976010
vt 0.901980 -0.763570
vt 0.915040 -0.755220
vt 0.915480 -0.759300
vt 0.915480 -0.759300
vt 0.902140 -0.767990
vt 0.901980 -0.763570
vt 0.132750 -0.805410
vt 0.136080 -0.802650
vt 0.904320 -0.853400
vt 0.904320 -0.853400
vt 0.902850 -0.859640
vt 0.132750 -0.805410
vt 0.902020 -0.976010
vt 0.901800 -0.971350
vt 0.915450 -0.980270
vt 0.915450 -0.980270
vt 0.915050 -0.984390
vt 0.902020 -0.976010
vt 0.930670 -0.749960
vt 0.986650 -0.744700
vt 0.986810 -0.748860
vt 0.986810 -0.748860
vt 0.931020 -0.754020
vt 0.930670 -0.749960
vt 0.135160 -0.935590
vt 0.905540 -0.886120
vt 0.904380 -0.915610
vt 0.904380 -0.915610
vt 0.134860 -0.943290
vt 0.135160 -0.935590
vt 0.134770 -0.794880
vt 0.904920 -0.842180
vt 0.904320 -0.853400
vt 0.904320 -0.853400
vt 0.136080 -0.802650
vt 0.134770 -0.794880
vt 0.130740 -0.942140
vt 0.131150 -0.931680
vt 0.135160 -0.935590
vt 0.135160 -0.935590
vt 0.134860 -0.943290
vt 0.130740 -0.942140
vt 0.130650 -0.796020
vt 0.129900 -0.776160
vt 0.134220 -0.780250
vt 0.134220 -0.780250
vt 0.134770 -0.794880
vt 0.130650 -0.796020
vt 0.901800 -0.971350
vt 0.904380 -0.915610
vt 0.989650 -0.918670
vt 0.989650 -0.918670
vt 0.986810 -0.990880
vt 0.931040 -0.985610
vt 0.901800 -0.971350
vt 0.989650 -0.918670
vt 0.931040 -0.985610
vt 0.915450 -0.980270
vt 0.901800 -0.971350
vt 0.931040 -0.985610
vt 0.990190 -0.839470
vt 0.989670 -0.859120
vt 0.904320 -0.853400
vt 0.904320 -0.853400
vt 0.904920 -0.842180
vt 0.990190 -0.839470
vt 0.340470 -0.354760
vt 0.340470 -0.369310
vt 0.379110 -0.369310
vt 0.379110 -0.369310
vt 0.379110 -0.354760
vt 0.340470 -0.354760
vt 0.379110 -0.354760
vt 0.379110 -0.369310
vt 0.431070 -0.369310
vt 0.431070 -0.369310
vt 0.431070 -0.354760
vt 0.379110 -0.354760
vt 0.903550 -0.805640
vt 0.904920 -0.842180
vt 0.134770 -0.794880
vt 0.988820 -0.802610
vt 0.990190 -0.839470
vt 0.904920 -0.842180
vt 0.904920 -0.842180
vt 0.903550 -0.805640
vt 0.988820 -0.802610
vt 0.930680 -0.989680
vt 0.915050 -0.984390
vt 0.915450 -0.980270
vt 0.915450 -0.980270
vt 0.931040 -0.985610
vt 0.930680 -0.989680
vt 0.915040 -0.755220
vt 0.930670 -0.749960
vt 0.931020 -0.754020
vt 0.931020 -0.754020
vt 0.915480 -0.759300
vt 0.915040 -0.755220
vt 0.049970 -0.266270
vt 0.028890 -0.291350
vt 0.049970 -0.283090
vt 0.576520 -0.444150
vt 0.576520 -0.427740
vt 0.623420 -0.430410
vt 0.623420 -0.430410
vt 0.623420 -0.446790
vt 0.576520 -0.444150
vt 0.554850 -0.439420
vt 0.544580 -0.437180
vt 0.576520 -0.427740
vt 0.576520 -0.427740
vt 0.576520 -0.444150
vt 0.554850 -0.439420
vt 0.144930 -0.230450
vt 0.144930 -0.214010
vt 0.113250 -0.227250
vt 0.113250 -0.227250
vt 0.113250 -0.243870
vt 0.144930 -0.230450
vt 0.113250 -0.243870
vt 0.113250 -0.227250
vt 0.081840 -0.245530
vt 0.081840 -0.245530
vt 0.081840 -0.261740
vt 0.113250 -0.243870
vt 0.081840 -0.261740
vt 0.081840 -0.245530
vt 0.049970 -0.266270
vt 0.049970 -0.266270
vt 0.049970 -0.283090
vt 0.081840 -0.261740
vt 0.274600 -0.230120
vt 0.274600 -0.213660
vt 0.223760 -0.220780
vt 0.274600 -0.213660
vt 0.274600 -0.230120
vt 0.327970 -0.244340
vt 0.327970 -0.244340
vt 0.327970 -0.227700
vt 0.274600 -0.213660
vt 0.327970 -0.227700
vt 0.327970 -0.244340
vt 0.379110 -0.258840
vt 0.379110 -0.258840
vt 0.379110 -0.242190
vt 0.327970 -0.227700
vt 0.379110 -0.242190
vt 0.379110 -0.258840
vt 0.431070 -0.269670
vt 0.431070 -0.269670
vt 0.431070 -0.253150
vt 0.379110 -0.242190
vt 0.049970 -0.300080
vt 0.049970 -0.283090
vt 0.028890 -0.291350
vt 0.481070 -0.581700
vt 0.481070 -0.516830
vt 0.599940 -0.516830
vt 0.599940 -0.516830
vt 0.599940 -0.581700
vt 0.481070 -0.581700
vt 0.409550 -0.575870
vt 0.402970 -0.557410
vt 0.409550 -0.562630
vt 0.659520 -0.558320
vt 0.739890 -0.581700
vt 0.659520 -0.581700
vt 0.460520 -0.581700
vt 0.431420 -0.572990
vt 0.431420 -0.535930
vt 0.431420 -0.535930
vt 0.460520 -0.522640
vt 0.460520 -0.581700
vt 0.460520 -0.581700
vt 0.460520 -0.522640
vt 0.481070 -0.516830
vt 0.481070 -0.516830
vt 0.481070 -0.581700
vt 0.460520 -0.581700
vt 0.659520 -0.558320
vt 0.659520 -0.581700
vt 0.599940 -0.581700
vt 0.599940 -0.581700
vt 0.599940 -0.516830
vt 0.659520 -0.558320
vt 0.409550 -0.562630
vt 0.402970 -0.557410
vt 0.431420 -0.535930
vt 0.739890 -0.581700
vt 0.739890 -0.608470
vt 0.659520 -0.581700
vt 0.409550 -0.562630
vt 0.431420 -0.572990
vt 0.431420 -0.594380
vt 0.431420 -0.594380
vt 0.409550 -0.575870
vt 0.409550 -0.562630
vt 0.481070 -0.581700
vt 0.599940 -0.581700
vt 0.599940 -0.608470
vt 0.599940 -0.608470
vt 0.481070 -0.608470
vt 0.481070 -0.581700
vt 0.460520 -0.608470
vt 0.431420 -0.594380
vt 0.431420 -0.572990
vt 0.431420 -0.572990
vt 0.460520 -0.581700
vt 0.460520 -0.608470
vt 0.460520 -0.581700
vt 0.481070 -0.581700
vt 0.481070 -0.608470
vt 0.481070 -0.608470
vt 0.460520 -0.608470
vt 0.460520 -0.581700
vt 0.599940 -0.581700
vt 0.659520 -0.581700
vt 0.659520 -0.608470
vt 0.659520 -0.608470
vt 0.599940 -0.608470
vt 0.599940 -0.581700
vt 0.659520 -0.581700
vt 0.739890 -0.608470
vt 0.659520 -0.608470
vt 0.409550 -0.562630
vt 0.431420 -0.535930
vt 0.431420 -0.572990
vt 0.176870 -0.369310
vt 0.223760 -0.369310
vt 0.223760 -0.400600
vt 0.223760 -0.400600
vt 0.176870 -0.400600
vt 0.176870 -0.369310
vt 0.576520 -0.473200
vt 0.623420 -0.473200
vt 0.623420 -0.446660
vt 0.623420 -0.446660
vt 0.576520 -0.444020
vt 0.576520 -0.473200
vt 0.176870 -0.132530
vt 0.223760 -0.135200
vt 0.223760 -0.036090
vt 0.223760 -0.036090
vt 0.176870 -0.050360
vt 0.176870 -0.132530
vt 0.176870 -0.050360
vt 0.144930 -0.053100
vt 0.144930 -0.125530
vt 0.144930 -0.125530
vt 0.176870 -0.132530
vt 0.176870 -0.050360
vt 0.553070 -0.465020
vt 0.554100 -0.439120
vt 0.544580 -0.437040
vt 0.544580 -0.437040
vt 0.544580 -0.462110
vt 0.553070 -0.465020
vt 0.176870 -0.400600
vt 0.144930 -0.400600
vt 0.144930 -0.369310
vt 0.144930 -0.369310
vt 0.176870 -0.369310
vt 0.176870 -0.400600
vt 0.144930 -0.053100
vt 0.113250 -0.054500
vt 0.113250 -0.112110
vt 0.113250 -0.112110
vt 0.144930 -0.125530
vt 0.144930 -0.053100
vt 0.144930 -0.141970
vt 0.113250 -0.128730
vt 0.113250 -0.151210
vt 0.113250 -0.151210
vt 0.144930 -0.167030
vt 0.144930 -0.141970
vt 0.144930 -0.400600
vt 0.113250 -0.400600
vt 0.113250 -0.369310
vt 0.113250 -0.369310
vt 0.144930 -0.369310
vt 0.144930 -0.400600
vt 0.113250 -0.054500
vt 0.081840 -0.053260
vt 0.081840 -0.094240
vt 0.081840 -0.094240
vt 0.113250 -0.112110
vt 0.113250 -0.054500
vt 0.113250 -0.128730
vt 0.081840 -0.110450
vt 0.081840 -0.129500
vt 0.081840 -0.129500
vt 0.113250 -0.151210
vt 0.113250 -0.128730
vt 0.113250 -0.400600
vt 0.081840 -0.400600
vt 0.081840 -0.369310
vt 0.081840 -0.369310
vt 0.113250 -0.369310
vt 0.113250 -0.400600
vt 0.049970 -0.055890
vt 0.049970 -0.072890
vt 0.081840 -0.094240
vt 0.081840 -0.094240
vt 0.081840 -0.053260
vt 0.049970 -0.055890
vt 0.081840 -0.110450
vt 0.049970 -0.089710
vt 0.049970 -0.105290
vt 0.049970 -0.105290
vt 0.081840 -0.129500
vt 0.081840 -0.110450
vt 0.081840 -0.400600
vt 0.049970 -0.400600
vt 0.049970 -0.369310
vt 0.049970 -0.369310
vt 0.081840 -0.369310
vt 0.081840 -0.400600
vt 0.049970 -0.055890
vt 0.022290 -0.058950
vt 0.028890 -0.064630
vt 0.049970 -0.089710
vt 0.028890 -0.064630
vt 0.019930 -0.081680
vt 0.019930 -0.081680
vt 0.049970 -0.105290
vt 0.049970 -0.089710
vt 0.049970 -0.400600
vt 0.022290 -0.385250
vt 0.022290 -0.353730
vt 0.022290 -0.353730
vt 0.049970 -0.369310
vt 0.049970 -0.400600
vt 0.007640 -0.078010
vt 0.028890 -0.064630
vt 0.022290 -0.058950
vt 0.028890 -0.064630
vt 0.007640 -0.078010
vt 0.019930 -0.081680
vt 0.022290 -0.385250
vt 0.007640 -0.340780
vt 0.022290 -0.353730
vt 0.223760 -0.369310
vt 0.274600 -0.369310
vt 0.274600 -0.400600
vt 0.274600 -0.400600
vt 0.223760 -0.400600
vt 0.223760 -0.369310
vt 0.674250 -0.437390
vt 0.651960 -0.441450
vt 0.655520 -0.467780
vt 0.655520 -0.467780
vt 0.674250 -0.464690
vt 0.674250 -0.437390
vt 0.223760 -0.135200
vt 0.274600 -0.125850
vt 0.274600 -0.018160
vt 0.274600 -0.018160
vt 0.223760 -0.036090
vt 0.223760 -0.135200
vt 0.274600 -0.369310
vt 0.314110 -0.369310
vt 0.314110 -0.400600
vt 0.314110 -0.400600
vt 0.274600 -0.400600
vt 0.274600 -0.369310
vt 0.274600 -0.169610
vt 0.327970 -0.154030
vt 0.327970 -0.128280
vt 0.327970 -0.128280
vt 0.274600 -0.142310
vt 0.274600 -0.169610
vt 0.274600 -0.125850
vt 0.327970 -0.111640
vt 0.314110 -0.008040
vt 0.314110 -0.008040
vt 0.274600 -0.018160
vt 0.274600 -0.125850
vt 0.340470 -0.369310
vt 0.379110 -0.369310
vt 0.379110 -0.400600
vt 0.379110 -0.400600
vt 0.340470 -0.400600
vt 0.340470 -0.369310
vt 0.327970 -0.154030
vt 0.379110 -0.139110
vt 0.379110 -0.113790
vt 0.379110 -0.113790
vt 0.327970 -0.128280
vt 0.327970 -0.154030
vt 0.327970 -0.111640
vt 0.379110 -0.097140
vt 0.379110 -0.004650
vt 0.379110 -0.004650
vt 0.340470 -0.004110
vt 0.327970 -0.111640
vt 0.379110 -0.369310
vt 0.431070 -0.369310
vt 0.431070 -0.400600
vt 0.431070 -0.400600
vt 0.379110 -0.400600
vt 0.379110 -0.369310
vt 0.379110 -0.139110
vt 0.431070 -0.129240
vt 0.431070 -0.102830
vt 0.431070 -0.102830
vt 0.379110 -0.113790
vt 0.379110 -0.139110
vt 0.379110 -0.097140
vt 0.431070 -0.086310
vt 0.431070 -0.012740
vt 0.431070 -0.012740
vt 0.379110 -0.004650
vt 0.379110 -0.097140
vt 0.022290 -0.347360
vt 0.022290 -0.353730
vt 0.007640 -0.340780
vt 0.274600 -0.369310
vt 0.274600 -0.354760
vt 0.314110 -0.354760
vt 0.314110 -0.354760
vt 0.314110 -0.369310
vt 0.274600 -0.369310
vt 0.223760 -0.369310
vt 0.176870 -0.369310
vt 0.176870 -0.354760
vt 0.176870 -0.354760
vt 0.223760 -0.354760
vt 0.223760 -0.369310
vt 0.176870 -0.369310
vt 0.144930 -0.369310
vt 0.144930 -0.354760
vt 0.144930 -0.354760
vt 0.176870 -0.354760
vt 0.176870 -0.369310
vt 0.144930 -0.369310
vt 0.113250 -0.369310
vt 0.113250 -0.354760
vt 0.113250 -0.354760
vt 0.144930 -0.354760
vt 0.144930 -0.369310
vt 0.113250 -0.369310
vt 0.081840 -0.369310
vt 0.081840 -0.354760
vt 0.081840 -0.354760
vt 0.113250 -0.354760
vt 0.113250 -0.369310
vt 0.081840 -0.369310
vt 0.049970 -0.369310
vt 0.049970 -0.354760
vt 0.049970 -0.354760
vt 0.081840 -0.354760
vt 0.081840 -0.369310
vt 0.049970 -0.369310
vt 0.022290 -0.353730
vt 0.022290 -0.347360
vt 0.022290 -0.347360
vt 0.049970 -0.354760
vt 0.049970 -0.369310
vt 0.223760 -0.354760
vt 0.274600 -0.354760
vt 0.274600 -0.369310
vt 0.274600 -0.369310
vt 0.223760 -0.369310
vt 0.223760 -0.354760
vt 0.314110 -0.369310
vt 0.314110 -0.354760
vt 0.340470 -0.354760
vt 0.340470 -0.354760
vt 0.340470 -0.369310
vt 0.314110 -0.369310
vt 0.340470 -0.369310
vt 0.340470 -0.400600
vt 0.314110 -0.400600
vt 0.314110 -0.400600
vt 0.314110 -0.369310
vt 0.340470 -0.369310
vt 0.327970 -0.111640
vt 0.340470 -0.004110
vt 0.314110 -0.008040
vt 0.929860 -0.582270
vt 0.872480 -0.582270
vt 0.872480 -0.568740
vt 0.872480 -0.568740
vt 0.924940 -0.568740
vt 0.929860 -0.582270
vt 0.924940 -0.568740
vt 0.872480 -0.568740
vt 0.872480 -0.555220
vt 0.872480 -0.555220
vt 0.920010 -0.555220
vt 0.924940 -0.568740
vt 0.920010 -0.555220
vt 0.872480 -0.555220
vt 0.872480 -0.545320
vt 0.872480 -0.545320
vt 0.916410 -0.545320
vt 0.920010 -0.555220
vt 0.916410 -0.545320
vt 0.872480 -0.545320
vt 0.872490 -0.530930
vt 0.872490 -0.530930
vt 0.915090 -0.530930
vt 0.916410 -0.545320
vt 0.829120 -0.582270
vt 0.758160 -0.564830
vt 0.829120 -0.568740
vt 0.829120 -0.568740
vt 0.758160 -0.564830
vt 0.829120 -0.555220
vt 0.829120 -0.555220
vt 0.758160 -0.564830
vt 0.829120 -0.545320
vt 0.829120 -0.545320
vt 0.758160 -0.564830
vt 0.829120 -0.530930
vt 0.829120 -0.582270
vt 0.829120 -0.568740
vt 0.872480 -0.568740
vt 0.872480 -0.568740
vt 0.872480 -0.582270
vt 0.829120 -0.582270
vt 0.829120 -0.568740
vt 0.829120 -0.555220
vt 0.872480 -0.555220
vt 0.872480 -0.555220
vt 0.872480 -0.568740
vt 0.829120 -0.568740
vt 0.829120 -0.555220
vt 0.829120 -0.545320
vt 0.872480 -0.545320
vt 0.872480 -0.545320
vt 0.872480 -0.555220
vt 0.829120 -0.555220
vt 0.829120 -0.545320
vt 0.829120 -0.530930
vt 0.872490 -0.530930
vt 0.872490 -0.530930
vt 0.872480 -0.545320
vt 0.829120 -0.545320
vt 0.939390 -0.560580
vt 0.943250 -0.547050
vt 0.953780 -0.537160
vt 0.953780 -0.537160
vt 0.968170 -0.533530
vt 0.968170 -0.574100
vt 0.939390 -0.560580
vt 0.953780 -0.537160
vt 0.968170 -0.574100
vt 0.939390 -0.560580
vt 0.968170 -0.574100
vt 0.943250 -0.574100
vt 0.134860 -0.943290
vt 0.134290 -0.957920
vt 0.901800 -0.971350
vt 0.901800 -0.971350
vt 0.904380 -0.915610
vt 0.134860 -0.943290
vt 0.902140 -0.632190
vt 0.134220 -0.644460
vt 0.134770 -0.659080
vt 0.134770 -0.659080
vt 0.903550 -0.669850
vt 0.902140 -0.632190
vt 0.134290 -0.957920
vt 0.134860 -0.943290
vt 0.130740 -0.942140
vt 0.130740 -0.942140
vt 0.129960 -0.962000
vt 0.134290 -0.957920
vt 0.132750 -0.669610
vt 0.136680 -0.672890
vt 0.902400 -0.730160
vt 0.902400 -0.730160
vt 0.902850 -0.723850
vt 0.132750 -0.669610
vt 0.986810 -0.990880
vt 0.931040 -0.985610
vt 0.930680 -0.989680
vt 0.930680 -0.989680
vt 0.986650 -0.995040
vt 0.986810 -0.990880
vt 0.134220 -0.644460
vt 0.902140 -0.632190
vt 0.901980 -0.627780
vt 0.901980 -0.627780
vt 0.129900 -0.640370
vt 0.134220 -0.644460
vt 0.987950 -0.729840
vt 0.989670 -0.723330
vt 0.904320 -0.717610
vt 0.904320 -0.717610
vt 0.902850 -0.723850
vt 0.987950 -0.729840
vt 0.136080 -0.666860
vt 0.134770 -0.659080
vt 0.130650 -0.660230
vt 0.130650 -0.660230
vt 0.131040 -0.670690
vt 0.136080 -0.666860
vt 0.905540 -0.886120
vt 0.904380 -0.915610
vt 0.989650 -0.918670
vt 0.989650 -0.918670
vt 0.991140 -0.880630
vt 0.905540 -0.886120
vt 0.931020 -0.618230
vt 0.915480 -0.623510
vt 0.902140 -0.632190
vt 0.931020 -0.618230
vt 0.902140 -0.632190
vt 0.903550 -0.669850
vt 0.931020 -0.618230
vt 0.903550 -0.669850
vt 0.988820 -0.666820
vt 0.931020 -0.618230
vt 0.988820 -0.666820
vt 0.986810 -0.613070
vt 0.987950 -0.729840
vt 0.902850 -0.723850
vt 0.902400 -0.730160
vt 0.902400 -0.730160
vt 0.987490 -0.736360
vt 0.987950 -0.729840
vt 0.902020 -0.976010
vt 0.901800 -0.971350
vt 0.134290 -0.957920
vt 0.134290 -0.957920
vt 0.129960 -0.962000
vt 0.902020 -0.976010
vt 0.901980 -0.627780
vt 0.902140 -0.632190
vt 0.915480 -0.623510
vt 0.915480 -0.623510
vt 0.915040 -0.619430
vt 0.901980 -0.627780
vt 0.132750 -0.669610
vt 0.902850 -0.723850
vt 0.904320 -0.717610
vt 0.904320 -0.717610
vt 0.136080 -0.666860
vt 0.132750 -0.669610
vt 0.902020 -0.976010
vt 0.915050 -0.984390
vt 0.915450 -0.980270
vt 0.915450 -0.980270
vt 0.901800 -0.971350
vt 0.902020 -0.976010
vt 0.930670 -0.614170
vt 0.931020 -0.618230
vt 0.986810 -0.613070
vt 0.986810 -0.613070
vt 0.986650 -0.608910
vt 0.930670 -0.614170
vt 0.135160 -0.935590
vt 0.134860 -0.943290
vt 0.904380 -0.915610
vt 0.904380 -0.915610
vt 0.905540 -0.886120
vt 0.135160 -0.935590
vt 0.134770 -0.659080
vt 0.136080 -0.666860
vt 0.904320 -0.717610
vt 0.904320 -0.717610
vt 0.904920 -0.706390
vt 0.134770 -0.659080
vt 0.130740 -0.942140
vt 0.134860 -0.943290
vt 0.135160 -0.935590
vt 0.135160 -0.935590
vt 0.131150 -0.931680
vt 0.130740 -0.942140
vt 0.130650 -0.660230
vt 0.134770 -0.659080
vt 0.134220 -0.644460
vt 0.134220 -0.644460
vt 0.129900 -0.640370
vt 0.130650 -0.660230
vt 0.931040 -0.985610
vt 0.986810 -0.990880
vt 0.989650 -0.918670
vt 0.915450 -0.980270
vt 0.931040 -0.985610
vt 0.989650 -0.918670
vt 0.915450 -0.980270
vt 0.989650 -0.918670
vt 0.904380 -0.915610
vt 0.915450 -0.980270
vt 0.904380 -0.915610
vt 0.901800 -0.971350
vt 0.990190 -0.703680
vt 0.904920 -0.706390
vt 0.904320 -0.717610
vt 0.904320 -0.717610
vt 0.989670 -0.723330
vt 0.990190 -0.703680
vt 0.340470 -0.354760
vt 0.379110 -0.354760
vt 0.379110 -0.369310
vt 0.379110 -0.369310
vt 0.340470 -0.369310
vt 0.340470 -0.354760
vt 0.379110 -0.354760
vt 0.431070 -0.354760
vt 0.431070 -0.369310
vt 0.431070 -0.369310
vt 0.379110 -0.369310
vt 0.379110 -0.354760
vt 0.903550 -0.669850
vt 0.134770 -0.659080
vt 0.904920 -0.706390
vt 0.988820 -0.666820
vt 0.903550 -0.669850
vt 0.904920 -0.706390
vt 0.904920 -0.706390
vt 0.990190 -0.703680
vt 0.988820 -0.666820
vt 0.930680 -0.989680
vt 0.931040 -0.985610
vt 0.915450 -0.980270
vt 0.915450 -0.980270
vt 0.915050 -0.984390
vt 0.930680 -0.989680
vt 0.915040 -0.619430
vt 0.915480 -0.623510
vt 0.931020 -0.618230
vt 0.931020 -0.618230
vt 0.930670 -0.614170
vt 0.915040 -0.619430
vt 0.049970 -0.089710
vt 0.049970 -0.072890
vt 0.028890 -0.064630
vt 0.576520 -0.444020
vt 0.623420 -0.446660
vt 0.623420 -0.430280
vt 0.623420 -0.430280
vt 0.576520 -0.427600
vt 0.576520 -0.444020
vt 0.144930 -0.141970
vt 0.176870 -0.132530
vt 0.144930 -0.125530
vt 0.144930 -0.125530
vt 0.113250 -0.112110
vt 0.113250 -0.128730
vt 0.113250 -0.128730
vt 0.144930 -0.141970
vt 0.144930 -0.125530
vt 0.113250 -0.112110
vt 0.081840 -0.094240
vt 0.081840 -0.110450
vt 0.081840 -0.110450
vt 0.113250 -0.128730
vt 0.113250 -0.112110
vt 0.081840 -0.094240
vt 0.049970 -0.072890
vt 0.049970 -0.089710
vt 0.049970 -0.089710
vt 0.081840 -0.110450
vt 0.081840 -0.094240
vt 0.274600 -0.125850
vt 0.223760 -0.135200
vt 0.274600 -0.142310
vt 0.274600 -0.142310
vt 0.327970 -0.128280
vt 0.327970 -0.111640
vt 0.327970 -0.111640
vt 0.274600 -0.125850
vt 0.274600 -0.142310
vt 0.327970 -0.128280
vt 0.379110 -0.113790
vt 0.379110 -0.097140
vt 0.379110 -0.097140
vt 0.327970 -0.111640
vt 0.327970 -0.128280
vt 0.379110 -0.113790
vt 0.431070 -0.102830
vt 0.431070 -0.086310
vt 0.431070 -0.086310
vt 0.379110 -0.097140
vt 0.379110 -0.113790
vt 0.049970 -0.055890
vt 0.028890 -0.064630
vt 0.049970 -0.072890
vt 0.463020 -0.751970
vt 0.488480 -0.751970
vt 0.487130 -0.750170
vt 0.487130 -0.750170
vt 0.462680 -0.750170
vt 0.463020 -0.751970
vt 0.520850 -0.740500
vt 0.517530 -0.740500
vt 0.517530 -0.743720
vt 0.520850 -0.743720
vt 0.520850 -0.740500
vt 0.517530 -0.743720
vt 0.469810 -0.732860
vt 0.462680 -0.750170
vt 0.487130 -0.750170
vt 0.487130 -0.750170
vt 0.494090 -0.732860
vt 0.469810 -0.732860
vt 0.497000 -0.730390
vt 0.470260 -0.730390
vt 0.469810 -0.732860
vt 0.469810 -0.732860
vt 0.494090 -0.732860
vt 0.497000 -0.730390
vt 0.469810 -0.732860
vt 0.494090 -0.732860
vt 0.487130 -0.750170
vt 0.487130 -0.750170
vt 0.462680 -0.750170
vt 0.469810 -0.732860
vt 0.488480 -0.751970
vt 0.497000 -0.730390
vt 0.494090 -0.732860
vt 0.494090 -0.732860
vt 0.487130 -0.750170
vt 0.488480 -0.751970
vt 0.520850 -0.737280
vt 0.571660 -0.737280
vt 0.571660 -0.734060
vt 0.571660 -0.734060
vt 0.520850 -0.734060
vt 0.520850 -0.737280
vt 0.520850 -0.740500
vt 0.571660 -0.740500
vt 0.571660 -0.737280
vt 0.571660 -0.737280
vt 0.520850 -0.737280
vt 0.520850 -0.740500
vt 0.520850 -0.743720
vt 0.571660 -0.743720
vt 0.571660 -0.740500
vt 0.571660 -0.740500
vt 0.520850 -0.740500
vt 0.520850 -0.743720
vt 0.520850 -0.746940
vt 0.571660 -0.746940
vt 0.571660 -0.743720
vt 0.571660 -0.743720
vt 0.520850 -0.743720
vt 0.520850 -0.746940
vt 0.574190 -0.740500
vt 0.571660 -0.740500
vt 0.571660 -0.743720
vt 0.571660 -0.743720
vt 0.574190 -0.743720
vt 0.574190 -0.740500
vt 0.431070 -0.369310
vt 0.431070 -0.400600
vt 0.482850 -0.400600
vt 0.482850 -0.400600
vt 0.482850 -0.369310
vt 0.431070 -0.369310
vt 0.431070 -0.269670
vt 0.431070 -0.343230
vt 0.482850 -0.333010
vt 0.482850 -0.333010
vt 0.482850 -0.271480
vt 0.431070 -0.269670
vt 0.482850 -0.369310
vt 0.482850 -0.400600
vt 0.534940 -0.400600
vt 0.534940 -0.400600
vt 0.534940 -0.369310
vt 0.482850 -0.369310
vt 0.482850 -0.271480
vt 0.482850 -0.333010
vt 0.530330 -0.327430
vt 0.530330 -0.327430
vt 0.530330 -0.271880
vt 0.482850 -0.271480
vt 0.534940 -0.369310
vt 0.534940 -0.400600
vt 0.586560 -0.400600
vt 0.586560 -0.400600
vt 0.586560 -0.369310
vt 0.534940 -0.369310
vt 0.530330 -0.271880
vt 0.530330 -0.327430
vt 0.577350 -0.322960
vt 0.577350 -0.322960
vt 0.577350 -0.271380
vt 0.530330 -0.271880
vt 0.627890 -0.400600
vt 0.707090 -0.400600
vt 0.707090 -0.369310
vt 0.707090 -0.369310
vt 0.627890 -0.369310
vt 0.627890 -0.400600
vt 0.627890 -0.268040
vt 0.627890 -0.320100
vt 0.707090 -0.315960
vt 0.707090 -0.315960
vt 0.707090 -0.268130
vt 0.627890 -0.268040
vt 0.146950 -0.629970
vt 0.226140 -0.629970
vt 0.226140 -0.571390
vt 0.226140 -0.571390
vt 0.146950 -0.569600
vt 0.146950 -0.629970
vt 0.822020 -0.400600
vt 0.868660 -0.400600
vt 0.868660 -0.369310
vt 0.868660 -0.369310
vt 0.822020 -0.369310
vt 0.822020 -0.400600
vt 0.822020 -0.274490
vt 0.868660 -0.275310
vt 0.868660 -0.266390
vt 0.868660 -0.266390
vt 0.822020 -0.264140
vt 0.822020 -0.274490
vt 0.822020 -0.306020
vt 0.868660 -0.291160
vt 0.868660 -0.275310
vt 0.868660 -0.275310
vt 0.822020 -0.274490
vt 0.822020 -0.306020
vt 0.868660 -0.400600
vt 0.905520 -0.400600
vt 0.905520 -0.369310
vt 0.905520 -0.369310
vt 0.868660 -0.369310
vt 0.868660 -0.400600
vt 0.868660 -0.291160
vt 0.907340 -0.272930
vt 0.905520 -0.269010
vt 0.905520 -0.269010
vt 0.868660 -0.275310
vt 0.868660 -0.291160
vt 0.305330 -0.559640
vt 0.226140 -0.556040
vt 0.226140 -0.571390
vt 0.226140 -0.571390
vt 0.305330 -0.574980
vt 0.305330 -0.559640
vt 0.305330 -0.539410
vt 0.226140 -0.537610
vt 0.226140 -0.556040
vt 0.226140 -0.556040
vt 0.305330 -0.559640
vt 0.305330 -0.539410
vt 0.305330 -0.519500
vt 0.226140 -0.519500
vt 0.226140 -0.537610
vt 0.226140 -0.537610
vt 0.305330 -0.539410
vt 0.305330 -0.519500
vt 0.341070 -0.519500
vt 0.341070 -0.542960
vt 0.388440 -0.545970
vt 0.388440 -0.545970
vt 0.388440 -0.519500
vt 0.341070 -0.519500
vt 0.341070 -0.542960
vt 0.341070 -0.564300
vt 0.391200 -0.578990
vt 0.391200 -0.578990
vt 0.388440 -0.545970
vt 0.341070 -0.542960
vt 0.341070 -0.564300
vt 0.341070 -0.579680
vt 0.395430 -0.589510
vt 0.395430 -0.589510
vt 0.391200 -0.578990
vt 0.341070 -0.564300
vt 0.341070 -0.579680
vt 0.387710 -0.602040
vt 0.395430 -0.589510
vt 0.406410 -0.606930
vt 0.401250 -0.599820
vt 0.387710 -0.602040
vt 0.627890 -0.369310
vt 0.586560 -0.369310
vt 0.586560 -0.400600
vt 0.586560 -0.400600
vt 0.627890 -0.400600
vt 0.627890 -0.369310
vt 0.627890 -0.268040
vt 0.577350 -0.271380
vt 0.577350 -0.322960
vt 0.577350 -0.322960
vt 0.627890 -0.320100
vt 0.627890 -0.268040
vt 0.341070 -0.585620
vt 0.341070 -0.579680
vt 0.305330 -0.574980
vt 0.822020 -0.369310
vt 0.786280 -0.369310
vt 0.786280 -0.400600
vt 0.786280 -0.400600
vt 0.822020 -0.400600
vt 0.822020 -0.369310
vt 0.822020 -0.274490
vt 0.786280 -0.272900
vt 0.786280 -0.311080
vt 0.786280 -0.311080
vt 0.822020 -0.306020
vt 0.822020 -0.274490
vt 0.822020 -0.264140
vt 0.786280 -0.264690
vt 0.786280 -0.272900
vt 0.786280 -0.272900
vt 0.822020 -0.274490
vt 0.822020 -0.264140
vt 0.341070 -0.564300
vt 0.305330 -0.559640
vt 0.305330 -0.574980
vt 0.305330 -0.574980
vt 0.341070 -0.579680
vt 0.341070 -0.564300
vt 0.341070 -0.542960
vt 0.305330 -0.539410
vt 0.305330 -0.559640
vt 0.305330 -0.559640
vt 0.341070 -0.564300
vt 0.341070 -0.542960
vt 0.341070 -0.519500
vt 0.305330 -0.519500
vt 0.305330 -0.539410
vt 0.305330 -0.539410
vt 0.341070 -0.542960
vt 0.341070 -0.519500
vt 0.909440 -0.354760
vt 0.909440 -0.369310
vt 0.957860 -0.365330
vt 0.387710 -0.602040
vt 0.401250 -0.599820
vt 0.395430 -0.589510
vt 0.905520 -0.269010
vt 0.868660 -0.266390
vt 0.868660 -0.275310
vt 0.387710 -0.602040
vt 0.341070 -0.585620
vt 0.341070 -0.626470
vt 0.341070 -0.626470
vt 0.387710 -0.628500
vt 0.387710 -0.602040
vt 0.341070 -0.585620
vt 0.305330 -0.574980
vt 0.305330 -0.627140
vt 0.305330 -0.627140
vt 0.341070 -0.626470
vt 0.341070 -0.585620
vt 0.341070 -0.579680
vt 0.341070 -0.585620
vt 0.387710 -0.602040
vt 0.984380 -0.365330
vt 0.957860 -0.365330
vt 0.957860 -0.373840
vt 0.957860 -0.373840
vt 0.982620 -0.373840
vt 0.984380 -0.365330
vt 0.980060 -0.388330
vt 0.993840 -0.392010
vt 0.984380 -0.365330
vt 0.984380 -0.365330
vt 0.982620 -0.373840
vt 0.980060 -0.388330
vt 0.957860 -0.373840
vt 0.957960 -0.388330
vt 0.980060 -0.388330
vt 0.980060 -0.388330
vt 0.982620 -0.373840
vt 0.957860 -0.373840
vt 0.957960 -0.388330
vt 0.957860 -0.411200
vt 0.979690 -0.411200
vt 0.979690 -0.411200
vt 0.980060 -0.388330
vt 0.957960 -0.388330
vt 0.980060 -0.388330
vt 0.988720 -0.401710
vt 0.993840 -0.392010
vt 0.786280 -0.400600
vt 0.786280 -0.369310
vt 0.707090 -0.369310
vt 0.707090 -0.369310
vt 0.707090 -0.400600
vt 0.786280 -0.400600
vt 0.786280 -0.311080
vt 0.786280 -0.272900
vt 0.707090 -0.268130
vt 0.707090 -0.268130
vt 0.707090 -0.315960
vt 0.786280 -0.311080
vt 0.226140 -0.629970
vt 0.305330 -0.627140
vt 0.305330 -0.574980
vt 0.305330 -0.574980
vt 0.226140 -0.571390
vt 0.226140 -0.629970
vt 0.226140 -0.556040
vt 0.146950 -0.554250
vt 0.146950 -0.569600
vt 0.146950 -0.569600
vt 0.226140 -0.571390
vt 0.226140 -0.556040
vt 0.226140 -0.537610
vt 0.146950 -0.536720
vt 0.146950 -0.554250
vt 0.146950 -0.554250
vt 0.226140 -0.556040
vt 0.226140 -0.537610
vt 0.146950 -0.519500
vt 0.146950 -0.536720
vt 0.226140 -0.537610
vt 0.226140 -0.537610
vt 0.226140 -0.519500
vt 0.146950 -0.519500
vt 0.707090 -0.268130
vt 0.786280 -0.272900
vt 0.786280 -0.264690
vt 0.739040 -0.169910
vt 0.647920 -0.179260
vt 0.648290 -0.188700
vt 0.648290 -0.188700
vt 0.644360 -0.199550
vt 0.739040 -0.169910
vt 0.680830 -0.126330
vt 0.670750 -0.148310
vt 0.739040 -0.169910
vt 0.670750 -0.148310
vt 0.666070 -0.155840
vt 0.739040 -0.169910
vt 0.666070 -0.155840
vt 0.658860 -0.164600
vt 0.739040 -0.169910
vt 0.658860 -0.164600
vt 0.650720 -0.172650
vt 0.739040 -0.169910
vt 0.650720 -0.172650
vt 0.647920 -0.179260
vt 0.739040 -0.169910
vt 0.431070 -0.354760
vt 0.431070 -0.369310
vt 0.482850 -0.369310
vt 0.482850 -0.369310
vt 0.482850 -0.354760
vt 0.431070 -0.354760
vt 0.482850 -0.354760
vt 0.482850 -0.369310
vt 0.534940 -0.369310
vt 0.534940 -0.369310
vt 0.534940 -0.354760
vt 0.482850 -0.354760
vt 0.534940 -0.354760
vt 0.534940 -0.369310
vt 0.586560 -0.369310
vt 0.586560 -0.369310
vt 0.586560 -0.354760
vt 0.534940 -0.354760
vt 0.627890 -0.354760
vt 0.627890 -0.369310
vt 0.707090 -0.369310
vt 0.707090 -0.369310
vt 0.707090 -0.354760
vt 0.627890 -0.354760
vt 0.822020 -0.354760
vt 0.822020 -0.369310
vt 0.868660 -0.369310
vt 0.868660 -0.369310
vt 0.868660 -0.354760
vt 0.822020 -0.354760
vt 0.868660 -0.354760
vt 0.868660 -0.369310
vt 0.905520 -0.369310
vt 0.905520 -0.369310
vt 0.905520 -0.354760
vt 0.868660 -0.354760
vt 0.627890 -0.369310
vt 0.627890 -0.354760
vt 0.586560 -0.354760
vt 0.586560 -0.354760
vt 0.586560 -0.369310
vt 0.627890 -0.369310
vt 0.786280 -0.354760
vt 0.786280 -0.369310
vt 0.822020 -0.369310
vt 0.822020 -0.369310
vt 0.822020 -0.354760
vt 0.786280 -0.354760
vt 0.707090 -0.354760
vt 0.707090 -0.369310
vt 0.786280 -0.369310
vt 0.786280 -0.369310
vt 0.786280 -0.354760
vt 0.707090 -0.354760
vt 0.925080 -0.399950
vt 0.957960 -0.388330
vt 0.957860 -0.373840
vt 0.957860 -0.373840
vt 0.957860 -0.365330
vt 0.909440 -0.369310
vt 0.925080 -0.399950
vt 0.957860 -0.373840
vt 0.909440 -0.369310
vt 0.925080 -0.399950
vt 0.909440 -0.369310
vt 0.909440 -0.400600
vt 0.905520 -0.400600
vt 0.909440 -0.400600
vt 0.909440 -0.369310
vt 0.909440 -0.369310
vt 0.905520 -0.369310
vt 0.905520 -0.400600
vt 0.909440 -0.354760
vt 0.905520 -0.354760
vt 0.905520 -0.369310
vt 0.905520 -0.369310
vt 0.909440 -0.369310
vt 0.909440 -0.354760
vt 0.980060 -0.388330
vt 0.979690 -0.411200
vt 0.988720 -0.401710
vt 0.431070 -0.369310
vt 0.482850 -0.369310
vt 0.482850 -0.400600
vt 0.482850 -0.400600
vt 0.431070 -0.400600
vt 0.431070 -0.369310
vt 0.431070 -0.086310
vt 0.482850 -0.084500
vt 0.482850 -0.022960
vt 0.482850 -0.022960
vt 0.431070 -0.012740
vt 0.431070 -0.086310
vt 0.482850 -0.369310
vt 0.534940 -0.369310
vt 0.534940 -0.400600
vt 0.534940 -0.400600
vt 0.482850 -0.400600
vt 0.482850 -0.369310
vt 0.482850 -0.084500
vt 0.530330 -0.084090
vt 0.530330 -0.028550
vt 0.530330 -0.028550
vt 0.482850 -0.022960
vt 0.482850 -0.084500
vt 0.534940 -0.369310
vt 0.586560 -0.369310
vt 0.586560 -0.400600
vt 0.586560 -0.400600
vt 0.534940 -0.400600
vt 0.534940 -0.369310
vt 0.530330 -0.084090
vt 0.577350 -0.084600
vt 0.577350 -0.033020
vt 0.577350 -0.033020
vt 0.530330 -0.028550
vt 0.530330 -0.084090
vt 0.627890 -0.400600
vt 0.627890 -0.369310
vt 0.707090 -0.369310
vt 0.707090 -0.369310
vt 0.707090 -0.400600
vt 0.627890 -0.400600
vt 0.627890 -0.087940
vt 0.707090 -0.087840
vt 0.707090 -0.040020
vt 0.707090 -0.040020
vt 0.627890 -0.035880
vt 0.627890 -0.087940
vt 0.146950 -0.409030
vt 0.146950 -0.469410
vt 0.226140 -0.467620
vt 0.226140 -0.467620
vt 0.226140 -0.409030
vt 0.146950 -0.409030
vt 0.822020 -0.400600
vt 0.822020 -0.369310
vt 0.868660 -0.369310
vt 0.868660 -0.369310
vt 0.868660 -0.400600
vt 0.822020 -0.400600
vt 0.822020 -0.081480
vt 0.822020 -0.091840
vt 0.868660 -0.089590
vt 0.868660 -0.089590
vt 0.868660 -0.080670
vt 0.822020 -0.081480
vt 0.822020 -0.049950
vt 0.822020 -0.081480
vt 0.868660 -0.080670
vt 0.868660 -0.080670
vt 0.868660 -0.064820
vt 0.822020 -0.049950
vt 0.868660 -0.400600
vt 0.868660 -0.369310
vt 0.905520 -0.369310
vt 0.905520 -0.369310
vt 0.905520 -0.400600
vt 0.868660 -0.400600
vt 0.868660 -0.064820
vt 0.868660 -0.080670
vt 0.905520 -0.086970
vt 0.905520 -0.086970
vt 0.907340 -0.083050
vt 0.868660 -0.064820
vt 0.305330 -0.479370
vt 0.305330 -0.464020
vt 0.226140 -0.467620
vt 0.226140 -0.467620
vt 0.226140 -0.482970
vt 0.305330 -0.479370
vt 0.305330 -0.499600
vt 0.305330 -0.479370
vt 0.226140 -0.482970
vt 0.226140 -0.482970
vt 0.226140 -0.501400
vt 0.305330 -0.499600
vt 0.305330 -0.519500
vt 0.305330 -0.499600
vt 0.226140 -0.501400
vt 0.226140 -0.501400
vt 0.226140 -0.519500
vt 0.305330 -0.519500
vt 0.341070 -0.519500
vt 0.388440 -0.519500
vt 0.388440 -0.493040
vt 0.388440 -0.493040
vt 0.341070 -0.496040
vt 0.341070 -0.519500
vt 0.341070 -0.496040
vt 0.388440 -0.493040
vt 0.391200 -0.460020
vt 0.391200 -0.460020
vt 0.341070 -0.474700
vt 0.341070 -0.496040
vt 0.341070 -0.474700
vt 0.391200 -0.460020
vt 0.395430 -0.449500
vt 0.395430 -0.449500
vt 0.341070 -0.459320
vt 0.341070 -0.474700
vt 0.341070 -0.459320
vt 0.395430 -0.449500
vt 0.387710 -0.436970
vt 0.406410 -0.432070
vt 0.387710 -0.436970
vt 0.401250 -0.439190
vt 0.627890 -0.369310
vt 0.627890 -0.400600
vt 0.586560 -0.400600
vt 0.586560 -0.400600
vt 0.586560 -0.369310
vt 0.627890 -0.369310
vt 0.627890 -0.087940
vt 0.627890 -0.035880
vt 0.577350 -0.033020
vt 0.577350 -0.033020
vt 0.577350 -0.084600
vt 0.627890 -0.087940
vt 0.341070 -0.453380
vt 0.305330 -0.464020
vt 0.341070 -0.459320
vt 0.822020 -0.369310
vt 0.822020 -0.400600
vt 0.786280 -0.400600
vt 0.786280 -0.400600
vt 0.786280 -0.369310
vt 0.822020 -0.369310
vt 0.822020 -0.081480
vt 0.822020 -0.049950
vt 0.786280 -0.044900
vt 0.786280 -0.044900
vt 0.786280 -0.083080
vt 0.822020 -0.081480
vt 0.822020 -0.091840
vt 0.822020 -0.081480
vt 0.786280 -0.083080
vt 0.786280 -0.083080
vt 0.786280 -0.091280
vt 0.822020 -0.091840
vt 0.341070 -0.474700
vt 0.341070 -0.459320
vt 0.305330 -0.464020
vt 0.305330 -0.464020
vt 0.305330 -0.479370
vt 0.341070 -0.474700
vt 0.341070 -0.496040
vt 0.341070 -0.474700
vt 0.305330 -0.479370
vt 0.305330 -0.479370
vt 0.305330 -0.499600
vt 0.341070 -0.496040
vt 0.341070 -0.519500
vt 0.341070 -0.496040
vt 0.305330 -0.499600
vt 0.305330 -0.499600
vt 0.305330 -0.519500
vt 0.341070 -0.519500
vt 0.909440 -0.354760
vt 0.957860 -0.365330
vt 0.909440 -0.369310
vt 0.387710 -0.436970
vt 0.395430 -0.449500
vt 0.401250 -0.439190
vt 0.905520 -0.086970
vt 0.868660 -0.080670
vt 0.868660 -0.089590
vt 0.387710 -0.436970
vt 0.387710 -0.410510
vt 0.341070 -0.412540
vt 0.341070 -0.412540
vt 0.341070 -0.453380
vt 0.387710 -0.436970
vt 0.341070 -0.453380
vt 0.341070 -0.412540
vt 0.305330 -0.411870
vt 0.305330 -0.411870
vt 0.305330 -0.464020
vt 0.341070 -0.453380
vt 0.341070 -0.459320
vt 0.387710 -0.436970
vt 0.341070 -0.453380
vt 0.984380 -0.365330
vt 0.982620 -0.373840
vt 0.957860 -0.373840
vt 0.957860 -0.373840
vt 0.957860 -0.365330
vt 0.984380 -0.365330
vt 0.980060 -0.388330
vt 0.982620 -0.373840
vt 0.984380 -0.365330
vt 0.984380 -0.365330
vt 0.993840 -0.392010
vt 0.980060 -0.388330
vt 0.957860 -0.373840
vt 0.982620 -0.373840
vt 0.980060 -0.388330
vt 0.980060 -0.388330
vt 0.957960 -0.388330
vt 0.957860 -0.373840
vt 0.957960 -0.388330
vt 0.980060 -0.388330
vt 0.979690 -0.411200
vt 0.979690 -0.411200
vt 0.957860 -0.411200
vt 0.957960 -0.388330
vt 0.980060 -0.388330
vt 0.993840 -0.392010
vt 0.988720 -0.401710
vt 0.786280 -0.400600
vt 0.707090 -0.400600
vt 0.707090 -0.369310
vt 0.707090 -0.369310
vt 0.786280 -0.369310
vt 0.786280 -0.400600
vt 0.786280 -0.044900
vt 0.707090 -0.040020
vt 0.707090 -0.087840
vt 0.707090 -0.087840
vt 0.786280 -0.083080
vt 0.786280 -0.044900
vt 0.226140 -0.409030
vt 0.226140 -0.467620
vt 0.305330 -0.464020
vt 0.305330 -0.464020
vt 0.305330 -0.411870
vt 0.226140 -0.409030
vt 0.226140 -0.482970
vt 0.226140 -0.467620
vt 0.146950 -0.469410
vt 0.146950 -0.469410
vt 0.146950 -0.484760
vt 0.226140 -0.482970
vt 0.226140 -0.501400
vt 0.226140 -0.482970
vt 0.146950 -0.484760
vt 0.146950 -0.484760
vt 0.146950 -0.502290
vt 0.226140 -0.501400
vt 0.146950 -0.519500
vt 0.226140 -0.519500
vt 0.226140 -0.501400
vt 0.226140 -0.501400
vt 0.146950 -0.502290
vt 0.146950 -0.519500
vt 0.707090 -0.087840
vt 0.786280 -0.091280
vt 0.786280 -0.083080
vt 0.739040 -0.169910
vt 0.644360 -0.199550
vt 0.648290 -0.188700
vt 0.648290 -0.188700
vt 0.647920 -0.179260
vt 0.739040 -0.169910
vt 0.680830 -0.126330
vt 0.739040 -0.169910
vt 0.670750 -0.148310
vt 0.670750 -0.148310
vt 0.739040 -0.169910
vt 0.666070 -0.155840
vt 0.666070 -0.155840
vt 0.739040 -0.169910
vt 0.658860 -0.164600
vt 0.658860 -0.164600
vt 0.739040 -0.169910
vt 0.650720 -0.172650
vt 0.650720 -0.172650
vt 0.739040 -0.169910
vt 0.647920 -0.179260
vt 0.431070 -0.354760
vt 0.482850 -0.354760
vt 0.482850 -0.369310
vt 0.482850 -0.369310
vt 0.431070 -0.369310
vt 0.431070 -0.354760
vt 0.482850 -0.354760
vt 0.534940 -0.354760
vt 0.534940 -0.369310
vt 0.534940 -0.369310
vt 0.482850 -0.369310
vt 0.482850 -0.354760
vt 0.534940 -0.354760
vt 0.586560 -0.354760
vt 0.586560 -0.369310
vt 0.586560 -0.369310
vt 0.534940 -0.369310
vt 0.534940 -0.354760
vt 0.627890 -0.354760
vt 0.707090 -0.354760
vt 0.707090 -0.369310
vt 0.707090 -0.369310
vt 0.627890 -0.369310
vt 0.627890 -0.354760
vt 0.822020 -0.354760
vt 0.868660 -0.354760
vt 0.868660 -0.369310
vt 0.868660 -0.369310
vt 0.822020 -0.369310
vt 0.822020 -0.354760
vt 0.868660 -0.354760
vt 0.905520 -0.354760
vt 0.905520 -0.369310
vt 0.905520 -0.369310
vt 0.868660 -0.369310
vt 0.868660 -0.354760
vt 0.627890 -0.369310
vt 0.586560 -0.369310
vt 0.586560 -0.354760
vt 0.586560 -0.354760
vt 0.627890 -0.354760
vt 0.627890 -0.369310
vt 0.786280 -0.354760
vt 0.822020 -0.354760
vt 0.822020 -0.369310
vt 0.822020 -0.369310
vt 0.786280 -0.369310
vt 0.786280 -0.354760
vt 0.707090 -0.354760
vt 0.786280 -0.354760
vt 0.786280 -0.369310
vt 0.786280 -0.369310
vt 0.707090 -0.369310
vt 0.707090 -0.354760
vt 0.957860 -0.373840
vt 0.957960 -0.388330
vt 0.925080 -0.399950
vt 0.925080 -0.399950
vt 0.909440 -0.400600
vt 0.909440 -0.369310
vt 0.957860 -0.373840
vt 0.925080 -0.399950
vt 0.909440 -0.369310
vt 0.957860 -0.373840
vt 0.909440 -0.369310
vt 0.957860 -0.365330
vt 0.905520 -0.400600
vt 0.905520 -0.369310
vt 0.909440 -0.369310
vt 0.909440 -0.369310
vt 0.909440 -0.400600
vt 0.905520 -0.400600
vt 0.909440 -0.354760
vt 0.909440 -0.369310
vt 0.905520 -0.369310
vt 0.905520 -0.369310
vt 0.905520 -0.354760
vt 0.909440 -0.354760
vt 0.980060 -0.388330
vt 0.988720 -0.401710
vt 0.979690 -0.411200
vt 0.512340 -0.250170
vt 0.512340 -0.230120
vt 0.482850 -0.228460
vt 0.512340 -0.250170
vt 0.482850 -0.228460
vt 0.482850 -0.255080
vt 0.512340 -0.250170
vt 0.482850 -0.255080
vt 0.521240 -0.257450
vt 0.028590 -0.532200
vt 0.028590 -0.507340
vt 0.007910 -0.518350
vt 0.007910 -0.518350
vt 0.009380 -0.532420
vt 0.028590 -0.532200
vt 0.105690 -0.626860
vt 0.105690 -0.574900
vt 0.066710 -0.582990
vt 0.066710 -0.582990
vt 0.066710 -0.620970
vt 0.105690 -0.626860
vt 0.542050 -0.258710
vt 0.577350 -0.271380
vt 0.577350 -0.264640
vt 0.521240 -0.257450
vt 0.542050 -0.258710
vt 0.512340 -0.250170
vt 0.036510 -0.616750
vt 0.066710 -0.620970
vt 0.066710 -0.582990
vt 0.066710 -0.582990
vt 0.036510 -0.591890
vt 0.036510 -0.616750
vt 0.066710 -0.554250
vt 0.066710 -0.569600
vt 0.105610 -0.569600
vt 0.105610 -0.569600
vt 0.105610 -0.554250
vt 0.066710 -0.554250
vt 0.066710 -0.536720
vt 0.066710 -0.554250
vt 0.105610 -0.554250
vt 0.105610 -0.554250
vt 0.105610 -0.536720
vt 0.066710 -0.536720
vt 0.066710 -0.519500
vt 0.066710 -0.536720
vt 0.105610 -0.536720
vt 0.105610 -0.536720
vt 0.105610 -0.519500
vt 0.066710 -0.519500
vt 0.024060 -0.617380
vt 0.036510 -0.591890
vt 0.006580 -0.601900
vt 0.006580 -0.601900
vt 0.010800 -0.620540
vt 0.024060 -0.617380
vt 0.036510 -0.591890
vt 0.007050 -0.590250
vt 0.006580 -0.601900
vt 0.036510 -0.582990
vt 0.036510 -0.569600
vt 0.020360 -0.566790
vt 0.020360 -0.566790
vt 0.011170 -0.582990
vt 0.036510 -0.582990
vt 0.036510 -0.569600
vt 0.036510 -0.554250
vt 0.028290 -0.552810
vt 0.028290 -0.552810
vt 0.020360 -0.566790
vt 0.036510 -0.569600
vt 0.036510 -0.554250
vt 0.036510 -0.536720
vt 0.034080 -0.536720
vt 0.034080 -0.536720
vt 0.028290 -0.552810
vt 0.036510 -0.554250
vt 0.036510 -0.536720
vt 0.036500 -0.519500
vt 0.034080 -0.536720
vt 0.036510 -0.569600
vt 0.036510 -0.582990
vt 0.066710 -0.582990
vt 0.066710 -0.582990
vt 0.066710 -0.569600
vt 0.036510 -0.569600
vt 0.036510 -0.554250
vt 0.036510 -0.569600
vt 0.066710 -0.569600
vt 0.066710 -0.569600
vt 0.066710 -0.554250
vt 0.036510 -0.554250
vt 0.036510 -0.536720
vt 0.036510 -0.554250
vt 0.066710 -0.554250
vt 0.066710 -0.554250
vt 0.066710 -0.536720
vt 0.036510 -0.536720
vt 0.036500 -0.519500
vt 0.036510 -0.536720
vt 0.066710 -0.536720
vt 0.066710 -0.536720
vt 0.066710 -0.519500
vt 0.036500 -0.519500
vt 0.066710 -0.582990
vt 0.036510 -0.582990
vt 0.036510 -0.591890
vt 0.066710 -0.582990
vt 0.105690 -0.574900
vt 0.105610 -0.569600
vt 0.105610 -0.569600
vt 0.066710 -0.569600
vt 0.066710 -0.582990
vt 0.036510 -0.582990
vt 0.011170 -0.582990
vt 0.007050 -0.590250
vt 0.007050 -0.590250
vt 0.036510 -0.591890
vt 0.036510 -0.582990
vt 0.577350 -0.271380
vt 0.627890 -0.268040
vt 0.577350 -0.264640
vt 0.146950 -0.569600
vt 0.105610 -0.569600
vt 0.105690 -0.574900
vt 0.105690 -0.626860
vt 0.146950 -0.629970
vt 0.146950 -0.569600
vt 0.146950 -0.569600
vt 0.105690 -0.574900
vt 0.105690 -0.626860
vt 0.146950 -0.569600
vt 0.146950 -0.554250
vt 0.105610 -0.554250
vt 0.105610 -0.554250
vt 0.105610 -0.569600
vt 0.146950 -0.569600
vt 0.146950 -0.536720
vt 0.105610 -0.536720
vt 0.105610 -0.554250
vt 0.105610 -0.554250
vt 0.146950 -0.554250
vt 0.146950 -0.536720
vt 0.146950 -0.519500
vt 0.105610 -0.519500
vt 0.105610 -0.536720
vt 0.105610 -0.536720
vt 0.146950 -0.536720
vt 0.146950 -0.519500
vt 0.024060 -0.617380
vt 0.030710 -0.615790
vt 0.036510 -0.591890
vt 0.547470 -0.208110
vt 0.536890 -0.190540
vt 0.632030 -0.169360
vt 0.536890 -0.190540
vt 0.540960 -0.179080
vt 0.632030 -0.169360
vt 0.540960 -0.179080
vt 0.546680 -0.171810
vt 0.632030 -0.169360
vt 0.546680 -0.171810
vt 0.557940 -0.158610
vt 0.632030 -0.169360
vt 0.557940 -0.158610
vt 0.569950 -0.147240
vt 0.632030 -0.169360
vt 0.569950 -0.147240
vt 0.570530 -0.138770
vt 0.632030 -0.169360
vt 0.570530 -0.138770
vt 0.585010 -0.126250
vt 0.632030 -0.169360
vt 0.530330 -0.271880
vt 0.542050 -0.258710
vt 0.521240 -0.257450
vt 0.482850 -0.255080
vt 0.482850 -0.271480
vt 0.530330 -0.271880
vt 0.530330 -0.271880
vt 0.521240 -0.257450
vt 0.482850 -0.255080
vt 0.530330 -0.271880
vt 0.577350 -0.271380
vt 0.542050 -0.258710
vt 0.512340 -0.105810
vt 0.521240 -0.098520
vt 0.482850 -0.100890
vt 0.512340 -0.105810
vt 0.482850 -0.100890
vt 0.482850 -0.127520
vt 0.512340 -0.105810
vt 0.482850 -0.127520
vt 0.512340 -0.125850
vt 0.028590 -0.532200
vt 0.009380 -0.532420
vt 0.007910 -0.518350
vt 0.007910 -0.518350
vt 0.028590 -0.507340
vt 0.028590 -0.532200
vt 0.105690 -0.412140
vt 0.066710 -0.418040
vt 0.066710 -0.456020
vt 0.066710 -0.456020
vt 0.105690 -0.464100
vt 0.105690 -0.412140
vt 0.542050 -0.097270
vt 0.577350 -0.091330
vt 0.577350 -0.084600
vt 0.521240 -0.098520
vt 0.512340 -0.105810
vt 0.542050 -0.097270
vt 0.036510 -0.422250
vt 0.036510 -0.447120
vt 0.066710 -0.456020
vt 0.066710 -0.456020
vt 0.066710 -0.418040
vt 0.036510 -0.422250
vt 0.066710 -0.484760
vt 0.105610 -0.484760
vt 0.105610 -0.469410
vt 0.105610 -0.469410
vt 0.066710 -0.469410
vt 0.066710 -0.484760
vt 0.066710 -0.502290
vt 0.105610 -0.502290
vt 0.105610 -0.484760
vt 0.105610 -0.484760
vt 0.066710 -0.484760
vt 0.066710 -0.502290
vt 0.066710 -0.519500
vt 0.105610 -0.519500
vt 0.105610 -0.502290
vt 0.105610 -0.502290
vt 0.066710 -0.502290
vt 0.066710 -0.519500
vt 0.024060 -0.421630
vt 0.010800 -0.418470
vt 0.006580 -0.437110
vt 0.006580 -0.437110
vt 0.036510 -0.447120
vt 0.024060 -0.421630
vt 0.036510 -0.447120
vt 0.006580 -0.437110
vt 0.007050 -0.448760
vt 0.036510 -0.456020
vt 0.011170 -0.456020
vt 0.020360 -0.472220
vt 0.020360 -0.472220
vt 0.036510 -0.469410
vt 0.036510 -0.456020
vt 0.036510 -0.469410
vt 0.020360 -0.472220
vt 0.028290 -0.486200
vt 0.028290 -0.486200
vt 0.036510 -0.484760
vt 0.036510 -0.469410
vt 0.036510 -0.484760
vt 0.028290 -0.486200
vt 0.034080 -0.502290
vt 0.034080 -0.502290
vt 0.036510 -0.502290
vt 0.036510 -0.484760
vt 0.036510 -0.502290
vt 0.034080 -0.502290
vt 0.036500 -0.519500
vt 0.036510 -0.469410
vt 0.066710 -0.469410
vt 0.066710 -0.456020
vt 0.066710 -0.456020
vt 0.036510 -0.456020
vt 0.036510 -0.469410
vt 0.036510 -0.484760
vt 0.066710 -0.484760
vt 0.066710 -0.469410
vt 0.066710 -0.469410
vt 0.036510 -0.469410
vt 0.036510 -0.484760
vt 0.036510 -0.502290
vt 0.066710 -0.502290
vt 0.066710 -0.484760
vt 0.066710 -0.484760
vt 0.036510 -0.484760
vt 0.036510 -0.502290
vt 0.036500 -0.519500
vt 0.066710 -0.519500
vt 0.066710 -0.502290
vt 0.066710 -0.502290
vt 0.036510 -0.502290
vt 0.036500 -0.519500
vt 0.066710 -0.456020
vt 0.036510 -0.447120
vt 0.036510 -0.456020
vt 0.066710 -0.456020
vt 0.066710 -0.469410
vt 0.105610 -0.469410
vt 0.105610 -0.469410
vt 0.105690 -0.464100
vt 0.066710 -0.456020
vt 0.036510 -0.456020
vt 0.036510 -0.447120
vt 0.007050 -0.448760
vt 0.007050 -0.448760
vt 0.011170 -0.456020
vt 0.036510 -0.456020
vt 0.577350 -0.084600
vt 0.577350 -0.091330
vt 0.627890 -0.087940
vt 0.146950 -0.469410
vt 0.105690 -0.464100
vt 0.105610 -0.469410
vt 0.105690 -0.412140
vt 0.105690 -0.464100
vt 0.146950 -0.469410
vt 0.146950 -0.469410
vt 0.146950 -0.409030
vt 0.105690 -0.412140
vt 0.146950 -0.469410
vt 0.105610 -0.469410
vt 0.105610 -0.484760
vt 0.105610 -0.484760
vt 0.146950 -0.484760
vt 0.146950 -0.469410
vt 0.146950 -0.502290
vt 0.146950 -0.484760
vt 0.105610 -0.484760
vt 0.105610 -0.484760
vt 0.105610 -0.502290
vt 0.146950 -0.502290
vt 0.146950 -0.519500
vt 0.146950 -0.502290
vt 0.105610 -0.502290
vt 0.105610 -0.502290
vt 0.105610 -0.519500
vt 0.146950 -0.519500
vt 0.024060 -0.421630
vt 0.036510 -0.447120
vt 0.030710 -0.423220
vt 0.547470 -0.208110
vt 0.632030 -0.169360
vt 0.536890 -0.190540
vt 0.536890 -0.190540
vt 0.632030 -0.169360
vt 0.540960 -0.179080
vt 0.540960 -0.179080
vt 0.632030 -0.169360
vt 0.546680 -0.171810
vt 0.546680 -0.171810
vt 0.632030 -0.169360
vt 0.557940 -0.158610
vt 0.557940 -0.158610
vt 0.632030 -0.169360
vt 0.569950 -0.147240
vt 0.569950 -0.147240
vt 0.632030 -0.169360
vt 0.570530 -0.138770
vt 0.570530 -0.138770
vt 0.632030 -0.169360
vt 0.585010 -0.126250
vt 0.530330 -0.084090
vt 0.521240 -0.098520
vt 0.542050 -0.097270
vt 0.482850 -0.100890
vt 0.521240 -0.098520
vt 0.530330 -0.084090
vt 0.530330 -0.084090
vt 0.482850 -0.084500
vt 0.482850 -0.100890
vt 0.530330 -0.084090
vt 0.542050 -0.097270
vt 0.577350 -0.084600
vt 0.146700 -0.569500
vt 0.146700 -0.628570
vt 0.111500 -0.628570
vt 0.111500 -0.628570
vt 0.111500 -0.569500
vt 0.146700 -0.569500
vt 0.146700 -0.569500
vt 0.111500 -0.569500
vt 0.111500 -0.554360
vt 0.111500 -0.554360
vt 0.146700 -0.554360
vt 0.146700 -0.569500
vt 0.146700 -0.554360
vt 0.111500 -0.554360
vt 0.111500 -0.537570
vt 0.111500 -0.537570
vt 0.146700 -0.537570
vt 0.146700 -0.554360
vt 0.146700 -0.537570
vt 0.111500 -0.537570
vt 0.111500 -0.519290
vt 0.111500 -0.519290
vt 0.146700 -0.519290
vt 0.146700 -0.537570
vt 0.146700 -0.501020
vt 0.146700 -0.519290
vt 0.111500 -0.519290
vt 0.111500 -0.519290
vt 0.111500 -0.501020
vt 0.146700 -0.501020
vt 0.146700 -0.484290
vt 0.146700 -0.501020
vt 0.111500 -0.501020
vt 0.111500 -0.501020
vt 0.111500 -0.484290
vt 0.146700 -0.484290
vt 0.146700 -0.469210
vt 0.146700 -0.484290
vt 0.111500 -0.484290
vt 0.111500 -0.484290
vt 0.111500 -0.469210
vt 0.146700 -0.469210
vt 0.146700 -0.469210
vt 0.111500 -0.469210
vt 0.111500 -0.410420
vt 0.111500 -0.410420
vt 0.146700 -0.410420
vt 0.146700 -0.469210
vt 0.144930 -0.214010
vt 0.144930 -0.230450
vt 0.176870 -0.223450
vt 0.653550 -0.441300
vt 0.623420 -0.446790
vt 0.623420 -0.430410
vt 0.623420 -0.430410
vt 0.674250 -0.437530
vt 0.653550 -0.441300
vt 0.651960 -0.441450
vt 0.674250 -0.437390
vt 0.623420 -0.430280
vt 0.623420 -0.430280
vt 0.623420 -0.446660
vt 0.651960 -0.441450
vt 0.554100 -0.439120
vt 0.576520 -0.444020
vt 0.576520 -0.427600
vt 0.576520 -0.427600
vt 0.544580 -0.437040
vt 0.554100 -0.439120
vt 0.554850 -0.439420
vt 0.576520 -0.444150
vt 0.576520 -0.473200
vt 0.576520 -0.473200
vt 0.553070 -0.465160
vt 0.554850 -0.439420
vt 0.623420 -0.473200
vt 0.623420 -0.446790
vt 0.653550 -0.441300
vt 0.653550 -0.441300
vt 0.655520 -0.467910
vt 0.623420 -0.473200
vt 0.576520 -0.473200
vt 0.576520 -0.444020
vt 0.554100 -0.439120
vt 0.554100 -0.439120
vt 0.553070 -0.465020
vt 0.576520 -0.473200
vt 0.651960 -0.441450
vt 0.623420 -0.446660
vt 0.623420 -0.473200
vt 0.623420 -0.473200
vt 0.655520 -0.467780
vt 0.651960 -0.441450
vt 0.084240 -0.546740
vt 0.132920 -0.546740
vt 0.132920 -0.494410
vt 0.132920 -0.494410
vt 0.084240 -0.494410
vt 0.084240 -0.546740
vt 0.132920 -0.494410
vt 0.132920 -0.546740
vt 0.264550 -0.546740
vt 0.264550 -0.546740
vt 0.264550 -0.494410
vt 0.132920 -0.494410
vt 0.127560 -0.276130
vt 0.127560 -0.223800
vt 0.259190 -0.223800
vt 0.259190 -0.223800
vt 0.259190 -0.276130
vt 0.127560 -0.276130
vt 0.127560 -0.223800
vt 0.127560 -0.276130
vt 0.259190 -0.276130
vt 0.259190 -0.276130
vt 0.259190 -0.223800
vt 0.127560 -0.223800
vt 0.127560 -0.223800
vt 0.127560 -0.276130
vt 0.259190 -0.276130
vt 0.259190 -0.276130
vt 0.259190 -0.223800
vt 0.127560 -0.223800
vt 0.215410 -0.942560
vt 0.215410 -0.817830
vt 0.339620 -0.817830
vt 0.339620 -0.817830
vt 0.339620 -0.942560
vt 0.215410 -0.942560
vt 0.339620 -0.817830
vt 0.215410 -0.817830
vt 0.215410 -0.647930
vt 0.215410 -0.647930
vt 0.339620 -0.647930
vt 0.339620 -0.817830
vt 0.339620 -0.817830
vt 0.215410 -0.817830
vt 0.215410 -0.647930
vt 0.215410 -0.647930
vt 0.339620 -0.647930
vt 0.339620 -0.817830
vt 0.339620 -0.817830
vt 0.215410 -0.817830
vt 0.215410 -0.647930
vt 0.215410 -0.647930
vt 0.339620 -0.647930
vt 0.339620 -0.817830
vt 0.339620 -0.817830
vt 0.215410 -0.817830
vt 0.215410 -0.647930
vt 0.215410 -0.647930
vt 0.339620 -0.647930
vt 0.339620 -0.817830
vt 0.544220 -0.658940
vt 0.544220 -0.693670
vt 0.787130 -0.693670
vt 0.787130 -0.693670
vt 0.787130 -0.658940
vt 0.544220 -0.658940
vt 0.544220 -0.693670
vt 0.544220 -0.658940
vt 0.787130 -0.658940
vt 0.787130 -0.658940
vt 0.787130 -0.693670
vt 0.544220 -0.693670
vt 0.544220 -0.658940
vt 0.544220 -0.693670
vt 0.787130 -0.693670
vt 0.787130 -0.693670
vt 0.787130 -0.658940
vt 0.544220 -0.658940
vt 0.544220 -0.658940
vt 0.544220 -0.693670
vt 0.787130 -0.693670
vt 0.787130 -0.693670
vt 0.787130 -0.658940
vt 0.544220 -0.658940
vt 0.219000 -0.814720
vt 0.219000 -0.776080
vt 0.177900 -0.776080
vt 0.177900 -0.776080
vt 0.177900 -0.814720
vt 0.219000 -0.814720
vt 0.316860 -0.814720
vt 0.222750 -0.814720
vt 0.222750 -0.776080
vt 0.222750 -0.776080
vt 0.316860 -0.776080
vt 0.316860 -0.814720
vt 0.332230 -0.776080
vt 0.332230 -0.814720
vt 0.219000 -0.814720
vt 0.219000 -0.814720
vt 0.219000 -0.776080
vt 0.332230 -0.776080
vt 0.219000 -0.814720
vt 0.219000 -0.776080
vt 0.332230 -0.776080
vt 0.332230 -0.776080
vt 0.332230 -0.814720
vt 0.219000 -0.814720
vt 0.332230 -0.776080
vt 0.332230 -0.814720
vt 0.219000 -0.814720
vt 0.219000 -0.814720
vt 0.219000 -0.776080
vt 0.332230 -0.776080
vt 0.222750 -0.776080
vt 0.222750 -0.814720
vt 0.219000 -0.814720
vt 0.219000 -0.814720
vt 0.219000 -0.776080
vt 0.222750 -0.776080
vt 0.664920 -0.737650
vt 0.606060 -0.737650
vt 0.606060 -0.740260
vt 0.606060 -0.740260
vt 0.664920 -0.740260
vt 0.664920 -0.737650
vt 0.664920 -0.735140
vt 0.606060 -0.735140
vt 0.606060 -0.737650
vt 0.606060 -0.737650
vt 0.664920 -0.737650
vt 0.664920 -0.735140
vt 0.664920 -0.732740
vt 0.606060 -0.732740
vt 0.606060 -0.735140
vt 0.606060 -0.735140
vt 0.664920 -0.735140
vt 0.664920 -0.732740
vt 0.664920 -0.740260
vt 0.606060 -0.740260
vt 0.606060 -0.742760
vt 0.606060 -0.742760
vt 0.664920 -0.742760
vt 0.664920 -0.740260
vt 0.664920 -0.735140
vt 0.664920 -0.737650
vt 0.667560 -0.737650
vt 0.667460 -0.735140
vt 0.664920 -0.735140
vt 0.667560 -0.737650
vt 0.664920 -0.737650
vt 0.606060 -0.737650
vt 0.606060 -0.740260
vt 0.606060 -0.740260
vt 0.664920 -0.740260
vt 0.664920 -0.737650
vt 0.664920 -0.735140
vt 0.606060 -0.735140
vt 0.606060 -0.737650
vt 0.606060 -0.737650
vt 0.664920 -0.737650
vt 0.664920 -0.735140
vt 0.664920 -0.732740
vt 0.606060 -0.732740
vt 0.606060 -0.735140
vt 0.606060 -0.735140
vt 0.664920 -0.735140
vt 0.664920 -0.732740
vt 0.664920 -0.740260
vt 0.606060 -0.740260
vt 0.606060 -0.742760
vt 0.606060 -0.742760
vt 0.664920 -0.742760
vt 0.664920 -0.740260
vt 0.664920 -0.735140
vt 0.664920 -0.737650
vt 0.667560 -0.737650
vt 0.667460 -0.735140
vt 0.664920 -0.735140
vt 0.667560 -0.737650
vt 0.990360 -0.427660
vt 0.993970 -0.424810
vt 0.993940 -0.472160
vt 0.993940 -0.472160
vt 0.990640 -0.468740
vt 0.990360 -0.427660
vt 0.990360 -0.427660
vt 0.898400 -0.420710
vt 0.898330 -0.416650
vt 0.898330 -0.416650
vt 0.993970 -0.424810
vt 0.990360 -0.427660
vt 0.593080 -0.461840
vt 0.501350 -0.477320
vt 0.504730 -0.483080
vt 0.504730 -0.483080
vt 0.598480 -0.465290
vt 0.593080 -0.461840
vt 0.593080 -0.461840
vt 0.598480 -0.465290
vt 0.594500 -0.417240
vt 0.594500 -0.417240
vt 0.591180 -0.420800
vt 0.593080 -0.461840
vt 0.898400 -0.420710
vt 0.990360 -0.427660
vt 0.990640 -0.468740
vt 0.990640 -0.468740
vt 0.898200 -0.480640
vt 0.898400 -0.420710
vt 0.593080 -0.461840
vt 0.591180 -0.420800
vt 0.499180 -0.417470
vt 0.499180 -0.417470
vt 0.501350 -0.477320
vt 0.593080 -0.461840
vt 0.990640 -0.468740
vt 0.993940 -0.472160
vt 0.898530 -0.484800
vt 0.898530 -0.484800
vt 0.898200 -0.480640
vt 0.990640 -0.468740
vt 0.884130 -0.419630
vt 0.883950 -0.415430
vt 0.898330 -0.416650
vt 0.898330 -0.416650
vt 0.898400 -0.420710
vt 0.884130 -0.419630
vt 0.591180 -0.420800
vt 0.594500 -0.417240
vt 0.500040 -0.413400
vt 0.500040 -0.413400
vt 0.499180 -0.417470
vt 0.591180 -0.420800
vt 0.487060 -0.479730
vt 0.490630 -0.485760
vt 0.504730 -0.483080
vt 0.504730 -0.483080
vt 0.501350 -0.477320
vt 0.487060 -0.479730
vt 0.860960 -0.417880
vt 0.884130 -0.419630
vt 0.883860 -0.482480
vt 0.883860 -0.482480
vt 0.860570 -0.485480
vt 0.860960 -0.417880
vt 0.487060 -0.479730
vt 0.484850 -0.416950
vt 0.461570 -0.416110
vt 0.461570 -0.416110
vt 0.463850 -0.483650
vt 0.487060 -0.479730
vt 0.860570 -0.485480
vt 0.883860 -0.482480
vt 0.884180 -0.486710
vt 0.884180 -0.486710
vt 0.860890 -0.489790
vt 0.860570 -0.485480
vt 0.461570 -0.416110
vt 0.484850 -0.416950
vt 0.485830 -0.412820
vt 0.485830 -0.412820
vt 0.462770 -0.411890
vt 0.461570 -0.416110
vt 0.860960 -0.417880
vt 0.860600 -0.413430
vt 0.883950 -0.415430
vt 0.883950 -0.415430
vt 0.884130 -0.419630
vt 0.860960 -0.417880
vt 0.463850 -0.483650
vt 0.467740 -0.490110
vt 0.490630 -0.485760
vt 0.490630 -0.485760
vt 0.487060 -0.479730
vt 0.463850 -0.483650
vt 0.884130 -0.419630
vt 0.898400 -0.420710
vt 0.898200 -0.480640
vt 0.898200 -0.480640
vt 0.883860 -0.482480
vt 0.884130 -0.419630
vt 0.501350 -0.477320
vt 0.499180 -0.417470
vt 0.484850 -0.416950
vt 0.484850 -0.416950
vt 0.487060 -0.479730
vt 0.501350 -0.477320
vt 0.883860 -0.482480
vt 0.898200 -0.480640
vt 0.898530 -0.484800
vt 0.898530 -0.484800
vt 0.884180 -0.486710
vt 0.883860 -0.482480
vt 0.484850 -0.416950
vt 0.499180 -0.417470
vt 0.500040 -0.413400
vt 0.500040 -0.413400
vt 0.485830 -0.412820
vt 0.484850 -0.416950
vt 0.664920 -0.737650
vt 0.606060 -0.737650
vt 0.606060 -0.740260
vt 0.606060 -0.740260
vt 0.664920 -0.740260
vt 0.664920 -0.737650
vt 0.664920 -0.735140
vt 0.606060 -0.735140
vt 0.606060 -0.737650
vt 0.606060 -0.737650
vt 0.664920 -0.737650
vt 0.664920 -0.735140
vt 0.664920 -0.732740
vt 0.606060 -0.732740
vt 0.606060 -0.735140
vt 0.606060 -0.735140
vt 0.664920 -0.735140
vt 0.664920 -0.732740
vt 0.664920 -0.740260
vt 0.606060 -0.740260
vt 0.606060 -0.742760
vt 0.606060 -0.742760
vt 0.664920 -0.742760
vt 0.664920 -0.740260
vt 0.664920 -0.735140
vt 0.664920 -0.737650
vt 0.667560 -0.737650
vt 0.667460 -0.735140
vt 0.664920 -0.735140
vt 0.667560 -0.737650
vt 0.990360 -0.427660
vt 0.993970 -0.424810
vt 0.993940 -0.472160
vt 0.993940 -0.472160
vt 0.990640 -0.468740
vt 0.990360 -0.427660
vt 0.990360 -0.427660
vt 0.898400 -0.420710
vt 0.898330 -0.416650
vt 0.898330 -0.416650
vt 0.993970 -0.424810
vt 0.990360 -0.427660
vt 0.593080 -0.461840
vt 0.501350 -0.477320
vt 0.504730 -0.483080
vt 0.504730 -0.483080
vt 0.598480 -0.465290
vt 0.593080 -0.461840
vt 0.593080 -0.461840
vt 0.598480 -0.465290
vt 0.594500 -0.417240
vt 0.594500 -0.417240
vt 0.591180 -0.420800
vt 0.593080 -0.461840
vt 0.898400 -0.420710
vt 0.990360 -0.427660
vt 0.990640 -0.468740
vt 0.990640 -0.468740
vt 0.898200 -0.480640
vt 0.898400 -0.420710
vt 0.593080 -0.461840
vt 0.591180 -0.420800
vt 0.499180 -0.417470
vt 0.499180 -0.417470
vt 0.501350 -0.477320
vt 0.593080 -0.461840
vt 0.990640 -0.468740
vt 0.993940 -0.472160
vt 0.898530 -0.484800
vt 0.898530 -0.484800
vt 0.898200 -0.480640
vt 0.990640 -0.468740
vt 0.884130 -0.419630
vt 0.883950 -0.415430
vt 0.898330 -0.416650
vt 0.898330 -0.416650
vt 0.898400 -0.420710
vt 0.884130 -0.419630
vt 0.591180 -0.420800
vt 0.594500 -0.417240
vt 0.500040 -0.413400
vt 0.500040 -0.413400
vt 0.499180 -0.417470
vt 0.591180 -0.420800
vt 0.487060 -0.479730
vt 0.490630 -0.485760
vt 0.504730 -0.483080
vt 0.504730 -0.483080
vt 0.501350 -0.477320
vt 0.487060 -0.479730
vt 0.860960 -0.417880
vt 0.884130 -0.419630
vt 0.883860 -0.482480
vt 0.883860 -0.482480
vt 0.860570 -0.485480
vt 0.860960 -0.417880
vt 0.487060 -0.479730
vt 0.484850 -0.416950
vt 0.461570 -0.416110
vt 0.461570 -0.416110
vt 0.463850 -0.483650
vt 0.487060 -0.479730
vt 0.860570 -0.485480
vt 0.883860 -0.482480
vt 0.884180 -0.486710
vt 0.884180 -0.486710
vt 0.860890 -0.489790
vt 0.860570 -0.485480
vt 0.461570 -0.416110
vt 0.484850 -0.416950
vt 0.485830 -0.412820
vt 0.485830 -0.412820
vt 0.462770 -0.411890
vt 0.461570 -0.416110
vt 0.860960 -0.417880
vt 0.860600 -0.413430
vt 0.883950 -0.415430
vt 0.883950 -0.415430
vt 0.884130 -0.419630
vt 0.860960 -0.417880
vt 0.463850 -0.483650
vt 0.467740 -0.490110
vt 0.490630 -0.485760
vt 0.490630 -0.485760
vt 0.487060 -0.479730
vt 0.463850 -0.483650
vt 0.884130 -0.419630
vt 0.898400 -0.420710
vt 0.898200 -0.480640
vt 0.898200 -0.480640
vt 0.883860 -0.482480
vt 0.884130 -0.419630
vt 0.501350 -0.477320
vt 0.499180 -0.417470
vt 0.484850 -0.416950
vt 0.484850 -0.416950
vt 0.487060 -0.479730
vt 0.501350 -0.477320
vt 0.883860 -0.482480
vt 0.898200 -0.480640
vt 0.898530 -0.484800
vt 0.898530 -0.484800
vt 0.884180 -0.486710
vt 0.883860 -0.482480
vt 0.484850 -0.416950
vt 0.499180 -0.417470
vt 0.500040 -0.413400
vt 0.500040 -0.413400
vt 0.485830 -0.412820
vt 0.484850 -0.416950
vt 0.664920 -0.737650
vt 0.606060 -0.737650
vt 0.606060 -0.740260
vt 0.606060 -0.740260
vt 0.664920 -0.740260
vt 0.664920 -0.737650
vt 0.664920 -0.735140
vt 0.606060 -0.735140
vt 0.606060 -0.737650
vt 0.606060 -0.737650
vt 0.664920 -0.737650
vt 0.664920 -0.735140
vt 0.664920 -0.732740
vt 0.606060 -0.732740
vt 0.606060 -0.735140
vt 0.606060 -0.735140
vt 0.664920 -0.735140
vt 0.664920 -0.732740
vt 0.664920 -0.740260
vt 0.606060 -0.740260
vt 0.606060 -0.742760
vt 0.606060 -0.742760
vt 0.664920 -0.742760
vt 0.664920 -0.740260
vt 0.664920 -0.735140
vt 0.664920 -0.737650
vt 0.667560 -0.737650
vt 0.667460 -0.735140
vt 0.664920 -0.735140
vt 0.667560 -0.737650
vt 0.990360 -0.427660
vt 0.993970 -0.424810
vt 0.993940 -0.472160
vt 0.993940 -0.472160
vt 0.990640 -0.468740
vt 0.990360 -0.427660
vt 0.990360 -0.427660
vt 0.898400 -0.420710
vt 0.898330 -0.416650
vt 0.898330 -0.416650
vt 0.993970 -0.424810
vt 0.990360 -0.427660
vt 0.593080 -0.461840
vt 0.501350 -0.477320
vt 0.504730 -0.483080
vt 0.504730 -0.483080
vt 0.598480 -0.465290
vt 0.593080 -0.461840
vt 0.593080 -0.461840
vt 0.598480 -0.465290
vt 0.594500 -0.417240
vt 0.594500 -0.417240
vt 0.591180 -0.420800
vt 0.593080 -0.461840
vt 0.898400 -0.420710
vt 0.990360 -0.427660
vt 0.990640 -0.468740
vt 0.990640 -0.468740
vt 0.898200 -0.480640
vt 0.898400 -0.420710
vt 0.593080 -0.461840
vt 0.591180 -0.420800
vt 0.499180 -0.417470
vt 0.499180 -0.417470
vt 0.501350 -0.477320
vt 0.593080 -0.461840
vt 0.990640 -0.468740
vt 0.993940 -0.472160
vt 0.898530 -0.484800
vt 0.898530 -0.484800
vt 0.898200 -0.480640
vt 0.990640 -0.468740
vt 0.884130 -0.419630
vt 0.883950 -0.415430
vt 0.898330 -0.416650
vt 0.898330 -0.416650
vt 0.898400 -0.420710
vt 0.884130 -0.419630
vt 0.591180 -0.420800
vt 0.594500 -0.417240
vt 0.500040 -0.413400
vt 0.500040 -0.413400
vt 0.499180 -0.417470
vt 0.591180 -0.420800
vt 0.487060 -0.479730
vt 0.490630 -0.485760
vt 0.504730 -0.483080
vt 0.504730 -0.483080
vt 0.501350 -0.477320
vt 0.487060 -0.479730
vt 0.860960 -0.417880
vt 0.884130 -0.419630
vt 0.883860 -0.482480
vt 0.883860 -0.482480
vt 0.860570 -0.485480
vt 0.860960 -0.417880
vt 0.487060 -0.479730
vt 0.484850 -0.416950
vt 0.461570 -0.416110
vt 0.461570 -0.416110
vt 0.463850 -0.483650
vt 0.487060 -0.479730
vt 0.860570 -0.485480
vt 0.883860 -0.482480
vt 0.884180 -0.486710
vt 0.884180 -0.486710
vt 0.860890 -0.489790
vt 0.860570 -0.485480
vt 0.461570 -0.416110
vt 0.484850 -0.416950
vt 0.485830 -0.412820
vt 0.485830 -0.412820
vt 0.462770 -0.411890
vt 0.461570 -0.416110
vt 0.860960 -0.417880
vt 0.860600 -0.413430
vt 0.883950 -0.415430
vt 0.883950 -0.415430
vt 0.884130 -0.419630
vt 0.860960 -0.417880
vt 0.463850 -0.483650
vt 0.467740 -0.490110
vt 0.490630 -0.485760
vt 0.490630 -0.485760
vt 0.487060 -0.479730
vt 0.463850 -0.483650
vt 0.884130 -0.419630
vt 0.898400 -0.420710
vt 0.898200 -0.480640
vt 0.898200 -0.480640
vt 0.883860 -0.482480
vt 0.884130 -0.419630
vt 0.501350 -0.477320
vt 0.499180 -0.417470
vt 0.484850 -0.416950
vt 0.484850 -0.416950
vt 0.487060 -0.479730
vt 0.501350 -0.477320
vt 0.883860 -0.482480
vt 0.898200 -0.480640
vt 0.898530 -0.484800
vt 0.898530 -0.484800
vt 0.884180 -0.486710
vt 0.883860 -0.482480
vt 0.484850 -0.416950
vt 0.499180 -0.417470
vt 0.500040 -0.413400
vt 0.500040 -0.413400
vt 0.485830 -0.412820
vt 0.484850 -0.416950
vt 0.664920 -0.737650
vt 0.664920 -0.740260
vt 0.606060 -0.740260
vt 0.606060 -0.740260
vt 0.606060 -0.737650
vt 0.664920 -0.737650
vt 0.664920 -0.735140
vt 0.664920 -0.737650
vt 0.606060 -0.737650
vt 0.606060 -0.737650
vt 0.606060 -0.735140
vt 0.664920 -0.735140
vt 0.664920 -0.732740
vt 0.664920 -0.735140
vt 0.606060 -0.735140
vt 0.606060 -0.735140
vt 0.606060 -0.732740
vt 0.664920 -0.732740
vt 0.664920 -0.740260
vt 0.664920 -0.742760
vt 0.606060 -0.742760
vt 0.606060 -0.742760
vt 0.606060 -0.740260
vt 0.664920 -0.740260
vt 0.664920 -0.735140
vt 0.667560 -0.737650
vt 0.664920 -0.737650
vt 0.667460 -0.735140
vt 0.667560 -0.737650
vt 0.664920 -0.735140
vt 0.990360 -0.427660
vt 0.990640 -0.468740
vt 0.993940 -0.472160
vt 0.993940 -0.472160
vt 0.993970 -0.424810
vt 0.990360 -0.427660
vt 0.990360 -0.427660
vt 0.993970 -0.424810
vt 0.898330 -0.416650
vt 0.898330 -0.416650
vt 0.898400 -0.420710
vt 0.990360 -0.427660
vt 0.593080 -0.461840
vt 0.598480 -0.465290
vt 0.504730 -0.483080
vt 0.504730 -0.483080
vt 0.501350 -0.477320
vt 0.593080 -0.461840
vt 0.593080 -0.461840
vt 0.591180 -0.420800
vt 0.594500 -0.417240
vt 0.594500 -0.417240
vt 0.598480 -0.465290
vt 0.593080 -0.461840
vt 0.898400 -0.420710
vt 0.898200 -0.480640
vt 0.990640 -0.468740
vt 0.990640 -0.468740
vt 0.990360 -0.427660
vt 0.898400 -0.420710
vt 0.593080 -0.461840
vt 0.501350 -0.477320
vt 0.499180 -0.417470
vt 0.499180 -0.417470
vt 0.591180 -0.420800
vt 0.593080 -0.461840
vt 0.990640 -0.468740
vt 0.898200 -0.480640
vt 0.898530 -0.484800
vt 0.898530 -0.484800
vt 0.993940 -0.472160
vt 0.990640 -0.468740
vt 0.884130 -0.419630
vt 0.898400 -0.420710
vt 0.898330 -0.416650
vt 0.898330 -0.416650
vt 0.883950 -0.415430
vt 0.884130 -0.419630
vt 0.591180 -0.420800
vt 0.499180 -0.417470
vt 0.500040 -0.413400
vt 0.500040 -0.413400
vt 0.594500 -0.417240
vt 0.591180 -0.420800
vt 0.487060 -0.479730
vt 0.501350 -0.477320
vt 0.504730 -0.483080
vt 0.504730 -0.483080
vt 0.490630 -0.485760
vt 0.487060 -0.479730
vt 0.860960 -0.417880
vt 0.860570 -0.485480
vt 0.883860 -0.482480
vt 0.883860 -0.482480
vt 0.884130 -0.419630
vt 0.860960 -0.417880
vt 0.487060 -0.479730
vt 0.463850 -0.483650
vt 0.461570 -0.416110
vt 0.461570 -0.416110
vt 0.484850 -0.416950
vt 0.487060 -0.479730
vt 0.860570 -0.485480
vt 0.860890 -0.489790
vt 0.884180 -0.486710
vt 0.884180 -0.486710
vt 0.883860 -0.482480
vt 0.860570 -0.485480
vt 0.461570 -0.416110
vt 0.462770 -0.411890
vt 0.485830 -0.412820
vt 0.485830 -0.412820
vt 0.484850 -0.416950
vt 0.461570 -0.416110
vt 0.860960 -0.417880
vt 0.884130 -0.419630
vt 0.883950 -0.415430
vt 0.883950 -0.415430
vt 0.860600 -0.413430
vt 0.860960 -0.417880
vt 0.463850 -0.483650
vt 0.487060 -0.479730
vt 0.490630 -0.485760
vt 0.490630 -0.485760
vt 0.467740 -0.490110
vt 0.463850 -0.483650
vt 0.884130 -0.419630
vt 0.883860 -0.482480
vt 0.898200 -0.480640
vt 0.898200 -0.480640
vt 0.898400 -0.420710
vt 0.884130 -0.419630
vt 0.501350 -0.477320
vt 0.487060 -0.479730
vt 0.484850 -0.416950
vt 0.484850 -0.416950
vt 0.499180 -0.417470
vt 0.501350 -0.477320
vt 0.883860 -0.482480
vt 0.884180 -0.486710
vt 0.898530 -0.484800
vt 0.898530 -0.484800
vt 0.898200 -0.480640
vt 0.883860 -0.482480
vt 0.484850 -0.416950
vt 0.485830 -0.412820
vt 0.500040 -0.413400
vt 0.500040 -0.413400
vt 0.499180 -0.417470
vt 0.484850 -0.416950
vt 0.990360 -0.427660
vt 0.993970 -0.424810
vt 0.993940 -0.472160
vt 0.993940 -0.472160
vt 0.990640 -0.468740
vt 0.990360 -0.427660
vt 0.990360 -0.427660
vt 0.898400 -0.420710
vt 0.898330 -0.416650
vt 0.898330 -0.416650
vt 0.993970 -0.424810
vt 0.990360 -0.427660
vt 0.593080 -0.461840
vt 0.501350 -0.477320
vt 0.504730 -0.483080
vt 0.504730 -0.483080
vt 0.598480 -0.465290
vt 0.593080 -0.461840
vt 0.593080 -0.461840
vt 0.598480 -0.465290
vt 0.594500 -0.417240
vt 0.594500 -0.417240
vt 0.591180 -0.420800
vt 0.593080 -0.461840
vt 0.898400 -0.420710
vt 0.990360 -0.427660
vt 0.990640 -0.468740
vt 0.990640 -0.468740
vt 0.898200 -0.480640
vt 0.898400 -0.420710
vt 0.593080 -0.461840
vt 0.591180 -0.420800
vt 0.499180 -0.417470
vt 0.499180 -0.417470
vt 0.501350 -0.477320
vt 0.593080 -0.461840
vt 0.990640 -0.468740
vt 0.993940 -0.472160
vt 0.898530 -0.484800
vt 0.898530 -0.484800
vt 0.898200 -0.480640
vt 0.990640 -0.468740
vt 0.884130 -0.419630
vt 0.883950 -0.415430
vt 0.898330 -0.416650
vt 0.898330 -0.416650
vt 0.898400 -0.420710
vt 0.884130 -0.419630
vt 0.591180 -0.420800
vt 0.594500 -0.417240
vt 0.500040 -0.413400
vt 0.500040 -0.413400
vt 0.499180 -0.417470
vt 0.591180 -0.420800
vt 0.487060 -0.479730
vt 0.490630 -0.485760
vt 0.504730 -0.483080
vt 0.504730 -0.483080
vt 0.501350 -0.477320
vt 0.487060 -0.479730
vt 0.860960 -0.417880
vt 0.884130 -0.419630
vt 0.883860 -0.482480
vt 0.883860 -0.482480
vt 0.860570 -0.485480
vt 0.860960 -0.417880
vt 0.487060 -0.479730
vt 0.484850 -0.416950
vt 0.461570 -0.416110
vt 0.461570 -0.416110
vt 0.463850 -0.483650
vt 0.487060 -0.479730
vt 0.860570 -0.485480
vt 0.883860 -0.482480
vt 0.884180 -0.486710
vt 0.884180 -0.486710
vt 0.860890 -0.489790
vt 0.860570 -0.485480
vt 0.461570 -0.416110
vt 0.484850 -0.416950
vt 0.485830 -0.412820
vt 0.485830 -0.412820
vt 0.462770 -0.411890
vt 0.461570 -0.416110
vt 0.860960 -0.417880
vt 0.860600 -0.413430
vt 0.883950 -0.415430
vt 0.883950 -0.415430
vt 0.884130 -0.419630
vt 0.860960 -0.417880
vt 0.463850 -0.483650
vt 0.467740 -0.490110
vt 0.490630 -0.485760
vt 0.490630 -0.485760
vt 0.487060 -0.479730
vt 0.463850 -0.483650
vt 0.884130 -0.419630
vt 0.898400 -0.420710
vt 0.898200 -0.480640
vt 0.898200 -0.480640
vt 0.883860 -0.482480
vt 0.884130 -0.419630
vt 0.501350 -0.477320
vt 0.499180 -0.417470
vt 0.484850 -0.416950
vt 0.484850 -0.416950
vt 0.487060 -0.479730
vt 0.501350 -0.477320
vt 0.883860 -0.482480
vt 0.898200 -0.480640
vt 0.898530 -0.484800
vt 0.898530 -0.484800
vt 0.884180 -0.486710
vt 0.883860 -0.482480
vt 0.484850 -0.416950
vt 0.499180 -0.417470
vt 0.500040 -0.413400
vt 0.500040 -0.413400
vt 0.485830 -0.412820
vt 0.484850 -0.416950
vt 0.990360 -0.427660
vt 0.990640 -0.468740
vt 0.993940 -0.472160
vt 0.993940 -0.472160
vt 0.993970 -0.424810
vt 0.990360 -0.427660
vt 0.990360 -0.427660
vt 0.993970 -0.424810
vt 0.898330 -0.416650
vt 0.898330 -0.416650
vt 0.898400 -0.420710
vt 0.990360 -0.427660
vt 0.593080 -0.461840
vt 0.598480 -0.465290
vt 0.504730 -0.483080
vt 0.504730 -0.483080
vt 0.501350 -0.477320
vt 0.593080 -0.461840
vt 0.593080 -0.461840
vt 0.591180 -0.420800
vt 0.594500 -0.417240
vt 0.594500 -0.417240
vt 0.598480 -0.465290
vt 0.593080 -0.461840
vt 0.898400 -0.420710
vt 0.898200 -0.480640
vt 0.990640 -0.468740
vt 0.990640 -0.468740
vt 0.990360 -0.427660
vt 0.898400 -0.420710
vt 0.593080 -0.461840
vt 0.501350 -0.477320
vt 0.499180 -0.417470
vt 0.499180 -0.417470
vt 0.591180 -0.420800
vt 0.593080 -0.461840
vt 0.990640 -0.468740
vt 0.898200 -0.480640
vt 0.898530 -0.484800
vt 0.898530 -0.484800
vt 0.993940 -0.472160
vt 0.990640 -0.468740
vt 0.884130 -0.419630
vt 0.898400 -0.420710
vt 0.898330 -0.416650
vt 0.898330 -0.416650
vt 0.883950 -0.415430
vt 0.884130 -0.419630
vt 0.591180 -0.420800
vt 0.499180 -0.417470
vt 0.500040 -0.413400
vt 0.500040 -0.413400
vt 0.594500 -0.417240
vt 0.591180 -0.420800
vt 0.487060 -0.479730
vt 0.501350 -0.477320
vt 0.504730 -0.483080
vt 0.504730 -0.483080
vt 0.490630 -0.485760
vt 0.487060 -0.479730
vt 0.860960 -0.417880
vt 0.860570 -0.485480
vt 0.883860 -0.482480
vt 0.883860 -0.482480
vt 0.884130 -0.419630
vt 0.860960 -0.417880
vt 0.487060 -0.479730
vt 0.463850 -0.483650
vt 0.461570 -0.416110
vt 0.461570 -0.416110
vt 0.484850 -0.416950
vt 0.487060 -0.479730
vt 0.860570 -0.485480
vt 0.860890 -0.489790
vt 0.884180 -0.486710
vt 0.884180 -0.486710
vt 0.883860 -0.482480
vt 0.860570 -0.485480
vt 0.461570 -0.416110
vt 0.462770 -0.411890
vt 0.485830 -0.412820
vt 0.485830 -0.412820
vt 0.484850 -0.416950
vt 0.461570 -0.416110
vt 0.860960 -0.417880
vt 0.884130 -0.419630
vt 0.883950 -0.415430
vt 0.883950 -0.415430
vt 0.860600 -0.413430
vt 0.860960 -0.417880
vt 0.463850 -0.483650
vt 0.487060 -0.479730
vt 0.490630 -0.485760
vt 0.490630 -0.485760
vt 0.467740 -0.490110
vt 0.463850 -0.483650
vt 0.884130 -0.419630
vt 0.883860 -0.482480
vt 0.898200 -0.480640
vt 0.898200 -0.480640
vt 0.898400 -0.420710
vt 0.884130 -0.419630
vt 0.501350 -0.477320
vt 0.487060 -0.479730
vt 0.484850 -0.416950
vt 0.484850 -0.416950
vt 0.499180 -0.417470
vt 0.501350 -0.477320
vt 0.883860 -0.482480
vt 0.884180 -0.486710
vt 0.898530 -0.484800
vt 0.898530 -0.484800
vt 0.898200 -0.480640
vt 0.883860 -0.482480
vt 0.484850 -0.416950
vt 0.485830 -0.412820
vt 0.500040 -0.413400
vt 0.500040 -0.413400
vt 0.499180 -0.417470
vt 0.484850 -0.416950
vt 0.267130 -0.492310
vt 0.240880 -0.557710
vt 0.293790 -0.557710
vt 0.267130 -0.492310
vt 0.240880 -0.557710
vt 0.293790 -0.557710
vt 0.267130 -0.492310
vt 0.240880 -0.557710
vt 0.293790 -0.557710
vt 0.267130 -0.492310
vt 0.240880 -0.557710
vt 0.293790 -0.557710
vt 0.267130 -0.492310
vt 0.240880 -0.557710
vt 0.293790 -0.557710
vt 0.267130 -0.492310
vt 0.240880 -0.557710
vt 0.293790 -0.557710
vt 0.267130 -0.492310
vt 0.240880 -0.557710
vt 0.293790 -0.557710
vt 0.267130 -0.492310
vt 0.240880 -0.557710
vt 0.293790 -0.557710
vt 0.267130 -0.492310
vt 0.240880 -0.557710
vt 0.293790 -0.557710
vt 0.267130 -0.492310
vt 0.240880 -0.557710
vt 0.293790 -0.557710
vt 0.310360 -0.646230
vt 0.293790 -0.557710
vt 0.240880 -0.557710
vt 0.240880 -0.557710
vt 0.224750 -0.646230
vt 0.310360 -0.646230
vt 0.310360 -0.646230
vt 0.293790 -0.557710
vt 0.240880 -0.557710
vt 0.240880 -0.557710
vt 0.224750 -0.646230
vt 0.310360 -0.646230
vt 0.310360 -0.646230
vt 0.293790 -0.557710
vt 0.240880 -0.557710
vt 0.240880 -0.557710
vt 0.224750 -0.646230
vt 0.310360 -0.646230
vt 0.310360 -0.646230
vt 0.293790 -0.557710
vt 0.240880 -0.557710
vt 0.240880 -0.557710
vt 0.224750 -0.646230
vt 0.310360 -0.646230
vt 0.310360 -0.646230
vt 0.293790 -0.557710
vt 0.240880 -0.557710
vt 0.240880 -0.557710
vt 0.224750 -0.646230
vt 0.310360 -0.646230
vt 0.310360 -0.646230
vt 0.293790 -0.557710
vt 0.240880 -0.557710
vt 0.240880 -0.557710
vt 0.224750 -0.646230
vt 0.310360 -0.646230
vt 0.310360 -0.646230
vt 0.293790 -0.557710
vt 0.240880 -0.557710
vt 0.240880 -0.557710
vt 0.224750 -0.646230
vt 0.310360 -0.646230
vt 0.310360 -0.646230
vt 0.293790 -0.557710
vt 0.240880 -0.557710
vt 0.240880 -0.557710
vt 0.224750 -0.646230
vt 0.310360 -0.646230
vt 0.310360 -0.646230
vt 0.293790 -0.557710
vt 0.240880 -0.557710
vt 0.240880 -0.557710
vt 0.224750 -0.646230
vt 0.310360 -0.646230
vt 0.310360 -0.646230
vt 0.293790 -0.557710
vt 0.240880 -0.557710
vt 0.240880 -0.557710
vt 0.224750 -0.646230
vt 0.310360 -0.646230
vt 0.635950 -0.816060
vt 0.811180 -0.782170
vt 0.811180 -0.849430
vt 0.635950 -0.816060
vt 0.811180 -0.782170
vt 0.811180 -0.849430
vt 0.635950 -0.816060
vt 0.811180 -0.782170
vt 0.811180 -0.849430
vt 0.635950 -0.816060
vt 0.811180 -0.782170
vt 0.811180 -0.849430
vt 0.635950 -0.816060
vt 0.811180 -0.782170
vt 0.811180 -0.849430
vt 0.635950 -0.816060
vt 0.811180 -0.782170
vt 0.811180 -0.849430
vt 0.635950 -0.816060
vt 0.811180 -0.782170
vt 0.811180 -0.849430
vt 0.635950 -0.816060
vt 0.811180 -0.782170
vt 0.811180 -0.849430
vt 0.635950 -0.816060
vt 0.811180 -0.782170
vt 0.811180 -0.849430
vt 0.635950 -0.816060
vt 0.811180 -0.782170
vt 0.811180 -0.849430
vt 0.971870 -0.761110
vt 0.971870 -0.869940
vt 0.811180 -0.849430
vt 0.811180 -0.849430
vt 0.811180 -0.782170
vt 0.971870 -0.761110
vt 0.971870 -0.761110
vt 0.971870 -0.869940
vt 0.811180 -0.849430
vt 0.811180 -0.849430
vt 0.811180 -0.782170
vt 0.971870 -0.761110
vt 0.971870 -0.761110
vt 0.971870 -0.869940
vt 0.811180 -0.849430
vt 0.811180 -0.849430
vt 0.811180 -0.782170
vt 0.971870 -0.761110
vt 0.971870 -0.761110
vt 0.971870 -0.869940
vt 0.811180 -0.849430
vt 0.811180 -0.849430
vt 0.811180 -0.782170
vt 0.971870 -0.761110
vt 0.971870 -0.761110
vt 0.971870 -0.869940
vt 0.811180 -0.849430
vt 0.811180 -0.849430
vt 0.811180 -0.782170
vt 0.971870 -0.761110
vt 0.971870 -0.761110
vt 0.971870 -0.869940
vt 0.811180 -0.849430
vt 0.811180 -0.849430
vt 0.811180 -0.782170
vt 0.971870 -0.761110
vt 0.971870 -0.761110
vt 0.971870 -0.869940
vt 0.811180 -0.849430
vt 0.811180 -0.849430
vt 0.811180 -0.782170
vt 0.971870 -0.761110
vt 0.971870 -0.761110
vt 0.971870 -0.869940
vt 0.811180 -0.849430
vt 0.811180 -0.849430
vt 0.811180 -0.782170
vt 0.971870 -0.761110
vt 0.971870 -0.761110
vt 0.971870 -0.869940
vt 0.811180 -0.849430
vt 0.811180 -0.849430
vt 0.811180 -0.782170
vt 0.971870 -0.761110
vt 0.971870 -0.761110
vt 0.971870 -0.869940
vt 0.811180 -0.849430
vt 0.811180 -0.849430
vt 0.811180 -0.782170
vt 0.971870 -0.761110
vn -0.7375 -0.6593 -0.1461
vn -0.7278 -0.6854 -0.0247
vn -0.9683 -0.2478 -0.0314
vn -0.9711 -0.2076 -0.1176
vn -0.7375 -0.6594 -0.1461
vn -0.0000 -0.3079 -0.9514
vn -0.5421 -0.2356 -0.8066
vn 0.0000 0.1063 -0.9943
vn -0.9283 -0.3715 0.0154
vn -0.6958 -0.7180 -0.0186
vn -0.6160 -0.7872 -0.0308
vn -0.7137 -0.5764 -0.3979
vn -0.9493 -0.1998 -0.2425
vn -0.8680 -0.1412 -0.4761
vn -0.6842 -0.4378 -0.5833
vn -0.7138 -0.5764 -0.3979
vn -0.9711 -0.2075 -0.1177
vn -0.9711 -0.2076 -0.1177
vn -0.9494 -0.1998 -0.2425
vn -0.7138 -0.5763 -0.3979
vn -0.9283 -0.3716 0.0154
vn -0.7278 -0.6854 -0.0248
vn -0.7277 -0.6854 -0.0247
vn -0.6958 -0.7180 -0.0188
vn -0.9283 -0.3715 0.0155
vn -0.8680 -0.1412 -0.4762
vn -0.6160 -0.7871 -0.0308
vn -0.0000 -0.9976 -0.0692
vn -0.5420 -0.2357 -0.8066
vn 0.0001 -0.7141 -0.7001
vn -0.0000 -0.7140 -0.7002
vn -0.5421 -0.2357 -0.8066
vn 0.0000 -0.9899 -0.1417
vn -0.0000 -0.9998 -0.0220
vn -0.7375 -0.6594 -0.1460
vn -0.0000 -0.8967 -0.4426
vn -0.6842 -0.4378 -0.5832
vn 0.0000 -0.7140 -0.7001
vn 0.0000 -0.9899 -0.1416
vn -0.7277 -0.6854 -0.0249
vn 0.0001 -0.9967 -0.0815
vn -0.0000 -0.9967 -0.0815
vn -0.6959 -0.7179 -0.0186
vn -0.0001 -0.9967 -0.0815
vn -0.0001 -0.9976 -0.0692
vn -0.0000 -0.9801 -0.1987
vn -0.0000 -0.9466 -0.3224
vn 0.0000 -0.9466 -0.3225
vn -0.0000 0.9938 0.1108
vn 0.4617 0.8797 0.1140
vn 0.4699 0.8750 -0.1162
vn 0.4699 0.8750 -0.1161
vn 0.0000 0.9946 -0.1041
vn -0.9983 0.0588 -0.0056
vn -1.0000 -0.0000 -0.0000
vn -0.9975 0.0696 0.0135
vn -0.9463 0.3183 -0.0570
vn -0.9463 0.3182 -0.0570
vn -1.0000 0.0043 -0.0042
vn 0.3628 0.8518 0.3780
vn 0.3387 0.8587 0.3847
vn 0.0000 0.9255 0.3788
vn -0.0000 0.9255 0.3787
vn 0.0000 0.9433 0.3320
vn 0.0001 -0.9801 -0.1987
vn -0.0000 -0.9983 -0.0580
vn 0.0000 -0.9983 -0.0579
vn -0.9463 0.3182 -0.0571
vn -0.9443 0.3165 -0.0903
vn -0.9443 0.3165 -0.0901
vn -0.9998 0.0148 -0.0111
vn -0.6809 0.7219 -0.1233
vn -0.0000 0.9864 -0.1646
vn 0.0000 0.9732 -0.2300
vn -0.5208 0.8283 -0.2067
vn -0.0000 -0.9997 -0.0234
vn 0.0000 -0.9997 -0.0229
vn -0.9998 0.0148 -0.0112
vn -0.9362 0.3089 -0.1679
vn -0.9361 0.3090 -0.1679
vn -0.9970 -0.0000 -0.0772
vn -0.5207 0.8283 -0.2068
vn 0.0000 0.9479 -0.3187
vn -0.5195 0.8024 -0.2937
vn -0.5207 0.8283 -0.2069
vn -0.0000 -0.9996 -0.0283
vn -0.0000 -0.9995 -0.0305
vn -0.9541 -0.0094 -0.2992
vn -0.9970 0.0000 -0.0773
vn -0.9361 0.3089 -0.1679
vn -0.8842 0.2901 -0.3661
vn -0.9541 -0.0095 -0.2992
vn -0.5195 0.8024 -0.2938
vn -0.0000 0.8716 -0.4903
vn -0.4832 0.7400 -0.4678
vn 0.0000 -0.9996 -0.0282
vn 0.0001 -0.9787 -0.2051
vn 0.0000 -0.9787 -0.2051
vn -0.0000 -0.9726 -0.2325
vn -0.0001 -0.9995 -0.0305
vn -0.9542 -0.0094 -0.2992
vn -0.5863 0.2439 -0.7725
vn -0.6233 -0.0836 -0.7775
vn -0.4832 0.7401 -0.4678
vn -0.0001 0.8716 -0.4902
vn 0.0000 0.6280 -0.7782
vn 0.0001 0.6282 -0.7781
vn -0.0000 -0.9788 -0.2050
vn -0.0633 -0.8041 -0.5911
vn 0.0000 -0.7468 -0.6650
vn -0.0000 0.3058 -0.9521
vn -0.5863 0.2440 -0.7725
vn -0.0000 0.3060 -0.9520
vn -0.0000 -0.7469 -0.6650
vn 0.0000 -0.4408 -0.8976
vn -0.0000 -0.9467 -0.3222
vn 0.0001 -0.9697 -0.2442
vn 0.0000 -0.9697 -0.2442
vn 0.0000 -0.9467 -0.3221
vn 0.3561 0.8689 -0.3437
vn 0.0000 0.9459 -0.3244
vn -0.0000 0.9398 -0.3416
vn 0.3512 0.8803 -0.3190
vn -0.9975 0.0695 0.0134
vn -0.9454 0.3165 0.0772
vn -0.0001 -0.9697 -0.2442
vn 0.0000 -0.9924 -0.1229
vn 0.0000 -0.9924 -0.1228
vn -0.0001 0.9606 0.2781
vn -0.6789 0.7115 0.1812
vn -0.5205 0.8212 0.2337
vn -0.5205 0.8213 0.2337
vn -0.0001 0.9603 0.2790
vn -0.0000 0.9606 0.2781
vn -0.9478 0.3070 0.0863
vn -0.9454 0.3166 0.0773
vn 0.0000 -0.9994 -0.0357
vn 0.0000 -0.9994 -0.0358
vn -0.0000 -0.9968 0.0798
vn -0.0253 -0.9954 0.0926
vn -0.0000 0.9603 0.2789
vn -0.5205 0.8213 0.2336
vn -0.5172 0.8338 0.1929
vn -0.5173 0.8338 0.1928
vn -0.0000 0.9708 0.2400
vn -0.0000 0.9603 0.2790
vn -0.9543 0.2941 0.0527
vn -0.9478 0.3070 0.0862
vn 0.0001 -0.9757 0.2191
vn -0.0000 -0.9757 0.2191
vn -0.1703 -0.9531 0.2503
vn -0.0254 -0.9954 0.0925
vn -0.5172 0.8338 0.1928
vn -0.4158 0.8956 0.1580
vn -0.4159 0.8956 0.1581
vn -0.0001 0.9791 0.2035
vn -0.9543 0.2942 0.0526
vn -0.9804 -0.1970 0.0077
vn -0.9804 -0.1971 0.0076
vn -0.9145 0.4012 0.0526
vn -0.9543 0.2942 0.0527
vn -0.4643 -0.5622 -0.6843
vn 0.0000 -0.2986 -0.9544
vn -0.3891 -0.4974 -0.7754
vn -0.7702 -0.6105 -0.1846
vn -0.6008 -0.7960 -0.0742
vn -0.6052 -0.7921 -0.0792
vn -0.6052 -0.7921 -0.0794
vn -0.7753 -0.5994 -0.1989
vn -0.8393 -0.5149 -0.1745
vn -0.8363 -0.5190 -0.1768
vn -0.8438 -0.5276 -0.0986
vn -0.8437 -0.5276 -0.0986
vn -0.8415 -0.5279 -0.1146
vn -0.8394 -0.5149 -0.1742
vn -0.8415 -0.5280 -0.1146
vn -0.8437 -0.5277 -0.0986
vn -0.8413 -0.5398 -0.0308
vn -0.8412 -0.5398 -0.0308
vn -0.8379 -0.5449 -0.0326
vn -0.8379 -0.5448 -0.0326
vn -0.8412 -0.5398 -0.0307
vn -0.7988 -0.6007 -0.0329
vn -0.7928 -0.6084 -0.0351
vn -0.8379 -0.5449 -0.0327
vn -0.7988 -0.6006 -0.0329
vn -0.7552 -0.6497 -0.0873
vn -0.7552 -0.6497 -0.0872
vn -0.7465 -0.6590 -0.0923
vn -0.7928 -0.6085 -0.0351
vn -0.7551 -0.6497 -0.0873
vn -0.6588 -0.6825 -0.3165
vn -0.6588 -0.6824 -0.3166
vn -0.6391 -0.6884 -0.3430
vn -0.3891 -0.4975 -0.7753
vn -0.8363 -0.5189 -0.1768
vn -0.8398 -0.5141 -0.1741
vn -0.7754 -0.5994 -0.1988
vn -0.8363 -0.5189 -0.1769
vn -0.6009 -0.7959 -0.0743
vn -0.7057 -0.7081 -0.0243
vn -0.7126 -0.7014 -0.0155
vn -0.6052 -0.7921 -0.0793
vn -0.6008 -0.7959 -0.0741
vn -0.9478 0.3069 0.0863
vn -0.9635 0.2676 -0.0017
vn -0.9981 0.0609 0.0000
vn -0.9967 -0.0253 0.0773
vn -0.9967 -0.0253 0.0772
vn -0.9684 0.2428 0.0572
vn -0.9635 0.2677 -0.0017
vn -0.9981 0.0610 0.0000
vn -0.8788 -0.4773 -0.0000
vn -0.8442 -0.5245 0.1107
vn -0.8442 -0.5245 0.1108
vn -0.9981 0.0610 -0.0001
vn -0.8787 -0.4773 0.0000
vn -0.5026 -0.8645 0.0000
vn -0.4724 -0.8717 0.1303
vn -0.8442 -0.5244 0.1108
vn -0.8787 -0.4774 0.0000
vn -0.5027 -0.8645 0.0000
vn -0.0000 -1.0000 -0.0000
vn -0.0000 -0.9907 0.1362
vn 0.0001 -0.9907 0.1362
vn -0.9492 0.2696 0.1624
vn -0.9742 -0.0024 0.2258
vn 0.0001 -0.6885 0.7252
vn -0.8116 -0.4882 0.3210
vn 0.0001 -0.6886 0.7252
vn -0.4497 -0.8103 0.3758
vn 0.0000 -0.6886 0.7252
vn 0.0000 -0.9194 0.3933
vn -0.9684 0.2428 0.0573
vn -0.9742 -0.0025 0.2258
vn -0.9967 -0.0253 0.0774
vn -0.8442 -0.5244 0.1106
vn -0.8115 -0.4882 0.3210
vn -0.4498 -0.8102 0.3758
vn -0.4497 -0.8102 0.3758
vn 0.0000 -0.9907 0.1363
vn -0.4497 -0.8103 0.3757
vn 0.0000 -0.3420 -0.9397
vn -0.0001 -0.3421 -0.9397
vn -0.3860 -0.9213 0.0471
vn -0.0027 -0.9997 0.0233
vn -0.0120 -0.9757 0.2186
vn -0.0121 -0.9757 0.2186
vn -0.1126 -0.9734 0.1996
vn -0.3860 -0.9213 0.0472
vn -0.0318 0.9597 0.2793
vn -0.0055 0.9972 0.0751
vn -0.3867 0.9210 0.0479
vn -0.1127 0.9734 0.1996
vn -0.0319 0.9597 0.2793
vn -0.6192 -0.0000 0.7852
vn -0.9998 0.0001 0.0191
vn -0.9998 -0.0000 0.0191
vn -0.3860 -0.9213 0.0470
vn -0.8019 -0.0000 -0.5974
vn -0.5295 0.0000 -0.8483
vn -0.2278 -0.8777 -0.4216
vn -0.2277 -0.8777 -0.4216
vn -0.3467 -0.9137 -0.2120
vn -0.2863 -0.9001 0.3284
vn -0.6570 0.0001 0.7539
vn -0.5382 -0.0040 0.8428
vn -0.1188 -0.9656 0.2314
vn -0.2862 -0.9001 0.3284
vn -0.1126 0.9734 0.1996
vn -0.1992 -0.0034 0.9800
vn -0.0318 0.9596 0.2794
vn -0.6338 0.0001 -0.7735
vn -0.5295 0.0001 -0.8483
vn -0.2398 0.8353 -0.4947
vn -0.2398 0.8352 -0.4949
vn -0.4533 0.6998 -0.5521
vn -0.6338 -0.0000 -0.7735
vn -0.3482 0.9130 -0.2125
vn -0.8019 -0.0001 -0.5975
vn -0.9998 -0.0001 0.0191
vn -0.3866 0.9210 0.0478
vn -0.3483 0.9130 -0.2125
vn -0.4494 -0.7061 -0.5472
vn -0.0207 -0.9995 0.0255
vn -0.0027 -0.9997 0.0234
vn -0.1262 0.9543 0.2711
vn -0.2925 0.8954 0.3356
vn -0.0290 0.9982 0.0532
vn -0.1262 0.9542 0.2711
vn -0.0290 0.9982 0.0533
vn -0.1263 0.9543 0.2710
vn -0.0319 0.9597 0.2794
vn -0.1132 0.9647 0.2379
vn -0.4494 -0.7060 -0.5473
vn -0.2278 -0.8777 -0.4217
vn -0.6339 -0.0000 -0.7734
vn -0.1991 -0.0034 0.9800
vn -0.6193 -0.0000 0.7852
vn -0.1125 -0.9734 0.1996
vn -0.1126 -0.9734 0.1997
vn -0.1992 -0.0034 0.9799
vn -0.3794 -0.0025 0.9252
vn -0.1132 0.9647 0.2378
vn -0.8020 -0.0001 -0.5974
vn -0.3482 0.9130 -0.2126
vn -0.2397 0.8353 -0.4948
vn -0.5297 0.0000 -0.8482
vn -0.8019 0.0000 -0.5975
vn -0.1992 -0.0035 0.9800
vn -0.1129 -0.9640 0.2406
vn -0.1130 -0.9640 0.2406
vn -0.1993 -0.0035 0.9799
vn -0.5382 -0.0042 0.8428
vn -0.6570 0.0000 0.7539
vn -0.2924 0.8954 0.3357
vn -0.2925 0.8954 0.3357
vn -0.1262 0.9543 0.2710
vn -0.3466 -0.9137 -0.2120
vn -0.3867 0.9210 0.0477
vn -0.0388 0.9902 -0.1341
vn -0.2398 0.8353 -0.4948
vn -0.3867 0.9210 0.0478
vn -0.9998 -0.0001 0.0192
vn -0.3465 -0.9138 -0.2120
vn -0.3859 -0.9213 0.0471
vn -0.0120 -0.9758 0.2185
vn -0.0208 -0.9995 0.0255
vn -0.0206 -0.9995 0.0255
vn -0.2862 -0.9002 0.3283
vn -0.0120 -0.9757 0.2187
vn -0.0207 -0.9995 0.0256
vn -0.1129 -0.9640 0.2407
vn -0.0255 0.9990 -0.0355
vn -0.0388 0.9902 -0.1342
vn -0.0256 0.9990 -0.0355
vn -0.7126 -0.7014 -0.0156
vn -0.7057 -0.7081 -0.0242
vn -0.8384 -0.5296 0.1284
vn -0.8385 -0.5296 0.1284
vn -0.8413 -0.5210 0.1443
vn -0.7126 -0.7014 -0.0154
vn -0.7954 -0.5707 0.2039
vn -0.7884 -0.5808 0.2027
vn -0.0055 0.9972 0.0750
vn -0.3868 0.9209 0.0479
vn -0.0290 0.9982 0.0534
vn -0.0387 0.9902 -0.1342
vn -0.5381 -0.0041 0.8429
vn -0.3795 -0.0024 0.9252
vn -0.1129 -0.9640 0.2405
vn -0.5382 -0.0041 0.8428
vn -0.3794 -0.0023 0.9252
vn -0.1133 0.9647 0.2378
vn -0.3794 -0.0022 0.9252
vn -0.8842 0.2900 -0.3661
vn 0.6830 0.7202 0.1213
vn 0.6787 0.7230 -0.1287
vn 0.6788 0.7230 -0.1287
vn 0.4700 0.8750 -0.1161
vn 0.6830 0.7203 0.1213
vn 0.6831 0.7202 0.1213
vn -0.6810 0.7218 -0.1233
vn -0.5208 0.8283 -0.2068
vn -0.9463 0.3183 -0.0568
vn -0.9443 0.3164 -0.0901
vn -0.5208 0.8283 -0.2069
vn -0.9361 0.3089 -0.1680
vn -0.5195 0.8024 -0.2936
vn -0.4833 0.7400 -0.4678
vn -0.9362 0.3088 -0.1679
vn -0.9455 0.3165 0.0773
vn -0.9975 0.0696 0.0133
vn -0.6789 0.7115 0.1813
vn -0.9455 0.3165 0.0772
vn -0.5204 0.8213 0.2337
vn -0.9543 0.2943 0.0526
vn -0.5172 0.8339 0.1928
vn -0.9145 0.4012 0.0527
vn -0.9145 0.4011 0.0526
vn -0.4159 0.8955 0.1581
vn -0.8843 0.2900 -0.3661
vn 0.7375 -0.6594 -0.1461
vn 0.9711 -0.2076 -0.1176
vn 0.9683 -0.2478 -0.0314
vn 0.7277 -0.6855 -0.0248
vn 0.7375 -0.6593 -0.1461
vn 0.5421 -0.2356 -0.8066
vn 0.9283 -0.3715 0.0154
vn 0.6160 -0.7872 -0.0308
vn 0.6958 -0.7180 -0.0186
vn 0.7138 -0.5764 -0.3979
vn 0.6842 -0.4378 -0.5833
vn 0.8680 -0.1412 -0.4761
vn 0.9494 -0.1998 -0.2425
vn 0.7137 -0.5764 -0.3979
vn 0.7138 -0.5763 -0.3979
vn 0.9711 -0.2076 -0.1177
vn 0.9711 -0.2075 -0.1177
vn 0.9283 -0.3715 0.0155
vn 0.6958 -0.7180 -0.0188
vn 0.7277 -0.6855 -0.0247
vn 0.7278 -0.6854 -0.0248
vn 0.9283 -0.3716 0.0154
vn 0.5420 -0.2356 -0.8067
vn 0.6160 -0.7871 -0.0308
vn 0.5421 -0.2357 -0.8066
vn -0.0001 -0.7141 -0.7000
vn 0.5420 -0.2357 -0.8066
vn 0.7375 -0.6594 -0.1460
vn 0.7278 -0.6854 -0.0247
vn 0.6842 -0.4379 -0.5832
vn 0.6959 -0.7179 -0.0186
vn 0.7277 -0.6854 -0.0248
vn 0.0001 -0.9976 -0.0692
vn 0.8680 -0.1412 -0.4762
vn -0.4699 0.8750 -0.1161
vn -0.4699 0.8750 -0.1162
vn -0.4617 0.8797 0.1140
vn 0.9983 0.0588 -0.0056
vn 0.9975 0.0696 0.0135
vn 1.0000 0.0000 0.0000
vn 1.0000 0.0043 -0.0042
vn 0.9463 0.3182 -0.0570
vn 0.9463 0.3183 -0.0570
vn -0.3387 0.8587 0.3847
vn -0.3628 0.8518 0.3780
vn -0.3627 0.8518 0.3780
vn -0.0001 -0.9801 -0.1987
vn 0.9998 0.0148 -0.0111
vn 0.9443 0.3165 -0.0901
vn 0.9443 0.3165 -0.0903
vn 0.9463 0.3182 -0.0571
vn 0.6809 0.7219 -0.1233
vn 0.5208 0.8283 -0.2067
vn 0.9970 -0.0000 -0.0771
vn 0.9361 0.3090 -0.1679
vn 0.9361 0.3089 -0.1679
vn 0.9998 0.0148 -0.0112
vn 0.5207 0.8283 -0.2069
vn 0.5195 0.8024 -0.2937
vn 0.5207 0.8283 -0.2068
vn 0.9541 -0.0095 -0.2992
vn 0.8842 0.2901 -0.3661
vn 0.9970 0.0000 -0.0773
vn 0.9541 -0.0093 -0.2992
vn 0.5195 0.8024 -0.2938
vn 0.4832 0.7400 -0.4678
vn 0.0001 -0.9995 -0.0305
vn -0.0001 -0.9787 -0.2051
vn 0.9542 -0.0094 -0.2992
vn 0.6233 -0.0836 -0.7775
vn 0.5863 0.2439 -0.7725
vn -0.0001 0.6282 -0.7781
vn 0.0001 0.8716 -0.4902
vn 0.4832 0.7401 -0.4678
vn 0.0633 -0.8041 -0.5911
vn 0.5863 0.2440 -0.7725
vn -0.0000 -0.7468 -0.6651
vn -0.3561 0.8690 -0.3436
vn -0.3512 0.8803 -0.3190
vn -0.3561 0.8689 -0.3437
vn 0.9975 0.0695 0.0134
vn 0.9454 0.3165 0.0772
vn -0.0000 -0.9697 -0.2441
vn 0.0001 0.9603 0.2790
vn 0.5205 0.8213 0.2337
vn 0.5205 0.8212 0.2337
vn 0.6789 0.7115 0.1812
vn 0.0001 0.9606 0.2781
vn 0.9454 0.3166 0.0773
vn 0.9478 0.3070 0.0863
vn 0.0253 -0.9954 0.0926
vn 0.5173 0.8338 0.1928
vn 0.5172 0.8338 0.1929
vn 0.5205 0.8213 0.2336
vn 0.9478 0.3070 0.0862
vn 0.9543 0.2941 0.0527
vn 0.0254 -0.9954 0.0925
vn 0.1703 -0.9531 0.2503
vn -0.0001 -0.9757 0.2191
vn 0.0001 0.9791 0.2035
vn 0.4159 0.8956 0.1581
vn 0.4158 0.8956 0.1580
vn 0.5172 0.8339 0.1928
vn 0.9543 0.2942 0.0527
vn 0.9145 0.4012 0.0526
vn 0.9804 -0.1971 0.0076
vn 0.9804 -0.1970 0.0077
vn 0.9543 0.2942 0.0526
vn 0.4643 -0.5622 -0.6843
vn 0.3891 -0.4974 -0.7754
vn 0.7702 -0.6105 -0.1846
vn 0.7753 -0.5994 -0.1989
vn 0.6052 -0.7921 -0.0794
vn 0.6052 -0.7921 -0.0792
vn 0.6008 -0.7960 -0.0742
vn 0.8394 -0.5149 -0.1742
vn 0.8415 -0.5279 -0.1146
vn 0.8437 -0.5276 -0.0986
vn 0.8438 -0.5276 -0.0986
vn 0.8363 -0.5190 -0.1768
vn 0.8397 -0.5145 -0.1738
vn 0.8379 -0.5449 -0.0326
vn 0.8412 -0.5398 -0.0308
vn 0.8413 -0.5398 -0.0308
vn 0.8437 -0.5277 -0.0986
vn 0.8415 -0.5280 -0.1146
vn 0.8379 -0.5449 -0.0327
vn 0.7928 -0.6084 -0.0351
vn 0.7988 -0.6007 -0.0329
vn 0.8412 -0.5398 -0.0307
vn 0.8379 -0.5448 -0.0326
vn 0.7928 -0.6085 -0.0351
vn 0.7465 -0.6590 -0.0924
vn 0.7552 -0.6497 -0.0873
vn 0.7988 -0.6006 -0.0329
vn 0.7465 -0.6590 -0.0923
vn 0.6391 -0.6884 -0.3430
vn 0.6588 -0.6824 -0.3166
vn 0.7552 -0.6496 -0.0874
vn 0.3891 -0.4975 -0.7753
vn 0.6588 -0.6825 -0.3165
vn 0.8363 -0.5189 -0.1769
vn 0.7754 -0.5994 -0.1988
vn 0.8398 -0.5141 -0.1741
vn 0.8364 -0.5189 -0.1768
vn 0.6008 -0.7959 -0.0741
vn 0.6052 -0.7921 -0.0793
vn 0.7126 -0.7014 -0.0155
vn 0.7057 -0.7081 -0.0243
vn 0.6009 -0.7959 -0.0743
vn 0.9478 0.3069 0.0863
vn 0.9635 0.2677 -0.0017
vn 0.9684 0.2428 0.0572
vn 0.9967 -0.0253 0.0772
vn 0.9967 -0.0253 0.0773
vn 0.9981 0.0609 0.0000
vn 0.9635 0.2676 -0.0017
vn 0.9981 0.0610 -0.0001
vn 0.8442 -0.5245 0.1108
vn 0.8442 -0.5245 0.1107
vn 0.8788 -0.4773 -0.0000
vn 0.9981 0.0610 0.0000
vn 0.8787 -0.4774 0.0000
vn 0.8442 -0.5244 0.1108
vn 0.4724 -0.8717 0.1303
vn 0.5026 -0.8645 0.0001
vn 0.8787 -0.4773 0.0000
vn 0.5027 -0.8645 -0.0000
vn -0.0001 -0.9907 0.1362
vn 0.9492 0.2696 0.1624
vn -0.0001 -0.6885 0.7252
vn 0.9742 -0.0024 0.2258
vn -0.0001 -0.6886 0.7252
vn 0.8116 -0.4882 0.3210
vn -0.0000 -0.6885 0.7252
vn 0.4497 -0.8103 0.3758
vn 0.9684 0.2428 0.0573
vn 0.9492 0.2697 0.1623
vn 0.8115 -0.4882 0.3210
vn 0.8442 -0.5244 0.1106
vn 0.9967 -0.0253 0.0774
vn 0.4498 -0.8102 0.3758
vn 0.4497 -0.8103 0.3757
vn -0.0000 -0.9907 0.1364
vn 0.4497 -0.8102 0.3758
vn 0.0001 -0.3421 -0.9397
vn 0.3860 -0.9213 0.0472
vn 0.1126 -0.9734 0.1996
vn 0.0291 -0.9734 0.2272
vn 0.0291 -0.9734 0.2273
vn 0.0049 -0.9998 0.0203
vn 0.3860 -0.9213 0.0471
vn 0.0319 0.9597 0.2793
vn 0.1127 0.9734 0.1996
vn 0.3867 0.9210 0.0479
vn 0.0055 0.9972 0.0751
vn 0.0318 0.9597 0.2793
vn 0.3860 -0.9213 0.0470
vn 0.9998 -0.0000 0.0191
vn 0.9998 0.0001 0.0191
vn 0.6192 -0.0000 0.7852
vn 0.8019 -0.0000 -0.5974
vn 0.3466 -0.9137 -0.2121
vn 0.2277 -0.8777 -0.4216
vn 0.2278 -0.8777 -0.4216
vn 0.5295 0.0000 -0.8483
vn 0.8019 0.0001 -0.5974
vn 0.2862 -0.9001 0.3284
vn 0.1168 -0.9650 0.2347
vn 0.5382 -0.0040 0.8428
vn 0.6570 0.0001 0.7539
vn 0.2863 -0.9001 0.3284
vn 0.1126 0.9734 0.1997
vn 0.0318 0.9596 0.2794
vn 0.1992 -0.0034 0.9800
vn 0.1991 -0.0034 0.9800
vn 0.1126 0.9734 0.1996
vn 0.6338 -0.0000 -0.7735
vn 0.4533 0.6998 -0.5521
vn 0.2398 0.8352 -0.4949
vn 0.2398 0.8352 -0.4948
vn 0.5295 0.0001 -0.8483
vn 0.6338 0.0001 -0.7735
vn 0.3482 0.9130 -0.2125
vn 0.3866 0.9210 0.0478
vn 0.9998 0.0000 0.0190
vn 0.8019 -0.0000 -0.5975
vn 0.0049 -0.9998 0.0204
vn 0.0189 -0.9995 0.0246
vn 0.0189 -0.9995 0.0248
vn 0.4494 -0.7061 -0.5472
vn 0.1263 0.9543 0.2710
vn 0.1132 0.9647 0.2379
vn 0.0319 0.9597 0.2794
vn 0.1262 0.9542 0.2711
vn 0.0290 0.9982 0.0533
vn 0.1262 0.9543 0.2711
vn 0.0290 0.9982 0.0532
vn 0.2925 0.8954 0.3356
vn 0.6339 -0.0000 -0.7734
vn 0.2278 -0.8777 -0.4217
vn 0.4494 -0.7060 -0.5473
vn 0.1992 -0.0034 0.9799
vn 0.1126 -0.9734 0.1997
vn 0.1125 -0.9734 0.1996
vn 0.6193 -0.0000 0.7852
vn 0.1992 -0.0033 0.9800
vn 0.1132 0.9647 0.2378
vn 0.3794 -0.0025 0.9252
vn 0.8019 -0.0001 -0.5975
vn 0.5297 0.0000 -0.8482
vn 0.2397 0.8353 -0.4948
vn 0.2398 0.8353 -0.4948
vn 0.3481 0.9130 -0.2125
vn 0.1993 -0.0035 0.9799
vn 0.1249 -0.9511 0.2824
vn 0.0291 -0.9734 0.2271
vn 0.1992 -0.0035 0.9800
vn 0.1262 0.9543 0.2710
vn 0.2925 0.8954 0.3357
vn 0.2924 0.8954 0.3357
vn 0.6570 0.0000 0.7539
vn 0.5382 -0.0042 0.8428
vn 0.3466 -0.9137 -0.2120
vn 0.0049 -0.9998 0.0205
vn 0.0048 -0.9998 0.0204
vn 0.3867 0.9210 0.0478
vn 0.0388 0.9902 -0.1342
vn 0.3867 0.9210 0.0477
vn 0.3859 -0.9213 0.0472
vn 0.3466 -0.9138 -0.2119
vn 0.8020 -0.0001 -0.5974
vn 0.9998 -0.0001 0.0192
vn 0.9998 -0.0001 0.0191
vn 0.2862 -0.9002 0.3283
vn 0.0189 -0.9995 0.0247
vn 0.1250 -0.9511 0.2824
vn 0.1248 -0.9511 0.2824
vn 0.0256 0.9990 -0.0355
vn 0.0255 0.9990 -0.0355
vn 0.7126 -0.7014 -0.0154
vn 0.8413 -0.5210 0.1443
vn 0.8385 -0.5296 0.1284
vn 0.8384 -0.5296 0.1284
vn 0.7057 -0.7081 -0.0242
vn 0.7126 -0.7014 -0.0156
vn 0.7884 -0.5808 0.2027
vn 0.7954 -0.5707 0.2039
vn 0.0055 0.9972 0.0750
vn 0.3868 0.9209 0.0479
vn 0.0387 0.9902 -0.1342
vn 0.0290 0.9982 0.0534
vn 0.5382 -0.0041 0.8428
vn 0.3795 -0.0024 0.9252
vn 0.5381 -0.0040 0.8429
vn 0.3794 -0.0022 0.9252
vn 0.1133 0.9647 0.2378
vn 0.8842 0.2900 -0.3661
vn -0.4700 0.8750 -0.1161
vn -0.6788 0.7230 -0.1287
vn -0.6787 0.7230 -0.1287
vn -0.6830 0.7202 0.1213
vn 0.9463 0.3183 -0.0568
vn 0.5208 0.8283 -0.2068
vn 0.6810 0.7218 -0.1233
vn 0.9362 0.3089 -0.1679
vn 0.5208 0.8283 -0.2069
vn 0.9443 0.3164 -0.0901
vn 0.9362 0.3088 -0.1679
vn 0.4833 0.7400 -0.4678
vn 0.5195 0.8024 -0.2936
vn 0.9361 0.3090 -0.1680
vn 0.9455 0.3165 0.0773
vn 0.9975 0.0696 0.0133
vn 0.5204 0.8213 0.2337
vn 0.9455 0.3165 0.0772
vn 0.6789 0.7115 0.1813
vn 0.5172 0.8338 0.1928
vn 0.9543 0.2943 0.0526
vn 0.4159 0.8955 0.1581
vn 0.9145 0.4011 0.0526
vn 0.9145 0.4012 0.0527
vn 0.8843 0.2900 -0.3661
vn 0.0000 0.3522 0.9359
vn 0.0000 0.0000 1.0000
vn 0.0000 -0.3522 -0.9359
vn 0.0000 1.0000 0.0000
vn -0.7068 -0.7070 0.0234
vn -0.7069 -0.7069 0.0234
vn -0.7069 0.7069 0.0234
vn 0.7069 0.7069 0.0234
vn 0.7068 -0.7070 0.0234
vn 0.7069 -0.7069 0.0234
vn 0.0000 0.0000 -1.0000
vn 0.0000 -0.0003 -1.0000
vn 0.4159 0.8956 0.1580
vn -0.0000 0.9791 0.2035
vn 0.0000 0.9925 0.1222
vn 0.2641 0.9608 0.0847
vn 0.9804 -0.1970 0.0076
vn 0.8601 0.5093 0.0288
vn 0.9699 -0.2413 -0.0340
vn 0.2641 0.9608 0.0846
vn 0.0000 0.9953 0.0964
vn 0.1516 0.9853 0.0789
vn 0.9699 -0.2412 -0.0340
vn 0.8601 0.5094 0.0288
vn 0.7973 0.6025 0.0366
vn 0.7973 0.6025 0.0365
vn 0.9939 -0.1099 -0.0104
vn 0.9699 -0.2413 -0.0341
vn 0.1515 0.9853 0.0789
vn 0.0000 0.9971 0.0756
vn 0.0001 0.9971 0.0756
vn 0.1598 0.9845 0.0721
vn 0.7973 0.6025 0.0364
vn 0.8142 0.5791 0.0411
vn 0.9999 -0.0102 -0.0000
vn -0.0000 0.9983 0.0585
vn 0.0000 0.9983 0.0581
vn 0.1895 0.9802 0.0570
vn 0.1899 0.9801 0.0572
vn 0.8299 0.5570 0.0326
vn 0.8271 0.5612 0.0327
vn 0.8270 0.5612 0.0327
vn 1.0000 -0.0007 0.0000
vn 1.0000 0.0071 0.0054
vn -0.0000 0.9751 0.2219
vn 0.0000 0.9197 0.3927
vn 0.1873 0.9019 0.3891
vn 0.1873 0.9020 0.3891
vn 0.1814 0.9577 0.2233
vn -0.0000 0.9751 0.2220
vn 0.8936 -0.4424 0.0761
vn 0.7505 -0.6608 0.0086
vn 0.5422 -0.8400 0.0213
vn 0.5423 -0.8399 0.0211
vn 0.9077 -0.4107 0.0858
vn 0.8936 -0.4424 0.0760
vn 0.8030 0.5725 0.1659
vn 0.8090 0.5205 0.2729
vn 0.9971 0.0032 0.0765
vn 0.9971 0.0031 0.0766
vn 0.9990 0.0132 0.0427
vn 0.8030 0.5725 0.1658
vn -0.0000 0.3762 0.9266
vn 0.2594 0.2773 0.9251
vn 0.2593 0.2773 0.9251
vn -0.0001 0.9197 0.3927
vn 0.8090 0.5206 0.2729
vn 0.6753 0.4149 0.6098
vn 0.8916 -0.1733 0.4185
vn 0.8915 -0.1731 0.4186
vn 0.9971 0.0032 0.0766
vn 0.8191 -0.5690 0.0727
vn 0.8188 -0.5738 0.0195
vn 0.9477 -0.3191 0.0109
vn 0.9463 -0.3168 0.0648
vn 0.8191 -0.5690 0.0726
vn 0.4277 -0.9002 0.0819
vn 0.4287 -0.9029 0.0307
vn 0.8187 -0.5738 0.0195
vn 0.4277 -0.9002 0.0820
vn 0.0001 -0.9962 0.0866
vn 0.0000 -0.9994 0.0339
vn 0.4287 -0.9029 0.0306
vn 0.4278 -0.9002 0.0820
vn 0.0000 -0.9962 0.0865
vn 0.0000 -0.9690 0.2469
vn 0.4460 -0.8613 0.2433
vn 0.4552 -0.8148 0.3589
vn 0.4552 -0.8148 0.3590
vn 0.0000 -0.9255 0.3787
vn 0.4461 -0.8613 0.2433
vn 0.8192 -0.5303 0.2182
vn 0.8085 -0.5010 0.3087
vn 0.8193 -0.5303 0.2182
vn 0.9858 -0.1014 0.1336
vn 0.9422 -0.2179 0.2545
vn 0.9422 -0.2177 0.2545
vn 0.9858 -0.1014 0.1337
vn 0.9696 -0.0423 0.2412
vn 0.9422 -0.2178 0.2545
vn 0.8554 0.4202 0.3030
vn 0.9313 0.2196 0.2908
vn 0.9695 -0.0422 0.2413
vn 0.1900 0.9801 0.0572
vn 0.1596 0.9845 0.0720
vn 0.0000 0.9971 0.0757
vn -0.0000 0.9971 0.0755
vn -0.0000 0.9983 0.0586
vn 0.1901 0.9801 0.0572
vn 0.8142 0.5791 0.0410
vn 0.8626 0.5060 0.0008
vn 0.1815 0.9577 0.2233
vn 0.1922 0.9756 0.1060
vn 0.0000 0.9946 0.1034
vn 0.0000 0.9946 0.1035
vn 0.0001 0.9750 0.2220
vn 0.9999 -0.0000 0.0154
vn 0.8232 0.5627 0.0757
vn 0.8030 0.5724 0.1659
vn 0.9634 -0.2620 0.0574
vn 0.9590 -0.2784 0.0528
vn 0.9590 -0.2784 0.0529
vn 0.8192 -0.5304 0.2182
vn 0.8191 -0.5691 0.0726
vn 0.9858 -0.1015 0.1337
vn 0.8192 -0.5303 0.2181
vn 0.4460 -0.8613 0.2434
vn -0.0000 -0.9962 0.0866
vn 0.4276 -0.9002 0.0820
vn 0.4461 -0.8612 0.2435
vn 0.0000 -0.9690 0.2470
vn 0.3403 -0.9398 0.0300
vn 0.0998 -0.9944 0.0347
vn 0.9696 -0.0422 0.2412
vn 0.9312 0.2195 0.2909
vn 0.9423 -0.2178 0.2544
vn 0.3403 -0.9398 0.0301
vn 0.5421 -0.8400 0.0213
vn 0.7758 -0.0032 0.6310
vn 0.9921 0.0092 0.1249
vn 0.9945 -0.0081 0.1044
vn 0.9945 -0.0079 0.1043
vn 0.6582 0.0000 0.7528
vn 0.7758 -0.0031 0.6309
vn 0.9921 0.0093 0.1249
vn 0.9962 0.0319 0.0811
vn 0.9965 0.0280 0.0790
vn 0.9965 0.0279 0.0791
vn 0.9945 -0.0081 0.1042
vn 0.8590 0.5039 -0.0906
vn 0.3065 -0.0000 0.9519
vn 0.3064 0.0001 0.9519
vn 0.2563 0.0000 0.9666
vn 0.1582 0.9810 -0.1125
vn 0.1439 0.9842 -0.1032
vn 0.2177 0.9663 -0.1375
vn 0.2278 0.9671 -0.1131
vn 0.1583 0.9810 -0.1126
vn 0.7662 0.0004 0.6426
vn 0.7470 0.0000 0.6648
vn 0.7661 0.0004 0.6427
vn 0.0000 0.0042 1.0000
vn 0.0001 0.0023 1.0000
vn -0.0001 0.0022 1.0000
vn 0.7470 -0.0000 0.6649
vn 0.7662 0.0004 0.6427
vn 0.1582 0.9810 -0.1126
vn 0.0630 0.9960 -0.0635
vn -0.0000 0.9947 0.1032
vn 0.1923 0.9756 0.1060
vn 0.8232 0.5626 0.0757
vn 0.9999 0.0000 0.0153
vn 0.8231 0.5628 0.0757
vn 1.0000 0.0071 0.0053
vn 0.9962 0.0319 0.0810
vn 0.8188 -0.5738 0.0197
vn 0.8178 -0.5753 0.0130
vn 0.9477 -0.3191 0.0072
vn 0.4280 -0.9035 0.0203
vn 0.8178 -0.5754 0.0130
vn 0.8187 -0.5739 0.0195
vn -0.0000 -0.9997 0.0226
vn 0.4281 -0.9035 0.0204
vn 0.9648 -0.2624 0.0175
vn 0.9590 -0.2784 0.0527
vn 0.0001 0.1917 0.9815
vn -0.2006 -0.8909 0.4076
vn 0.1131 -0.9231 0.3675
vn 0.0000 -0.9314 0.3639
vn -0.0001 0.1916 0.9815
vn 0.0000 0.9995 0.0301
vn -0.5547 0.8264 0.0970
vn 0.0000 0.1916 0.9815
vn -0.9130 0.3500 0.2095
vn -0.9129 0.3502 0.2095
vn -0.9505 -0.0705 0.3027
vn -0.9505 -0.0704 0.3026
vn -0.6878 -0.6024 0.4052
vn 0.0001 0.1916 0.9815
vn -0.6878 -0.6024 0.4051
vn -0.2006 -0.8908 0.4076
vn 0.4158 0.8956 0.1581
vn 0.2642 0.9607 0.0847
vn 0.2640 0.9608 0.0847
vn 0.8602 0.5092 0.0288
vn 0.1515 0.9853 0.0790
vn 0.1597 0.9845 0.0721
vn 0.8142 0.5792 0.0410
vn 0.8299 0.5569 0.0326
vn 0.1895 0.9802 0.0571
vn 0.8298 0.5571 0.0326
vn 0.8030 0.5724 0.1657
vn 0.1874 0.9019 0.3891
vn 0.8090 0.5206 0.2730
vn 0.8030 0.5724 0.1660
vn 0.1921 0.9756 0.1060
vn 0.1814 0.9577 0.2232
vn 0.1815 0.9577 0.2232
vn 0.8029 0.5725 0.1659
vn 0.8271 0.5612 0.0326
vn 0.0000 -0.9995 0.0311
vn -0.0286 -0.9996 0.0067
vn -0.0024 -0.9996 0.0275
vn 0.5422 -0.8400 0.0212
vn 0.0998 -0.9944 0.0346
vn 0.0001 -0.9995 0.0311
vn 0.0997 -0.9944 0.0346
vn 0.0002 -0.9994 0.0357
vn 0.0000 0.3763 0.9265
vn 0.0000 -0.2683 0.9633
vn 0.3415 -0.3512 0.8718
vn 0.3416 -0.3510 0.8718
vn 0.0001 0.3763 0.9265
vn 0.8915 -0.1732 0.4186
vn 0.6752 0.4151 0.6098
vn 0.2593 0.2774 0.9251
vn 0.3416 -0.3511 0.8718
vn 0.8915 -0.1732 0.4185
vn 0.0000 0.9979 -0.0645
vn 0.0630 0.9960 -0.0636
vn -0.2641 0.9608 0.0847
vn -0.4159 0.8956 0.1580
vn -0.9804 -0.1970 0.0076
vn -0.9699 -0.2413 -0.0340
vn -0.8601 0.5093 0.0288
vn -0.1516 0.9853 0.0789
vn -0.2641 0.9608 0.0846
vn -0.9699 -0.2413 -0.0341
vn -0.9939 -0.1099 -0.0104
vn -0.7973 0.6025 0.0365
vn -0.7973 0.6025 0.0366
vn -0.8601 0.5094 0.0288
vn -0.9699 -0.2412 -0.0340
vn -0.1515 0.9853 0.0789
vn -0.1598 0.9845 0.0721
vn -0.0001 0.9971 0.0756
vn -0.9999 -0.0102 -0.0000
vn -0.8142 0.5791 0.0411
vn -0.7973 0.6025 0.0364
vn -0.1899 0.9801 0.0572
vn -0.1895 0.9802 0.0570
vn -0.8270 0.5612 0.0327
vn -0.8271 0.5612 0.0327
vn -0.8299 0.5570 0.0326
vn -1.0000 -0.0007 0.0000
vn -1.0000 0.0071 0.0054
vn -0.1814 0.9577 0.2233
vn -0.1873 0.9020 0.3891
vn -0.1873 0.9019 0.3891
vn -0.8936 -0.4424 0.0760
vn -0.9077 -0.4107 0.0858
vn -0.5423 -0.8399 0.0212
vn -0.5421 -0.8400 0.0213
vn -0.7505 -0.6608 0.0086
vn -0.8936 -0.4424 0.0761
vn -0.8030 0.5725 0.1658
vn -0.9990 0.0133 0.0427
vn -0.9971 0.0031 0.0766
vn -0.9971 0.0032 0.0765
vn -0.8090 0.5205 0.2729
vn -0.8030 0.5725 0.1659
vn 0.0001 0.9197 0.3927
vn -0.2593 0.2773 0.9251
vn -0.2594 0.2773 0.9251
vn -0.8090 0.5206 0.2729
vn -0.9971 0.0032 0.0766
vn -0.8915 -0.1731 0.4186
vn -0.8916 -0.1732 0.4185
vn -0.6752 0.4150 0.6099
vn -0.8191 -0.5690 0.0726
vn -0.9463 -0.3168 0.0648
vn -0.9477 -0.3191 0.0109
vn -0.8188 -0.5738 0.0195
vn -0.8191 -0.5690 0.0727
vn -0.4277 -0.9002 0.0820
vn -0.8187 -0.5738 0.0195
vn -0.4287 -0.9029 0.0307
vn -0.4277 -0.9002 0.0819
vn -0.4278 -0.9002 0.0820
vn -0.4287 -0.9029 0.0306
vn -0.0001 -0.9962 0.0866
vn -0.4552 -0.8148 0.3590
vn -0.4552 -0.8148 0.3589
vn -0.4460 -0.8613 0.2433
vn -0.4461 -0.8613 0.2433
vn -0.8085 -0.5010 0.3087
vn -0.8192 -0.5303 0.2182
vn -0.9422 -0.2177 0.2545
vn -0.9422 -0.2179 0.2545
vn -0.9858 -0.1014 0.1336
vn -0.8193 -0.5303 0.2182
vn -0.9858 -0.1014 0.1337
vn -0.9422 -0.2178 0.2545
vn -0.9696 -0.0423 0.2412
vn -0.8554 0.4202 0.3030
vn -0.9695 -0.0422 0.2413
vn -0.9313 0.2196 0.2908
vn -0.1901 0.9801 0.0572
vn -0.1596 0.9845 0.0720
vn -0.1900 0.9801 0.0572
vn -0.8142 0.5791 0.0410
vn -0.8626 0.5060 0.0008
vn -0.1815 0.9577 0.2233
vn -0.0000 0.9750 0.2220
vn -0.1922 0.9756 0.1060
vn -0.9990 0.0132 0.0427
vn -0.8030 0.5724 0.1659
vn -0.8232 0.5627 0.0757
vn -0.9999 -0.0000 0.0154
vn -0.9590 -0.2784 0.0529
vn -0.9590 -0.2784 0.0528
vn -0.9634 -0.2620 0.0574
vn -0.8192 -0.5303 0.2181
vn -0.9858 -0.1015 0.1337
vn -0.8191 -0.5691 0.0726
vn -0.8192 -0.5304 0.2182
vn -0.4460 -0.8613 0.2434
vn -0.4461 -0.8612 0.2435
vn -0.4276 -0.9002 0.0820
vn -0.3403 -0.9398 0.0300
vn -0.5422 -0.8400 0.0213
vn -0.0998 -0.9944 0.0347
vn -0.9696 -0.0422 0.2412
vn -0.9423 -0.2178 0.2544
vn -0.9312 0.2195 0.2909
vn -0.3403 -0.9398 0.0301
vn -0.7506 -0.6607 0.0086
vn -0.5422 -0.8400 0.0212
vn -0.7757 -0.0031 0.6310
vn -0.6582 0.0000 0.7528
vn -0.9945 -0.0078 0.1044
vn -0.9945 -0.0081 0.1044
vn -0.9921 0.0092 0.1249
vn -0.7758 -0.0032 0.6310
vn -0.9945 -0.0081 0.1042
vn -0.9965 0.0279 0.0791
vn -0.9965 0.0280 0.0790
vn -0.9962 0.0319 0.0811
vn -0.8590 0.5039 -0.0906
vn -0.2563 0.0000 0.9666
vn -0.3064 0.0001 0.9519
vn -0.3065 -0.0000 0.9519
vn -0.1581 0.9810 -0.1126
vn -0.2279 0.9671 -0.1131
vn -0.2177 0.9663 -0.1374
vn -0.1439 0.9842 -0.1032
vn -0.1582 0.9810 -0.1125
vn -0.2563 0.0001 0.9666
vn -0.7470 0.0000 0.6648
vn -0.7471 0.0000 0.6648
vn -0.7662 0.0004 0.6426
vn -0.7662 0.0004 0.6427
vn 0.0001 0.0022 1.0000
vn -0.0000 0.0023 1.0000
vn -0.7661 0.0004 0.6427
vn -0.1582 0.9810 -0.1126
vn -0.0630 0.9960 -0.0635
vn -0.1923 0.9756 0.1060
vn -0.9999 0.0000 0.0153
vn -0.8232 0.5626 0.0757
vn -1.0000 0.0070 0.0054
vn -0.9962 0.0319 0.0810
vn -1.0000 0.0071 0.0053
vn -0.9477 -0.3191 0.0072
vn -0.8178 -0.5753 0.0130
vn -0.8187 -0.5738 0.0197
vn -0.8187 -0.5739 0.0195
vn -0.8178 -0.5754 0.0130
vn -0.4280 -0.9035 0.0203
vn -0.4281 -0.9035 0.0204
vn -0.9648 -0.2624 0.0175
vn -0.9590 -0.2784 0.0527
vn -0.1131 -0.9231 0.3675
vn 0.2006 -0.8909 0.4076
vn -0.0001 0.1917 0.9815
vn 0.5547 0.8264 0.0970
vn 0.9130 0.3500 0.2095
vn 0.9129 0.3502 0.2095
vn 0.9505 -0.0705 0.3027
vn 0.9505 -0.0704 0.3026
vn 0.6878 -0.6024 0.4052
vn 0.6878 -0.6024 0.4051
vn 0.2006 -0.8908 0.4076
vn -0.8602 0.5092 0.0288
vn -0.2640 0.9608 0.0847
vn -0.2642 0.9607 0.0847
vn -0.4158 0.8956 0.1581
vn -0.1515 0.9853 0.0790
vn -0.8142 0.5792 0.0410
vn -0.1597 0.9845 0.0721
vn -0.8298 0.5571 0.0326
vn -0.1895 0.9802 0.0571
vn -0.8299 0.5569 0.0326
vn -0.8030 0.5724 0.1660
vn -0.8090 0.5206 0.2730
vn -0.1874 0.9019 0.3891
vn -0.8030 0.5724 0.1657
vn -0.6753 0.4149 0.6098
vn -0.8029 0.5725 0.1659
vn -0.1815 0.9577 0.2232
vn -0.1921 0.9756 0.1060
vn -0.8271 0.5612 0.0326
vn 0.0024 -0.9996 0.0275
vn 0.0286 -0.9996 0.0067
vn -0.0004 -0.9994 0.0357
vn -0.0997 -0.9944 0.0346
vn -0.0998 -0.9944 0.0346
vn 0.0023 -0.9996 0.0275
vn -0.0001 0.3763 0.9265
vn -0.3416 -0.3510 0.8718
vn -0.3415 -0.3512 0.8718
vn -0.8915 -0.1732 0.4185
vn -0.3416 -0.3511 0.8718
vn -0.6752 0.4151 0.6098
vn -0.1583 0.9810 -0.1126
vn -0.0630 0.9960 -0.0636
vn 0.2242 -0.9737 0.0405
vn -0.0000 -0.9947 0.1028
vn -0.0000 -0.9988 0.0488
vn 0.2242 -0.9737 0.0404
vn -0.0000 -0.9988 0.0487
vn 0.5279 -0.8490 0.0240
vn 0.2241 -0.9737 0.0405
vn 0.5278 -0.8490 0.0241
vn 0.5905 -0.8067 -0.0250
vn 0.7588 0.0412 -0.6500
vn 0.8207 0.0857 -0.5649
vn 0.0000 0.0300 -0.9995
vn -0.0000 0.0301 -0.9995
vn -0.0001 -0.0000 -1.0000
vn 0.9983 -0.0005 -0.0582
vn 0.9983 -0.0005 -0.0579
vn 0.9765 0.0168 -0.2148
vn 0.9765 0.0169 -0.2148
vn 0.9700 0.0000 -0.2430
vn 0.9983 -0.0006 -0.0581
vn 0.9068 -0.4166 -0.0650
vn 0.9789 -0.2020 -0.0309
vn 0.5904 -0.8067 -0.0250
vn 0.7588 0.0412 -0.6501
vn 0.8205 -0.5717 -0.0002
vn 0.9998 0.0216 -0.0002
vn 1.0000 0.0018 -0.0036
vn 1.0000 0.0018 -0.0037
vn 0.8200 -0.5723 -0.0001
vn 0.8205 -0.5717 -0.0001
vn 0.4318 -0.9020 0.0030
vn 0.8200 -0.5724 -0.0000
vn 0.4294 -0.9031 -0.0000
vn 0.0000 -1.0000 0.0094
vn 0.4319 -0.9019 0.0030
vn 0.4295 -0.9031 0.0000
vn 0.4295 -0.9031 -0.0001
vn -0.0001 -1.0000 -0.0000
vn 0.0001 -1.0000 0.0094
vn -0.0000 0.9984 0.0574
vn 0.4816 0.8730 0.0768
vn 0.1847 0.9810 0.0589
vn 0.0001 0.9998 0.0195
vn 0.5314 0.8428 0.0853
vn 0.1848 0.9810 0.0590
vn 0.8177 0.5739 0.0457
vn 0.9992 0.0393 -0.0054
vn 0.9976 0.0191 0.0666
vn 0.9976 0.0191 0.0665
vn 0.8515 0.5111 0.1171
vn 0.8177 0.5739 0.0456
vn 0.9992 0.0394 -0.0053
vn 0.8275 -0.5597 0.0446
vn 0.8439 -0.5293 0.0876
vn 0.9992 0.0393 -0.0056
vn 0.4457 -0.8918 0.0779
vn 0.4556 -0.8771 0.1523
vn 0.8439 -0.5293 0.0877
vn 0.0000 -0.9998 0.0191
vn 0.4555 -0.8771 0.1523
vn 0.9992 0.0393 -0.0053
vn 0.8176 0.5739 0.0457
vn 0.9075 0.4201 -0.0009
vn 0.9075 0.4200 -0.0009
vn 0.9998 0.0216 -0.0004
vn 0.8275 -0.5596 0.0446
vn 0.9998 0.0215 -0.0003
vn 0.9998 0.0216 -0.0003
vn 0.8205 -0.5717 0.0001
vn 0.4319 -0.9019 0.0031
vn 0.4318 -0.9019 0.0030
vn 0.4816 0.8730 0.0769
vn 0.9484 0.3169 -0.0091
vn 1.0000 0.0017 -0.0036
vn 0.9998 0.0215 -0.0006
vn 0.5314 0.8428 0.0854
vn 0.4816 0.8730 0.0770
vn 0.9939 -0.1100 -0.0104
vn 0.9999 -0.0101 0.0000
vn 0.9595 -0.2816 -0.0001
vn 0.9484 0.3169 -0.0090
vn 0.9983 -0.0004 -0.0581
vn 0.9999 -0.0006 -0.0169
vn 0.9999 -0.0006 -0.0170
vn 0.9595 -0.2817 -0.0001
vn 0.8198 -0.5727 -0.0001
vn 0.8200 -0.5723 -0.0000
vn 1.0000 0.0017 -0.0037
vn 0.9595 -0.2815 -0.0001
vn 0.4295 -0.9031 0.0001
vn 0.8198 -0.5726 -0.0000
vn 0.5525 0.6340 -0.5411
vn -0.0000 -0.9250 -0.3800
vn -0.1375 -0.9073 -0.3973
vn -0.0046 0.0783 -0.9969
vn -0.1374 -0.9073 -0.3973
vn -0.3826 -0.8186 -0.4284
vn -0.0001 0.0784 -0.9969
vn -0.6517 -0.6076 -0.4540
vn 0.0001 0.0783 -0.9969
vn -0.6517 -0.6076 -0.4539
vn -0.8687 -0.2149 -0.4463
vn -0.0000 0.0783 -0.9969
vn -0.8633 0.2951 -0.4095
vn -0.5035 0.8074 -0.3075
vn 0.0000 0.0784 -0.9969
vn -0.0000 0.9643 -0.2648
vn 0.9698 -0.2413 -0.0341
vn 0.9068 -0.4164 -0.0651
vn 0.5279 -0.8489 0.0241
vn 0.9699 -0.2412 -0.0341
vn 0.5905 -0.8067 -0.0251
vn 0.5279 -0.8489 0.0242
vn 0.9068 -0.4166 -0.0651
vn -0.2241 -0.9737 0.0405
vn -0.5905 -0.8067 -0.0250
vn -0.5278 -0.8490 0.0241
vn -0.2242 -0.9737 0.0404
vn -0.5279 -0.8490 0.0241
vn -0.2242 -0.9737 0.0405
vn -0.7588 0.0412 -0.6500
vn 0.0001 -0.0000 -1.0000
vn -0.0000 0.0300 -0.9996
vn -0.8207 0.0857 -0.5649
vn -0.9983 -0.0006 -0.0581
vn -0.9700 0.0000 -0.2430
vn -0.9765 0.0169 -0.2148
vn -0.9765 0.0168 -0.2148
vn -0.9983 -0.0005 -0.0579
vn -0.9983 -0.0005 -0.0580
vn -0.9068 -0.4166 -0.0650
vn -0.9789 -0.2020 -0.0309
vn -0.5904 -0.8067 -0.0250
vn -0.7588 0.0412 -0.6501
vn -0.9765 0.0169 -0.2149
vn -0.8205 -0.5717 -0.0001
vn -0.8200 -0.5723 -0.0000
vn -1.0000 0.0018 -0.0036
vn -0.9998 0.0216 -0.0006
vn -0.8205 -0.5717 -0.0002
vn -0.4318 -0.9020 0.0030
vn -0.4295 -0.9031 -0.0000
vn -0.8200 -0.5723 -0.0001
vn -0.8205 -0.5717 0.0000
vn -0.0001 -1.0000 0.0094
vn 0.0001 -1.0000 -0.0000
vn -0.4319 -0.9019 0.0030
vn -0.0001 0.9998 0.0195
vn -0.1847 0.9810 0.0589
vn -0.4816 0.8730 0.0770
vn 0.0000 0.9983 0.0574
vn -0.4816 0.8730 0.0769
vn -0.5314 0.8428 0.0854
vn -0.8177 0.5739 0.0456
vn -0.8515 0.5111 0.1171
vn -0.9976 0.0191 0.0665
vn -0.9976 0.0191 0.0666
vn -0.9992 0.0393 -0.0054
vn -0.8177 0.5739 0.0457
vn -0.9992 0.0393 -0.0056
vn -0.8439 -0.5293 0.0876
vn -0.8275 -0.5597 0.0448
vn -0.9992 0.0394 -0.0053
vn -0.8275 -0.5597 0.0446
vn -0.8439 -0.5293 0.0877
vn -0.4556 -0.8771 0.1523
vn -0.4457 -0.8918 0.0779
vn -0.4555 -0.8771 0.1523
vn -0.9998 0.0216 -0.0003
vn -0.9075 0.4200 -0.0009
vn -0.9075 0.4201 -0.0009
vn -0.8176 0.5739 0.0457
vn -0.9992 0.0393 -0.0053
vn -0.8275 -0.5596 0.0446
vn -0.9998 0.0216 -0.0004
vn -0.9998 0.0215 -0.0003
vn -0.4319 -0.9019 0.0031
vn -0.4318 -0.9019 0.0030
vn -0.4817 0.8730 0.0769
vn -0.9998 0.0215 -0.0002
vn -1.0000 0.0017 -0.0036
vn -0.9484 0.3169 -0.0090
vn -0.9939 -0.1100 -0.0104
vn -0.9999 -0.0101 0.0000
vn -0.9595 -0.2816 -0.0001
vn -1.0000 0.0018 -0.0037
vn -0.9983 -0.0004 -0.0581
vn -0.9999 -0.0006 -0.0170
vn -0.9999 -0.0006 -0.0169
vn -0.8201 -0.5723 0.0000
vn -0.8198 -0.5727 -0.0000
vn -0.9595 -0.2817 -0.0001
vn -0.4295 -0.9031 -0.0001
vn -0.8198 -0.5726 0.0000
vn -0.8200 -0.5724 -0.0000
vn -0.4294 -0.9031 0.0000
vn -0.4295 -0.9031 0.0001
vn -0.5525 0.6341 -0.5411
vn 0.1375 -0.9073 -0.3973
vn 0.1374 -0.9073 -0.3973
vn 0.0001 0.0784 -0.9969
vn 0.3826 -0.8186 -0.4284
vn -0.0001 0.0783 -0.9969
vn 0.6517 -0.6076 -0.4540
vn 0.6517 -0.6076 -0.4539
vn 0.8687 -0.2149 -0.4463
vn 0.8633 0.2951 -0.4095
vn -0.0094 0.0875 -0.9961
vn 0.5035 0.8074 -0.3075
vn -0.9698 -0.2413 -0.0341
vn -0.9068 -0.4165 -0.0650
vn -0.5279 -0.8489 0.0242
vn -0.5905 -0.8067 -0.0251
vn -0.9698 -0.2414 -0.0340
vn -0.5279 -0.8489 0.0241
vn -0.9699 -0.2412 -0.0341
vn -0.9068 -0.4166 -0.0651
vn 0.9999 -0.0007 -0.0168
vn 1.0000 -0.0006 -0.0001
vn 0.9476 -0.3191 0.0156
vn 0.8237 -0.5664 0.0278
vn 0.8236 -0.5664 0.0279
vn 0.8154 -0.5782 0.0283
vn 0.8236 -0.5665 0.0278
vn 0.4320 -0.9008 0.0442
vn 0.4319 -0.9008 0.0442
vn 0.4264 -0.9035 0.0443
vn 0.8154 -0.5783 0.0284
vn 0.4263 -0.9035 0.0443
vn 0.4319 -0.9009 0.0442
vn 0.0001 -0.9988 0.0490
vn 0.0000 -0.9988 0.0489
vn -0.0001 -0.9988 0.0490
vn -0.4263 -0.9035 0.0443
vn -0.4319 -0.9009 0.0442
vn -0.8154 -0.5783 0.0284
vn -0.4264 -0.9035 0.0443
vn -0.4319 -0.9008 0.0442
vn -0.4320 -0.9008 0.0442
vn -0.8236 -0.5665 0.0278
vn -0.8154 -0.5782 0.0283
vn -0.9476 -0.3191 0.0156
vn -0.8154 -0.5781 0.0283
vn -0.8236 -0.5664 0.0279
vn -0.8237 -0.5664 0.0278
vn -1.0000 -0.0006 -0.0001
vn -0.9999 -0.0006 -0.0168
vn -0.9983 0.0587 -0.0056
vn 0.3513 0.8803 -0.3189
vn 0.6787 0.7231 -0.1286
vn 0.6787 0.7230 -0.1286
vn 0.3561 0.8690 -0.3436
vn -0.3511 0.8803 -0.3190
vn -0.6787 0.7231 -0.1286
vn -0.3512 0.8802 -0.3191
vn -0.3387 0.8586 0.3847
vn -0.4617 0.8797 0.1141
vn -0.6831 0.7202 0.1213
vn -0.6830 0.7203 0.1213
vn -0.3386 0.8587 0.3847
vn 0.3387 0.8586 0.3847
vn 0.0001 0.9938 0.1108
vn -0.0000 0.9938 0.1107
vn -0.0001 0.9398 -0.3416
vn -0.0001 0.9938 0.1108
vn 0.0000 0.9939 0.1107
vn 0.0001 0.9398 -0.3416
vn 0.0000 -0.7071 0.7071
vn 0.0000 -0.7071 -0.7071
vn -0.0000 0.7071 0.7071
vn 0.0000 0.0871 0.9962
vn 0.0000 -0.0872 -0.9962
vn 0.0000 0.5736 -0.8191
vn 0.0000 0.5736 -0.8192
vn 0.0000 -0.5736 0.8191
vn 0.0000 -0.8191 -0.5736
vn 0.0000 0.8192 0.5736
vn -0.7659 0.6427 -0.0167
vn -0.7659 0.6427 -0.0168
vn 0.6427 0.7659 -0.0167
vn 0.6428 0.7659 -0.0168
vn 0.6427 0.7659 -0.0168
vn -0.6427 -0.7659 -0.0167
vn -0.6427 -0.7659 -0.0168
vn -0.7660 0.6427 -0.0168
vn -0.7660 0.6426 -0.0168
vn 0.7659 -0.6427 -0.0167
vn 0.7659 -0.6427 -0.0168
vn -0.6427 -0.7660 -0.0168
vn 0.7659 -0.6428 -0.0168
vn -0.0871 0.9961 -0.0140
vn -0.0870 0.9961 -0.0140
vn -0.9961 -0.0871 -0.0140
vn -0.9961 -0.0873 -0.0140
vn 0.0871 -0.9961 -0.0140
vn 0.0870 -0.9961 -0.0140
vn 0.9961 0.0871 -0.0140
vn 0.9961 0.0870 -0.0140
vn -0.7745 0.6326 -0.0000
vn -0.8230 0.5680 -0.0091
vn -0.7081 0.0405 0.7050
vn -0.7894 0.0295 0.6132
vn 0.7465 0.0730 -0.6613
vn 0.8034 0.0628 -0.5921
vn 0.8173 0.5763 0.0000
vn 0.8605 0.5093 0.0095
vn -1.0000 0.0011 -0.0045
vn -0.9999 -0.0002 -0.0109
vn -1.0000 0.0006 -0.0090
vn -1.0000 0.0006 -0.0088
vn -1.0000 0.0039 -0.0030
vn 0.9999 0.0133 0.0086
vn 0.9998 0.0143 0.0111
vn 0.9999 0.0127 0.0032
vn 0.9999 0.0121 0.0030
vn 0.9999 0.0108 0.0022
vn -0.8300 0.0487 -0.5557
vn -0.7268 0.0684 -0.6834
vn -0.6963 0.0361 0.7169
vn 0.8457 0.0362 0.5324
vn 0.7689 0.0470 0.6377
vn 0.5239 0.6586 -0.5401
vn 0.5760 0.6386 -0.5103
vn -1.0000 0.0011 -0.0019
vn -1.0000 0.0003 -0.0023
vn -1.0000 0.0043 -0.0012
vn -1.0000 0.0045 -0.0010
vn -1.0000 0.0047 -0.0007
vn -1.0000 0.0013 -0.0020
vn 0.9999 0.0109 0.0003
vn 0.9999 0.0137 0.0010
vn 0.9999 0.0130 0.0008
vn 0.9999 0.0109 0.0000
vn -0.2446 0.9305 -0.2727
vn -0.1824 0.9428 -0.2789
vn 0.7571 0.0476 0.6516
vn 0.7383 0.0435 0.6731
vn -0.6773 0.0372 0.7348
vn -0.6961 0.0412 0.7167
vn 0.2014 0.9395 -0.2772
vn 0.2626 0.9262 -0.2707
vn -1.0000 0.0005 -0.0034
vn -1.0000 0.0009 -0.0045
vn -1.0000 0.0038 -0.0030
vn -1.0000 0.0044 -0.0011
vn -1.0000 0.0007 -0.0029
vn 0.9999 0.0106 0.0016
vn 0.9999 0.0132 0.0029
vn 0.9999 0.0138 0.0022
vn 0.9999 0.0134 0.0015
vn 0.9999 0.0110 0.0002
vn -0.5550 0.6478 -0.5219
vn -0.4966 0.6685 -0.5537
vn 0.7573 0.0424 0.6517
vn -0.0871 -0.9961 0.0140
vn -0.0870 -0.9961 0.0140
vn -0.9961 0.0871 0.0140
vn -0.9961 0.0870 0.0140
vn 0.0871 0.9961 0.0140
vn 0.0870 0.9961 0.0140
vn 0.9961 -0.0871 0.0140
vn 0.9961 -0.0870 0.0140
vn 0.7745 -0.6326 -0.0000
vn 0.8230 -0.5680 -0.0091
vn 0.5716 0.5910 0.5691
vn 0.0348 0.6936 0.7195
vn -0.5404 -0.6918 -0.4788
vn -0.8806 -0.3814 -0.2813
vn -0.8173 -0.5762 0.0000
vn -0.8605 -0.5093 0.0095
vn 1.0000 -0.0065 -0.0048
vn 0.9999 -0.0123 -0.0109
vn 0.9999 -0.0117 -0.0089
vn 0.9999 -0.0118 -0.0088
vn 1.0000 -0.0057 -0.0028
vn 1.0000 -0.0067 -0.0048
vn -0.9997 -0.0211 0.0088
vn -0.9997 -0.0205 0.0111
vn -0.9998 -0.0188 0.0034
vn -0.9998 -0.0188 0.0035
vn -0.9999 -0.0128 0.0014
vn -0.9997 -0.0211 0.0086
vn 0.8916 -0.3552 -0.2810
vn 0.5243 -0.6942 -0.4931
vn 0.6963 -0.0360 0.7168
vn 0.7081 -0.0405 0.7050
vn 0.0921 0.6915 0.7164
vn -0.6467 0.5424 0.5363
vn -0.5239 -0.6587 -0.5401
vn -0.5759 -0.6387 -0.5103
vn 1.0000 -0.0006 -0.0021
vn 1.0000 -0.0003 -0.0023
vn 1.0000 -0.0043 -0.0012
vn 1.0000 -0.0045 -0.0010
vn 1.0000 -0.0047 -0.0007
vn 1.0000 -0.0013 -0.0020
vn -0.9999 -0.0110 0.0002
vn -0.9999 -0.0137 0.0010
vn -0.9999 -0.0131 0.0008
vn -0.9999 -0.0109 0.0000
vn 0.2446 -0.9305 -0.2727
vn 0.1824 -0.9428 -0.2789
vn -0.7571 -0.0476 0.6515
vn -0.7383 -0.0435 0.6730
vn 0.6774 -0.0372 0.7347
vn 0.6962 -0.0412 0.7167
vn -0.2015 -0.9395 -0.2772
vn -0.2626 -0.9262 -0.2707
vn 1.0000 -0.0006 -0.0031
vn 1.0000 -0.0051 -0.0023
vn 1.0000 -0.0045 -0.0013
vn 1.0000 -0.0008 -0.0029
vn -0.9999 -0.0127 0.0015
vn -0.9999 -0.0133 0.0015
vn -0.9999 -0.0105 0.0005
vn -0.9999 -0.0121 0.0014
vn 0.5549 -0.6479 -0.5219
vn 0.4965 -0.6685 -0.5537
vn -0.7689 -0.0470 0.6376
vn -0.7573 -0.0424 0.6517
vn -0.9961 0.0873 0.0140
vn 0.0873 0.9961 0.0140
vn -0.6326 -0.7745 -0.0000
vn -0.5679 -0.8230 -0.0091
vn 0.5910 -0.5716 0.5691
vn 0.6936 -0.0347 0.7195
vn -0.6918 0.5404 -0.4788
vn -0.3815 0.8805 -0.2813
vn -0.5762 0.8173 0.0000
vn -0.5093 0.8605 0.0095
vn -0.0066 -1.0000 -0.0048
vn -0.0123 -0.9999 -0.0109
vn -0.0118 -0.9999 -0.0090
vn -0.0057 -1.0000 -0.0027
vn -0.0211 0.9997 0.0086
vn -0.0205 0.9997 0.0111
vn -0.0187 0.9998 0.0035
vn -0.0188 0.9998 0.0035
vn -0.0127 0.9999 0.0014
vn -0.0212 0.9997 0.0086
vn -0.3551 -0.8916 -0.2810
vn -0.6942 -0.5243 -0.4931
vn -0.0361 -0.6963 0.7169
vn -0.0406 -0.7081 0.7050
vn 0.6915 -0.0921 0.7164
vn 0.5424 0.6467 0.5363
vn -0.6587 0.5239 -0.5401
vn -0.6387 0.5759 -0.5103
vn -0.0008 -1.0000 -0.0021
vn -0.0003 -1.0000 -0.0023
vn -0.0043 -1.0000 -0.0012
vn -0.0045 -1.0000 -0.0010
vn -0.0047 -1.0000 -0.0007
vn -0.0013 -1.0000 -0.0020
vn -0.0109 0.9999 0.0003
vn -0.0137 0.9999 0.0010
vn -0.0130 0.9999 0.0009
vn -0.0109 0.9999 0.0000
vn -0.9305 -0.2446 -0.2727
vn -0.9428 -0.1823 -0.2789
vn -0.0476 0.7571 0.6516
vn -0.0435 0.7384 0.6730
vn -0.0372 -0.6773 0.7347
vn -0.0412 -0.6961 0.7167
vn -0.9395 0.2015 -0.2772
vn -0.9262 0.2626 -0.2707
vn -0.0007 -1.0000 -0.0027
vn -0.0057 -1.0000 -0.0028
vn -0.0061 -1.0000 -0.0028
vn -0.0007 -1.0000 -0.0029
vn -0.0138 0.9999 0.0022
vn -0.0134 0.9999 0.0015
vn -0.0110 0.9999 0.0002
vn -0.0127 0.9999 0.0015
vn -0.6478 -0.5549 -0.5219
vn -0.6685 -0.4966 -0.5537
vn -0.0470 0.7689 0.6376
vn -0.0424 0.7573 0.6517
vn 0.9961 0.0873 0.0140
vn 0.9961 0.0871 0.0140
vn -0.0873 0.9961 0.0140
vn -0.0871 0.9961 0.0140
vn -0.9961 -0.0870 0.0140
vn -0.9961 -0.0871 0.0140
vn 0.0870 -0.9961 0.0140
vn 0.0871 -0.9961 0.0140
vn 0.5679 -0.8230 -0.0091
vn 0.6326 -0.7745 -0.0000
vn -0.6936 -0.0347 0.7195
vn -0.5910 -0.5716 0.5691
vn 0.3815 0.8805 -0.2813
vn 0.6918 0.5404 -0.4788
vn 0.5093 0.8605 0.0095
vn 0.5762 0.8173 0.0000
vn 0.0066 -1.0000 -0.0048
vn 0.0057 -1.0000 -0.0027
vn 0.0118 -0.9999 -0.0090
vn 0.0118 -0.9999 -0.0089
vn 0.0123 -0.9999 -0.0109
vn 0.0212 0.9997 0.0086
vn 0.0127 0.9999 0.0014
vn 0.0188 0.9998 0.0035
vn 0.0187 0.9998 0.0035
vn 0.0205 0.9997 0.0111
vn 0.0211 0.9997 0.0086
vn 0.6942 -0.5243 -0.4931
vn 0.3551 -0.8916 -0.2810
vn 0.0405 -0.7081 0.7050
vn 0.0361 -0.6963 0.7169
vn -0.5424 0.6467 0.5363
vn -0.6915 -0.0921 0.7164
vn 0.6387 0.5759 -0.5103
vn 0.6586 0.5239 -0.5401
vn 0.0013 -1.0000 -0.0020
vn 0.0047 -1.0000 -0.0007
vn 0.0045 -1.0000 -0.0010
vn 0.0043 -1.0000 -0.0012
vn 0.0003 -1.0000 -0.0023
vn 0.0008 -1.0000 -0.0021
vn 0.0109 0.9999 0.0000
vn 0.0129 0.9999 0.0008
vn 0.0137 0.9999 0.0010
vn 0.0109 0.9999 0.0003
vn 0.9428 -0.1823 -0.2789
vn 0.9305 -0.2446 -0.2727
vn 0.0435 0.7384 0.6730
vn 0.0476 0.7571 0.6516
vn 0.0412 -0.6961 0.7167
vn 0.0372 -0.6773 0.7347
vn 0.9262 0.2626 -0.2707
vn 0.9395 0.2015 -0.2772
vn 0.0007 -1.0000 -0.0029
vn 0.0061 -1.0000 -0.0028
vn 0.0057 -1.0000 -0.0028
vn 0.0007 -1.0000 -0.0027
vn 0.0124 0.9999 0.0014
vn 0.0110 0.9999 0.0002
vn 0.0134 0.9999 0.0015
vn 0.0133 0.9999 0.0014
vn 0.0128 0.9999 0.0015
vn 0.6685 -0.4966 -0.5537
vn 0.6478 -0.5549 -0.5219
vn 0.0424 0.7573 0.6517
vn 0.0470 0.7689 0.6376
vn -0.8283 -0.5114 -0.2290
vn -0.6964 -0.6834 -0.2190
vn 0.3964 -0.6507 0.6477
vn 0.4333 -0.5036 0.7474
vn -0.6495 0.6436 -0.4049
vn -0.5512 0.7564 -0.3521
vn -0.7160 0.6695 -0.1979
vn -0.7333 0.6477 -0.2066
vn -0.0093 -0.9999 -0.0071
vn -0.0141 -0.9997 -0.0210
vn -0.0143 -0.9998 -0.0150
vn -0.0062 -1.0000 -0.0030
vn -0.0092 -0.9999 -0.0072
vn -0.0362 0.9993 0.0051
vn -0.0363 0.9993 0.0063
vn -0.0257 0.9997 0.0032
vn -0.0124 0.9999 0.0015
vn -0.0363 0.9993 0.0048
vn -0.5218 -0.7751 -0.3562
vn -0.6486 -0.6334 -0.4221
vn 0.1524 -0.6886 0.7089
vn 0.1464 -0.7011 0.6979
vn 0.4023 0.5534 0.7293
vn 0.3424 0.7232 0.5998
vn -0.6570 0.6164 -0.4340
vn -0.6338 0.6547 -0.4119
vn -0.0003 -1.0000 -0.0018
vn -0.0001 -1.0000 -0.0029
vn -0.0074 -1.0000 -0.0011
vn -0.0075 -1.0000 -0.0011
vn -0.0086 -1.0000 -0.0007
vn -0.0005 -1.0000 -0.0019
vn -0.0195 0.9998 0.0002
vn -0.0198 0.9998 0.0014
vn -0.0266 0.9996 0.0008
vn -0.0268 0.9996 0.0008
vn -0.0217 0.9998 0.0000
vn -0.9605 -0.2216 -0.1684
vn -0.9365 -0.3122 -0.1595
vn -0.5887 0.6127 0.5273
vn -0.5953 0.5939 0.5413
vn -0.6190 -0.5323 0.5775
vn -0.6144 -0.5497 0.5660
vn -0.9275 0.3395 -0.1566
vn -0.9570 0.2373 -0.1671
vn -0.0061 -1.0000 -0.0030
vn -0.0076 -1.0000 -0.0010
vn 0.0000 -1.0000 -0.0030
vn -0.0122 0.9999 0.0016
vn -0.0256 0.9997 0.0031
vn -0.0197 0.9998 0.0015
vn -0.0199 0.9998 0.0015
vn -0.0125 0.9999 0.0015
vn -0.6466 -0.6348 -0.4231
vn -0.6723 -0.5894 -0.4479
vn 0.1255 0.7637 0.6333
vn 0.1321 0.7513 0.6466
vn 0.6964 -0.6834 -0.2190
vn 0.8283 -0.5114 -0.2290
vn -0.4333 -0.5036 0.7474
vn -0.3964 -0.6507 0.6477
vn 0.5512 0.7564 -0.3521
vn 0.6495 0.6436 -0.4049
vn 0.7333 0.6477 -0.2066
vn 0.7160 0.6695 -0.1979
vn 0.0093 -0.9999 -0.0072
vn 0.0062 -1.0000 -0.0030
vn 0.0143 -0.9998 -0.0150
vn 0.0141 -0.9997 -0.0210
vn 0.0093 -0.9999 -0.0071
vn 0.0363 0.9993 0.0048
vn 0.0124 0.9999 0.0015
vn 0.0257 0.9997 0.0032
vn 0.0258 0.9997 0.0032
vn 0.0363 0.9993 0.0063
vn 0.6486 -0.6334 -0.4221
vn 0.5218 -0.7751 -0.3562
vn -0.1464 -0.7011 0.6979
vn -0.1524 -0.6886 0.7089
vn -0.3424 0.7232 0.5998
vn -0.4023 0.5534 0.7293
vn 0.6338 0.6547 -0.4119
vn 0.6570 0.6164 -0.4340
vn 0.0005 -1.0000 -0.0019
vn 0.0086 -1.0000 -0.0007
vn 0.0075 -1.0000 -0.0011
vn 0.0074 -1.0000 -0.0011
vn 0.0001 -1.0000 -0.0029
vn 0.0003 -1.0000 -0.0018
vn 0.0195 0.9998 0.0002
vn 0.0217 0.9998 0.0000
vn 0.0268 0.9996 0.0008
vn 0.0266 0.9996 0.0008
vn 0.0198 0.9998 0.0014
vn 0.9365 -0.3122 -0.1595
vn 0.9605 -0.2216 -0.1684
vn 0.5953 0.5939 0.5413
vn 0.5887 0.6127 0.5273
vn 0.6144 -0.5497 0.5660
vn 0.6190 -0.5323 0.5775
vn 0.9570 0.2373 -0.1671
vn 0.9275 0.3395 -0.1566
vn 0.0076 -1.0000 -0.0010
vn 0.0061 -1.0000 -0.0030
vn 0.0092 -0.9999 -0.0072
vn 0.0125 0.9999 0.0015
vn 0.0199 0.9998 0.0015
vn 0.0197 0.9998 0.0015
vn 0.0256 0.9997 0.0031
vn 0.0121 0.9999 0.0016
vn 0.6723 -0.5894 -0.4479
vn 0.6466 -0.6348 -0.4231
vn -0.1321 0.7513 0.6466
vn -0.1255 0.7636 0.6333
vn 0.0000 -0.2839 0.9589
vn -0.2805 -0.3485 0.8944
vn -0.2805 -0.3484 0.8944
vn -0.4539 -0.5171 0.7257
vn -0.4539 -0.5171 0.7256
vn -0.4539 -0.7256 0.5171
vn -0.4539 -0.7257 0.5171
vn -0.2805 -0.8944 0.3484
vn -0.2805 -0.8944 0.3485
vn 0.0000 -0.9589 0.2839
vn 0.2805 -0.8944 0.3485
vn 0.2805 -0.8944 0.3484
vn 0.4539 -0.7257 0.5171
vn 0.4539 -0.7256 0.5171
vn 0.4539 -0.5171 0.7256
vn 0.4539 -0.5171 0.7257
vn 0.2805 -0.3484 0.8944
vn 0.2805 -0.3485 0.8944
vn -0.3448 -0.2372 0.9082
vn -0.0000 -0.2839 0.9588
vn 0.0000 -0.1580 0.9874
vn -0.3447 -0.2373 0.9082
vn -0.5578 -0.4446 0.7009
vn -0.4538 -0.5171 0.7257
vn -0.3447 -0.2372 0.9083
vn -0.5577 -0.4446 0.7009
vn -0.5578 -0.7008 0.4446
vn -0.5578 -0.4446 0.7008
vn -0.5578 -0.7009 0.4446
vn -0.3447 -0.9083 0.2372
vn -0.2804 -0.8944 0.3484
vn -0.4538 -0.7257 0.5171
vn -0.3448 -0.9082 0.2372
vn 0.0000 -0.9874 0.1580
vn -0.3447 -0.9082 0.2372
vn 0.3447 -0.9082 0.2372
vn 0.0001 -0.9589 0.2839
vn 0.3448 -0.9082 0.2372
vn 0.5578 -0.7009 0.4446
vn 0.5578 -0.4446 0.7008
vn 0.5578 -0.7008 0.4446
vn 0.5578 -0.4446 0.7009
vn 0.3447 -0.2371 0.9083
vn 0.2805 -0.3483 0.8944
vn 0.4539 -0.5170 0.7257
vn 0.4538 -0.5171 0.7257
vn 0.3447 -0.2373 0.9082
vn 0.2804 -0.3484 0.8944
vn 0.3447 -0.2372 0.9082
vn 0.0000 -0.1581 0.9874
vn -0.0000 0.7071 -0.7071
vn 0.2411 0.4103 -0.8795
vn -0.0000 0.3549 -0.9349
vn 0.3901 0.5553 -0.7345
vn 0.3901 0.7345 -0.5553
vn 0.2412 0.8795 -0.4103
vn 0.0000 0.9349 -0.3549
vn 0.2411 0.8795 -0.4103
vn -0.2411 0.8795 -0.4103
vn -0.3901 0.7345 -0.5553
vn -0.2410 0.8795 -0.4103
vn -0.3901 0.5553 -0.7345
vn -0.2411 0.4103 -0.8795
vn 0.2807 0.3481 -0.8944
vn -0.0001 0.2836 -0.9589
vn 0.0001 0.3549 -0.9349
vn 0.2411 0.4102 -0.8795
vn 0.2808 0.3481 -0.8944
vn 0.4541 0.5169 -0.7257
vn 0.2807 0.3481 -0.8945
vn 0.2412 0.4103 -0.8795
vn 0.4542 0.5170 -0.7256
vn 0.4541 0.7256 -0.5170
vn 0.4541 0.5169 -0.7256
vn 0.3900 0.5553 -0.7345
vn 0.4541 0.7256 -0.5169
vn 0.2806 0.8945 -0.3481
vn 0.4541 0.7257 -0.5169
vn 0.2807 0.8944 -0.3481
vn 0.0001 0.9589 -0.2837
vn 0.2808 0.8944 -0.3481
vn 0.0001 0.9589 -0.2836
vn -0.2807 0.8944 -0.3482
vn -0.0001 0.9589 -0.2836
vn -0.0001 0.9349 -0.3549
vn -0.2807 0.8944 -0.3481
vn -0.4541 0.7256 -0.5169
vn -0.2807 0.8945 -0.3480
vn -0.3900 0.7345 -0.5553
vn -0.4541 0.5170 -0.7256
vn -0.2807 0.3481 -0.8945
vn -0.2806 0.3481 -0.8945
vn 0.0000 0.2836 -0.9589
vn -0.2808 0.3481 -0.8944
vn -0.2412 0.4103 -0.8795
usemtl plane.002
s 1
f 1/1/1 3/2/2 2/3/3
f 4/4/3 6/5/4 5/6/5
f 7/7/6 9/8/7 8/9/8
f 10/10/9 12/11/10 11/12/11
f 13/13/12 15/14/13 14/15/14
f 16/16/14 18/17/15 17/18/16
f 19/19/16 21/20/5 20/21/17
f 22/22/18 24/23/19 23/24/20
f 25/25/21 27/26/3 26/27/22
f 28/28/23 30/29/24 29/30/25
f 31/31/7 33/32/26 32/33/8
f 34/34/27 36/35/10 35/36/28
f 37/37/29 39/38/6 38/39/30
f 40/40/31 42/41/15 41/42/32
f 43/43/5 45/44/33 44/45/34
f 46/46/34 48/47/2 47/48/35
f 49/49/36 51/50/20 50/51/15
f 52/52/37 54/53/38 53/54/36
f 55/55/20 57/56/36 56/57/39
f 58/58/39 60/59/5 59/60/20
f 61/61/40 63/62/34 62/63/41
f 64/64/42 66/65/43 65/66/2
f 67/67/10 69/68/44 68/69/45
f 70/70/32 72/71/15 71/72/26
f 73/73/46 75/74/46 74/75/47
f 76/76/48 78/77/47 77/78/46
f 79/79/49 81/80/50 80/81/51
f 82/82/52 84/83/53 83/84/49
f 85/85/54 87/86/55 86/87/55
f 88/88/55 90/89/56 89/90/54
f 91/91/55 93/92/54 92/93/57
f 94/94/58 96/95/59 95/96/55
f 97/97/60 99/98/61 98/99/62
f 100/100/63 102/101/64 101/102/60
f 103/103/65 105/104/46 104/105/66
f 106/106/66 108/107/67 107/108/46
f 109/109/59 111/110/68 110/111/69
f 112/112/70 114/113/71 113/114/59
f 115/115/72 117/116/73 116/117/74
f 118/118/74 120/119/75 119/120/72
f 121/121/67 123/122/66 122/123/76
f 124/124/76 126/125/77 125/126/67
f 127/127/78 129/128/70 128/129/79
f 130/130/80 132/131/81 131/132/71
f 133/133/82 135/134/74 134/135/83
f 136/136/83 138/137/84 137/138/85
f 139/139/77 141/140/76 140/141/86
f 142/142/86 144/143/87 143/144/77
f 145/145/88 147/146/89 146/147/90
f 148/148/80 150/149/91 149/150/92
f 151/151/93 153/152/83 152/153/94
f 154/154/94 156/155/95 155/156/93
f 157/157/87 159/158/96 158/159/97
f 160/160/98 162/161/99 161/162/100
f 163/163/101 165/164/102 164/165/103
f 166/166/104 168/167/105 167/168/106
f 169/169/107 171/170/102 170/171/95
f 172/172/99 174/173/108 173/174/109
f 175/175/109 177/176/110 176/177/99
f 178/178/111 180/179/103 179/180/112
f 181/181/102 183/182/106 182/183/113
f 184/184/114 186/185/109 185/186/115
f 187/187/116 189/188/116 188/189/117
f 190/190/118 192/191/117 191/192/119
f 193/193/120 195/194/121 194/195/122
f 196/196/122 198/197/123 197/198/120
f 199/199/124 201/200/55 200/201/55
f 202/202/55 204/203/125 203/204/124
f 205/205/118 207/206/126 206/207/127
f 208/208/128 210/209/128 209/210/118
f 211/211/129 213/212/130 212/213/131
f 214/214/132 216/215/133 215/216/134
f 217/217/125 219/218/55 218/219/55
f 220/220/55 222/221/135 221/222/136
f 223/223/137 225/224/138 224/225/139
f 226/226/139 228/227/140 227/228/138
f 229/229/141 231/230/142 230/231/143
f 232/232/144 234/233/145 233/234/146
f 235/235/135 237/236/55 236/237/55
f 238/238/55 240/239/147 239/240/148
f 241/241/140 243/242/139 242/243/149
f 244/244/150 246/245/151 245/246/152
f 247/247/145 249/248/153 248/249/154
f 250/250/155 252/251/156 251/252/145
f 253/253/157 255/254/55 254/255/158
f 256/256/159 258/257/160 257/258/161
f 259/259/162 261/260/163 260/261/164
f 262/262/165 264/263/166 263/264/167
f 265/265/168 267/266/169 266/267/165
f 268/268/170 270/269/171 269/270/172
f 271/271/173 273/272/174 272/273/175
f 274/274/176 276/275/177 275/276/178
f 277/277/179 279/278/180 278/279/174
f 280/280/181 282/281/182 281/282/183
f 283/283/183 285/284/184 284/285/185
f 286/286/184 288/287/186 287/288/187
f 289/289/188 291/290/189 290/291/190
f 292/292/189 294/293/191 293/294/192
f 295/295/193 297/296/194 296/297/189
f 298/298/194 300/299/192 299/300/162
f 301/301/162 303/302/195 302/303/194
f 304/304/196 306/305/197 305/306/165
f 307/307/165 309/308/198 308/309/199
f 310/310/200 312/311/201 311/312/202
f 313/313/202 315/314/203 314/315/204
f 316/316/138 318/317/127 317/318/127
f 319/319/127 321/320/137 320/321/138
f 322/322/205 324/323/55 323/324/55
f 325/325/206 327/326/207 326/327/208
f 328/328/209 330/329/210 329/330/211
f 331/331/212 333/332/213 332/333/214
f 334/334/215 336/335/208 335/336/216
f 337/337/217 339/338/218 338/339/219
f 340/340/219 342/341/220 341/342/221
f 343/343/222 345/344/223 344/345/224
f 346/346/225 348/347/219 347/348/222
f 349/349/226 351/350/227 350/351/228
f 352/352/227 354/353/229 353/354/230
f 355/355/229 357/356/231 356/357/232
f 358/358/231 360/359/233 359/360/232
f 361/361/226 363/362/234 362/363/208
f 364/364/208 366/365/235 365/366/226
f 367/367/227 369/368/236 368/369/237
f 370/370/237 372/371/238 371/372/227
f 373/373/238 375/374/220 374/375/219
f 376/376/219 378/377/239 377/378/229
f 379/379/240 381/380/219 380/381/241
f 382/382/224 384/383/233 383/384/242
f 385/385/243 387/386/243 386/387/243
f 388/388/243 390/389/243 389/390/243
f 391/391/243 393/392/243 392/393/243
f 394/394/244 396/395/244 395/396/244
f 397/397/245 399/398/246 398/399/247
f 400/400/248 402/401/249 401/402/250
f 403/403/251 405/404/252 404/405/253
f 406/406/253 408/407/254 407/408/255
f 409/409/249 411/410/256 410/411/257
f 412/412/258 414/413/259 413/414/249
f 415/415/260 417/416/261 416/417/262
f 418/418/263 420/419/264 419/420/260
f 421/421/265 423/422/266 422/423/267
f 424/424/267 426/425/268 425/426/269
f 427/427/270 429/428/256 428/429/271
f 430/430/271 432/431/272 431/432/270
f 433/433/273 435/434/274 434/435/275
f 436/436/276 438/437/277 437/438/278
f 439/439/279 441/440/280 440/441/258
f 442/442/281 444/443/282 443/444/283
f 445/445/262 447/446/284 446/447/285
f 448/448/285 450/449/286 449/450/262
f 451/451/287 453/452/288 452/453/289
f 454/454/290 456/455/291 455/456/252
f 457/457/290 459/458/252 458/459/272
f 460/460/292 462/461/293 461/462/294
f 463/463/278 465/464/295 464/465/296
f 466/466/262 468/467/274 467/468/297
f 469/469/298 471/470/299 470/471/300
f 472/472/301 474/473/247 473/474/302
f 475/475/298 477/476/303 476/477/304
f 478/478/304 480/479/255 479/480/271
f 481/481/305 483/482/306 482/483/307
f 484/484/307 486/485/308 485/486/309
f 487/487/310 489/488/247 488/489/311
f 490/490/312 492/491/303 491/492/313
f 493/493/314 495/494/315 494/495/316
f 496/496/317 498/497/318 497/498/267
f 499/499/319 501/500/262 500/501/286
f 502/502/246 504/503/250 503/504/319
f 505/505/320 507/506/321 506/507/322
f 508/508/307 510/509/279 509/510/323
f 511/511/324 513/512/260 512/513/325
f 514/514/319 516/515/326 515/516/257
f 517/517/281 519/518/299 518/519/270
f 520/520/270 522/521/323 521/522/258
f 523/523/327 525/524/286 524/525/328
f 526/526/329 528/527/330 527/528/268
f 529/529/331 531/530/332 530/531/268
f 532/532/333 534/533/247 533/534/268
f 535/535/334 537/536/277 536/537/276
f 538/538/322 540/539/335 539/540/336
f 541/541/337 543/542/338 542/543/339
f 544/544/340 546/545/341 545/546/342
f 547/547/341 549/548/340 548/549/343
f 550/550/343 552/551/344 551/552/341
f 553/553/345 555/554/335 554/555/346
f 556/556/347 558/557/336 557/558/348
f 559/559/335 561/560/252 560/561/291
f 562/562/349 564/563/350 563/564/333
f 565/565/351 567/566/268 566/567/352
f 568/568/353 570/569/314 569/570/290
f 571/571/290 573/572/354 572/573/355
f 574/574/104 576/575/102 575/576/356
f 577/577/50 579/578/357 578/579/358
f 580/580/359 582/581/360 581/582/50
f 583/583/61 585/584/60 584/585/361
f 586/586/362 588/587/50 587/588/61
f 589/589/58 591/590/363 590/591/364
f 592/592/364 594/593/70 593/594/365
f 595/595/366 597/596/367 596/597/84
f 598/598/93 600/599/79 599/600/70
f 601/601/368 603/602/369 602/603/104
f 604/604/370 606/605/91 605/606/371
f 607/607/372 609/608/130 608/609/373
f 610/610/374 612/611/375 611/612/135
f 613/613/205 615/614/376 614/615/130
f 616/616/142 618/617/135 617/618/377
f 619/619/161 621/620/153 620/621/131
f 622/622/378 624/623/157 623/624/379
f 625/625/380 627/626/381 626/627/378
f 628/628/92 630/629/382 629/630/102
f 631/631/383 633/632/384 632/633/385
f 634/634/385 636/635/386 635/636/387
f 637/637/6 639/638/8 638/639/388
f 640/640/389 642/641/390 641/642/391
f 643/643/392 645/644/393 644/645/394
f 646/646/394 648/647/395 647/648/396
f 649/649/397 651/650/395 650/651/398
f 652/652/399 654/653/383 653/654/392
f 655/655/400 657/656/401 656/657/402
f 658/658/403 660/659/385 659/660/404
f 661/661/405 663/662/8 662/663/394
f 664/664/406 666/665/28 665/666/391
f 667/667/407 669/668/393 668/669/31
f 670/670/408 672/671/6 671/672/409
f 673/673/410 675/674/411 674/675/34
f 676/676/34 678/677/33 677/678/383
f 679/679/36 681/680/38 680/681/412
f 682/682/393 684/683/397 683/684/36
f 685/685/397 687/686/383 686/687/39
f 688/688/39 690/689/36 689/690/397
f 691/691/411 693/692/413 692/693/42
f 694/694/44 696/695/34 695/696/414
f 697/697/391 699/698/415 698/699/41
f 700/700/407 702/701/416 701/702/393
f 703/703/46 705/704/47 704/705/48
f 706/706/47 708/707/46 707/708/46
f 709/709/49 711/710/53 710/711/417
f 712/712/418 714/713/419 713/714/49
f 715/715/420 717/716/421 716/717/422
f 718/718/422 720/719/422 719/720/420
f 721/721/422 723/722/423 722/723/424
f 724/724/425 726/725/420 725/726/422
f 727/727/63 729/728/426 728/729/427
f 730/730/428 732/731/64 731/732/63
f 733/733/46 735/734/67 734/735/66
f 736/736/66 738/737/46 737/738/429
f 739/739/423 741/740/430 740/741/431
f 742/742/432 744/743/433 743/744/423
f 745/745/434 747/746/435 746/747/74
f 748/748/74 750/749/73 749/750/434
f 751/751/67 753/752/77 752/753/76
f 754/754/76 756/755/66 755/756/67
f 757/757/430 759/758/436 758/759/437
f 760/760/438 762/761/431 761/762/439
f 763/763/440 765/764/441 764/765/83
f 766/766/83 768/767/74 767/768/442
f 769/769/77 771/770/87 770/771/86
f 772/772/86 774/773/76 773/774/77
f 775/775/443 777/776/444 776/777/437
f 778/778/438 780/779/445 779/780/446
f 781/781/447 783/782/448 782/783/94
f 784/784/94 786/785/83 785/786/447
f 787/787/449 789/788/99 788/789/98
f 790/790/450 792/791/96 791/792/87
f 793/793/451 795/794/452 794/795/453
f 796/796/448 798/797/453 797/798/454
f 799/799/106 801/800/455 800/801/456
f 802/802/99 804/803/110 803/804/457
f 805/805/457 807/806/108 806/807/99
f 808/808/111 810/809/458 809/810/452
f 811/811/453 813/812/113 812/813/106
f 814/814/459 816/815/115 815/816/457
f 817/817/119 819/818/118 818/819/118
f 820/820/118 822/821/116 821/822/116
f 823/823/460 825/824/461 824/825/122
f 826/826/122 828/827/121 827/828/462
f 829/829/463 831/830/464 830/831/422
f 832/832/422 834/833/422 833/834/463
f 835/835/465 837/836/128 836/837/128
f 838/838/127 840/839/465 839/840/465
f 841/841/134 843/842/466 842/843/467
f 844/844/468 846/845/469 845/846/470
f 847/847/471 849/848/472 848/849/422
f 850/850/422 852/851/422 851/852/464
f 853/853/138 855/854/473 854/855/139
f 856/856/139 858/857/138 857/858/137
f 859/859/146 861/860/145 860/861/474
f 862/862/475 864/863/476 863/864/141
f 865/865/477 867/866/478 866/867/422
f 868/868/422 870/869/422 869/870/472
f 871/871/479 873/872/480 872/873/150
f 874/874/481 876/875/139 875/876/473
f 877/877/145 879/878/482 878/879/483
f 880/880/484 882/881/485 881/882/145
f 883/883/486 885/884/487 884/885/488
f 886/886/489 888/887/422 887/888/490
f 889/889/491 891/890/492 890/891/163
f 892/892/493 894/893/494 893/894/495
f 895/895/496 897/896/497 896/897/493
f 898/898/498 900/899/499 899/900/500
f 901/901/501 903/902/502 902/903/503
f 904/904/499 906/905/504 905/906/505
f 907/907/506 909/908/507 908/909/508
f 910/910/509 912/911/510 911/912/511
f 913/913/511 915/914/512 914/915/513
f 916/916/514 918/917/515 917/918/516
f 919/919/516 921/920/517 920/921/510
f 922/922/518 924/923/519 923/924/520
f 925/925/520 927/926/521 926/927/518
f 928/928/519 930/929/522 929/930/491
f 931/931/491 933/932/523 932/933/519
f 934/934/524 936/935/525 935/936/493
f 937/937/493 939/938/526 938/939/527
f 940/940/528 942/941/529 941/942/530
f 943/943/530 945/944/531 944/945/532
f 946/946/138 948/947/137 947/948/127
f 949/949/127 951/950/127 950/951/138
f 952/952/533 954/953/422 953/954/422
f 955/955/534 957/956/535 956/957/536
f 958/958/537 960/959/538 959/960/539
f 961/961/540 963/962/537 962/963/541
f 964/964/542 966/965/543 965/966/544
f 967/967/545 969/968/546 968/969/547
f 970/970/547 972/971/548 971/972/549
f 973/973/550 975/974/547 974/975/551
f 976/976/224 978/977/223 977/978/550
f 979/979/552 981/980/553 980/981/554
f 982/982/554 984/983/555 983/984/556
f 985/985/556 987/986/557 986/987/558
f 988/988/558 990/989/232 989/990/233
f 991/991/552 993/992/554 992/993/537
f 994/994/537 996/995/559 995/996/560
f 997/997/554 999/998/561 998/999/562
f 1000/1000/562 1002/1001/563 1001/1002/554
f 1003/1003/556 1005/1004/564 1004/1005/547
f 1006/1006/547 1008/1007/546 1007/1008/561
f 1009/1009/565 1011/1010/233 1010/1011/224
f 1012/1012/566 1014/1013/547 1013/1014/567
f 1015/1015/568 1017/1016/568 1016/1017/568
f 1018/1018/243 1020/1019/243 1019/1020/243
f 1021/1021/243 1023/1022/243 1022/1023/243
f 1024/1024/243 1026/1025/243 1025/1026/243
f 1027/1027/569 1029/1028/570 1028/1029/571
f 1030/1030/572 1032/1031/573 1031/1032/574
f 1033/1033/575 1035/1034/576 1034/1035/577
f 1036/1036/577 1038/1037/578 1037/1038/579
f 1039/1039/570 1041/1040/580 1040/1041/581
f 1042/1042/582 1044/1043/583 1043/1044/570
f 1045/1045/584 1047/1046/585 1046/1047/586
f 1048/1048/587 1050/1049/588 1049/1050/589
f 1051/1051/590 1053/1052/591 1052/1053/592
f 1054/1054/592 1056/1055/593 1055/1056/594
f 1057/1057/595 1059/1058/596 1058/1059/597
f 1060/1060/598 1062/1061/583 1061/1062/599
f 1063/1063/600 1065/1064/601 1064/1065/602
f 1066/1066/603 1068/1067/604 1067/1068/605
f 1069/1069/606 1071/1070/607 1070/1071/581
f 1072/1072/608 1074/1073/609 1073/1074/606
f 1075/1075/587 1077/1076/610 1076/1077/611
f 1078/1078/612 1080/1079/613 1079/1080/587
f 1081/1081/614 1083/1082/615 1082/1083/616
f 1084/1084/617 1086/1085/596 1085/1086/578
f 1087/1087/617 1089/1088/578 1088/1089/618
f 1090/1090/619 1092/1091/620 1091/1092/621
f 1093/1093/622 1095/1094/604 1094/1095/587
f 1096/1096/623 1098/1097/624 1097/1098/600
f 1099/1099/625 1101/1100/571 1100/1101/626
f 1102/1102/627 1104/1103/628 1103/1104/597
f 1105/1105/629 1107/1106/575 1106/1107/630
f 1108/1108/630 1110/1109/631 1109/1110/598
f 1111/1111/632 1113/1112/633 1112/1113/634
f 1114/1114/635 1116/1115/636 1115/1116/589
f 1117/1117/637 1119/1118/631 1118/1119/638
f 1120/1120/638 1122/1121/639 1121/1122/640
f 1123/1123/592 1125/1124/641 1124/1125/642
f 1126/1126/643 1128/1127/644 1127/1128/645
f 1129/1129/646 1131/1130/569 1130/1131/647
f 1132/1132/648 1134/1133/587 1133/1134/646
f 1135/1135/649 1137/1136/606 1136/1137/635
f 1138/1138/635 1140/1139/650 1139/1140/651
f 1141/1141/581 1143/1142/652 1142/1143/653
f 1144/1144/653 1146/1145/654 1145/1146/655
f 1147/1147/581 1149/1148/649 1148/1149/599
f 1150/1150/599 1152/1151/628 1151/1152/656
f 1153/1153/591 1155/1154/657 1154/1155/658
f 1156/1156/638 1158/1157/591 1157/1158/658
f 1159/1159/659 1161/1160/612 1160/1161/610
f 1162/1162/660 1164/1163/610 1163/1164/572
f 1165/1165/661 1167/1166/650 1166/1167/635
f 1168/1168/602 1170/1169/601 1169/1170/662
f 1171/1171/663 1173/1172/664 1172/1173/665
f 1174/1174/666 1176/1175/667 1175/1176/668
f 1177/1177/664 1179/1178/669 1178/1179/670
f 1180/1180/670 1182/1181/665 1181/1182/664
f 1183/1183/671 1185/1184/672 1184/1185/650
f 1186/1186/618 1188/1187/578 1187/1188/650
f 1189/1189/673 1191/1190/661 1190/1191/674
f 1192/1192/675 1194/1193/591 1193/1194/638
f 1195/1195/638 1197/1196/676 1196/1197/677
f 1198/1198/678 1200/1199/679 1199/1200/617
f 1201/1201/617 1203/1202/645 1202/1203/678
f 1204/1204/456 1206/1205/680 1205/1206/453
f 1207/1207/419 1209/1208/681 1208/1209/682
f 1210/1210/683 1212/1211/684 1211/1212/419
f 1213/1213/434 1215/1214/420 1214/1215/424
f 1216/1216/685 1218/1217/431 1217/1218/686
f 1219/1219/442 1221/1220/687 1220/1221/424
f 1222/1222/431 1224/1223/688 1223/1224/447
f 1225/1225/441 1227/1226/689 1226/1227/690
f 1228/1228/691 1230/1229/444 1229/1230/692
f 1231/1231/456 1233/1232/693 1232/1233/694
f 1234/1234/695 1236/1235/696 1235/1236/469
f 1237/1237/469 1239/1238/697 1238/1239/533
f 1240/1240/472 1242/1241/698 1241/1242/699
f 1243/1243/468 1245/1244/700 1244/1245/486
f 1246/1246/701 1248/1247/472 1247/1248/476
f 1249/1249/485 1251/1250/702 1250/1251/703
f 1252/1252/704 1254/1253/490 1253/1254/485
f 1255/1255/443 1257/1256/453 1256/1257/705
f 1258/1258/706 1260/1259/706 1259/1260/706
f 1261/1261/706 1263/1262/706 1262/1263/706
f 1264/1264/707 1266/1265/707 1265/1266/707
f 1267/1267/707 1269/1268/707 1268/1269/707
f 1270/1270/55 1272/1271/55 1271/1272/55
f 1273/1273/55 1275/1274/55 1274/1275/55
f 1276/1276/708 1278/1277/708 1277/1278/708
f 1279/1279/708 1281/1280/708 1280/1281/708
f 1282/1282/422 1284/1283/422 1283/1284/422
f 1285/1285/422 1287/1286/422 1286/1287/422
f 1288/1288/709 1290/1289/709 1289/1290/709
f 1291/1291/709 1293/1292/709 1292/1293/709
f 1294/1294/710 1296/1295/710 1295/1296/710
f 1297/1297/711 1299/1298/711 1298/1299/711
f 1300/1300/712 1302/1301/712 1301/1302/712
f 1303/1303/712 1305/1304/712 1304/1305/712
f 1306/1306/713 1308/1307/713 1307/1308/713
f 1309/1309/713 1311/1310/713 1310/1311/713
f 1312/1312/714 1314/1313/714 1313/1314/714
f 1315/1315/715 1317/1316/715 1316/1317/715
f 1318/1318/716 1320/1319/716 1319/1320/716
f 1321/1321/717 1323/1322/716 1322/1323/717
f 1324/1324/718 1326/1325/719 1325/1326/720
f 1327/1327/720 1329/1328/721 1328/1329/702
f 1330/1330/722 1332/1331/487 1331/1332/723
f 1333/1333/723 1335/1334/724 1334/1335/722
f 1336/1336/725 1338/1337/720 1337/1338/726
f 1339/1339/726 1341/1340/727 1340/1341/721
f 1342/1342/728 1344/1343/729 1343/1344/730
f 1345/1345/731 1347/1346/732 1346/1347/733
f 1348/1348/734 1350/1349/726 1349/1350/735
f 1351/1351/736 1353/1352/737 1352/1353/734
f 1354/1354/732 1356/1355/738 1355/1356/739
f 1357/1357/739 1359/1358/740 1358/1359/732
f 1360/1360/741 1362/1361/742 1361/1362/743
f 1363/1363/743 1365/1364/744 1364/1365/741
f 1366/1366/422 1368/1367/745 1367/1368/746
f 1369/1369/747 1371/1370/422 1370/1371/422
f 1372/1372/748 1374/1373/749 1373/1374/748
f 1375/1375/748 1377/1376/748 1376/1377/748
f 1378/1378/750 1380/1379/751 1379/1380/752
f 1381/1381/753 1383/1382/754 1382/1383/755
f 1384/1384/756 1386/1385/757 1385/1386/758
f 1387/1387/759 1389/1388/760 1388/1389/761
f 1390/1390/762 1392/1391/763 1391/1392/764
f 1393/1393/765 1395/1394/766 1394/1395/767
f 1396/1396/751 1398/1397/768 1397/1398/769
f 1399/1399/770 1401/1400/753 1400/1401/771
f 1402/1402/772 1404/1403/773 1403/1404/774
f 1405/1405/775 1407/1406/776 1406/1407/772
f 1408/1408/777 1410/1409/778 1409/1410/779
f 1411/1411/779 1413/1412/780 1412/1413/781
f 1414/1414/782 1416/1415/783 1415/1416/778
f 1417/1417/784 1419/1418/781 1418/1419/785
f 1420/1420/786 1422/1421/787 1421/1422/788
f 1423/1423/788 1425/1424/789 1424/1425/790
f 1426/1426/791 1428/1427/792 1427/1428/793
f 1429/1429/794 1431/1430/795 1430/1431/791
f 1432/1432/796 1434/1433/797 1433/1434/798
f 1435/1435/798 1437/1436/793 1436/1437/796
f 1438/1438/799 1440/1439/800 1439/1440/801
f 1441/1441/802 1443/1442/798 1442/1443/797
f 1444/1444/803 1446/1445/804 1445/1446/805
f 1447/1447/806 1449/1448/807 1448/1449/808
f 1450/1450/809 1452/1451/810 1451/1452/811
f 1453/1453/812 1455/1454/813 1454/1455/814
f 1456/1456/422 1458/1457/740 1457/1458/739
f 1459/1459/815 1461/1460/745 1460/1461/422
f 1462/1462/816 1464/1463/816 1463/1464/816
f 1465/1465/817 1467/1466/818 1466/1467/819
f 1468/1468/820 1470/1469/821 1469/1470/817
f 1471/1471/766 1473/1472/822 1472/1473/823
f 1474/1474/823 1476/1475/824 1475/1476/766
f 1477/1477/760 1479/1478/825 1478/1479/826
f 1480/1480/827 1482/1481/761 1481/1482/760
f 1483/1483/828 1485/1484/829 1484/1485/780
f 1486/1486/780 1488/1487/830 1487/1488/831
f 1489/1489/832 1491/1490/785 1490/1491/829
f 1492/1492/781 1494/1493/797 1493/1494/832
f 1495/1495/791 1497/1496/833 1496/1497/834
f 1498/1498/789 1500/1499/835 1499/1500/836
f 1501/1501/837 1503/1502/838 1502/1503/758
f 1504/1504/839 1506/1505/840 1505/1506/841
f 1507/1507/842 1509/1508/843 1508/1509/757
f 1510/1510/844 1512/1511/845 1511/1512/846
f 1513/1513/847 1515/1514/848 1514/1515/849
f 1516/1516/850 1518/1517/851 1517/1518/852
f 1519/1519/853 1521/1520/854 1520/1521/845
f 1522/1522/800 1524/1523/855 1523/1524/808
f 1525/1525/844 1527/1526/848 1526/1527/856
f 1528/1528/857 1530/1529/858 1529/1530/844
f 1531/1531/859 1533/1532/860 1532/1533/861
f 1534/1534/861 1536/1535/862 1535/1536/863
f 1537/1537/856 1539/1538/864 1538/1539/865
f 1540/1540/865 1542/1541/858 1541/1542/856
f 1543/1543/866 1545/1544/867 1544/1545/868
f 1546/1546/869 1548/1547/870 1547/1548/871
f 1549/1549/872 1551/1550/873 1550/1551/860
f 1552/1552/874 1554/1553/875 1553/1554/743
f 1555/1555/743 1557/1556/742 1556/1557/874
f 1558/1558/876 1560/1559/877 1559/1560/422
f 1561/1561/422 1563/1562/746 1562/1563/878
f 1564/1564/879 1566/1565/853 1565/1566/880
f 1567/1567/851 1569/1568/748 1568/1569/749
f 1570/1570/881 1572/1571/882 1571/1572/883
f 1573/1573/883 1575/1574/779 1574/1575/784
f 1576/1576/783 1578/1577/884 1577/1578/882
f 1579/1579/885 1581/1580/886 1580/1581/783
f 1582/1582/887 1584/1583/888 1583/1584/783
f 1585/1585/783 1587/1586/787 1586/1587/887
f 1588/1588/889 1590/1589/890 1589/1590/825
f 1591/1591/891 1593/1592/892 1592/1593/893
f 1594/1594/893 1596/1595/894 1595/1596/895
f 1597/1597/896 1599/1598/897 1598/1599/898
f 1600/1600/897 1602/1601/899 1601/1602/898
f 1603/1603/900 1605/1604/901 1604/1605/898
f 1606/1606/902 1608/1607/903 1607/1608/904
f 1609/1609/905 1611/1610/906 1610/1611/898
f 1612/1612/704 1614/1613/907 1613/1614/908
f 1615/1615/909 1617/1616/910 1616/1617/487
f 1618/1618/723 1620/1619/909 1619/1620/911
f 1621/1621/734 1623/1622/731 1622/1623/723
f 1624/1624/730 1626/1625/734 1625/1626/912
f 1627/1627/912 1629/1628/913 1628/1629/731
f 1630/1630/914 1632/1631/809 1631/1632/743
f 1633/1633/915 1635/1634/747 1634/1635/916
f 1636/1636/917 1638/1637/817 1637/1638/752
f 1639/1639/918 1641/1640/919 1640/1641/920
f 1642/1642/772 1644/1643/918 1643/1644/769
f 1645/1645/770 1647/1646/773 1646/1647/772
f 1648/1648/814 1650/1649/745 1649/1650/739
f 1651/1651/739 1653/1652/737 1652/1653/809
f 1654/1654/823 1656/1655/921 1655/1656/922
f 1657/1657/923 1659/1658/924 1658/1659/823
f 1660/1660/925 1662/1661/743 1661/1662/875
f 1663/1663/818 1665/1664/823 1664/1665/746
f 1666/1666/926 1668/1667/927 1667/1668/928
f 1669/1669/928 1671/1670/929 1670/1671/930
f 1672/1672/931 1674/1673/928 1673/1674/930
f 1675/1675/926 1677/1676/932 1676/1677/933
f 1678/1678/934 1680/1679/935 1679/1680/936
f 1681/1681/937 1683/1682/769 1682/1683/938
f 1684/1684/939 1686/1685/940 1685/1686/769
f 1687/1687/941 1689/1688/942 1688/1689/943
f 1690/1690/863 1692/1691/944 1691/1692/945
f 1693/1693/381 1695/1694/946 1694/1695/720
f 1696/1696/720 1698/1697/719 1697/1698/947
f 1699/1699/948 1701/1700/949 1700/1701/950
f 1702/1702/950 1704/1703/160 1703/1704/948
f 1705/1705/946 1707/1706/951 1706/1707/726
f 1708/1708/726 1710/1709/720 1709/1710/952
f 1711/1711/953 1713/1712/954 1712/1713/955
f 1714/1714/956 1716/1715/957 1715/1716/958
f 1717/1717/959 1719/1718/960 1718/1719/961
f 1720/1720/735 1722/1721/726 1721/1722/959
f 1723/1723/954 1725/1724/962 1724/1725/963
f 1726/1726/963 1728/1727/964 1727/1728/954
f 1729/1729/741 1731/1730/965 1730/1731/966
f 1732/1732/966 1734/1733/742 1733/1734/741
f 1735/1735/55 1737/1736/55 1736/1737/967
f 1738/1738/968 1740/1739/969 1739/1740/55
f 1741/1741/970 1743/1742/970 1742/1743/970
f 1744/1744/970 1746/1745/971 1745/1746/970
f 1747/1747/755 1749/1748/972 1748/1749/973
f 1750/1750/974 1752/1751/751 1751/1752/750
f 1753/1753/975 1755/1754/976 1754/1755/977
f 1756/1756/978 1758/1757/979 1757/1758/980
f 1759/1759/981 1761/1760/982 1760/1761/983
f 1762/1762/984 1764/1763/985 1763/1764/986
f 1765/1765/987 1767/1766/973 1766/1767/988
f 1768/1768/989 1770/1769/768 1769/1770/751
f 1771/1771/990 1773/1772/991 1772/1773/992
f 1774/1774/993 1776/1775/994 1775/1776/990
f 1777/1777/995 1779/1778/996 1778/1779/997
f 1780/1780/997 1782/1781/998 1781/1782/999
f 1783/1783/1000 1785/1784/995 1784/1785/1001
f 1786/1786/998 1788/1787/1002 1787/1788/1003
f 1789/1789/790 1791/1790/1004 1790/1791/1005
f 1792/1792/1005 1794/1793/787 1793/1794/1006
f 1795/1795/791 1797/1796/795 1796/1797/1007
f 1798/1798/1008 1800/1799/1009 1799/1800/791
f 1801/1801/1010 1803/1802/1008 1802/1803/1011
f 1804/1804/1011 1806/1805/1012 1805/1806/1010
f 1807/1807/1012 1809/1808/1011 1808/1809/1013
f 1810/1810/1014 1812/1811/1015 1811/1812/1016
f 1813/1813/1017 1815/1814/1018 1814/1815/1019
f 1816/1816/1020 1818/1817/1021 1817/1818/1022
f 1819/1819/1023 1821/1820/813 1820/1821/812
f 1822/1822/811 1824/1823/1024 1823/1824/1025
f 1825/1825/55 1827/1826/969 1826/1827/1026
f 1828/1828/963 1830/1829/962 1829/1830/55
f 1831/1831/1027 1833/1832/1027 1832/1833/1027
f 1834/1834/1028 1836/1835/1029 1835/1836/820
f 1837/1837/819 1839/1838/1030 1838/1839/1028
f 1840/1840/1031 1842/1841/1032 1841/1842/1033
f 1843/1843/1033 1845/1844/1034 1844/1845/1031
f 1846/1846/976 1848/1847/975 1847/1848/1035
f 1849/1849/1036 1851/1850/1037 1850/1851/976
f 1852/1852/1038 1854/1853/1039 1853/1854/996
f 1855/1855/996 1857/1856/1040 1856/1857/1041
f 1858/1858/1042 1860/1859/1012 1859/1860/995
f 1861/1861/1040 1863/1862/1000 1862/1863/1042
f 1864/1864/836 1866/1865/1043 1865/1866/1004
f 1867/1867/1044 1869/1868/833 1868/1869/791
f 1870/1870/1045 1872/1871/1046 1871/1872/1047
f 1873/1873/1048 1875/1874/1049 1874/1875/1050
f 1876/1876/1051 1878/1877/1052 1877/1878/1053
f 1879/1879/1054 1881/1880/1055 1880/1881/1056
f 1882/1882/1057 1884/1883/1058 1883/1884/1059
f 1885/1885/1058 1887/1886/1060 1886/1887/1061
f 1888/1888/1062 1890/1889/1063 1889/1890/1058
f 1891/1891/1015 1893/1892/1021 1892/1893/1064
f 1894/1894/1059 1896/1895/1065 1895/1896/1066
f 1897/1897/1067 1899/1898/1055 1898/1899/1059
f 1900/1900/1068 1902/1901/1069 1901/1902/1070
f 1903/1903/1070 1905/1904/1071 1904/1905/1072
f 1906/1906/1067 1908/1907/1073 1907/1908/1074
f 1909/1909/1075 1911/1910/1076 1910/1911/1067
f 1912/1912/1077 1914/1913/1074 1913/1914/1078
f 1915/1915/1079 1917/1916/867 1916/1917/1080
f 1918/1918/1081 1920/1919/1071 1919/1920/1082
f 1921/1921/874 1923/1922/742 1922/1923/966
f 1924/1924/966 1926/1925/1083 1925/1926/874
f 1927/1927/1033 1929/1928/968 1928/1929/55
f 1930/1930/55 1932/1931/1084 1931/1932/1085
f 1933/1933/1086 1935/1934/970 1934/1935/1063
f 1936/1936/1087 1938/1937/1061 1937/1938/1088
f 1939/1939/1001 1941/1940/997 1940/1941/1089
f 1942/1942/1089 1944/1943/1090 1943/1944/1091
f 1945/1945/1002 1947/1946/1092 1946/1947/1093
f 1948/1948/1090 1950/1949/1094 1949/1950/1002
f 1951/1951/887 1953/1952/787 1952/1953/1002
f 1954/1954/1002 1956/1955/1095 1955/1956/887
f 1957/1957/1096 1959/1958/1037 1958/1959/1097
f 1960/1960/904 1962/1961/894 1961/1962/1098
f 1963/1963/1098 1965/1964/1099 1964/1965/1100
f 1966/1966/896 1968/1967/898 1967/1968/1101
f 1969/1969/1101 1971/1970/898 1970/1971/1102
f 1972/1972/1103 1974/1973/898 1973/1974/1104
f 1975/1975/1105 1977/1976/895 1976/1977/1106
f 1978/1978/1107 1980/1979/898 1979/1980/1108
f 1981/1981/160 1983/1982/1109 1982/1983/1110
f 1984/1984/1111 1986/1985/1112 1985/1986/379
f 1987/1987/950 1989/1988/955 1988/1989/959
f 1990/1990/1113 1992/1991/1110 1991/1992/950
f 1993/1993/955 1995/1994/1114 1994/1995/1115
f 1996/1996/1115 1998/1997/959 1997/1998/956
f 1999/1999/1116 2001/2000/967 2000/2001/1117
f 2002/2002/966 2004/2003/1025 2003/2004/1118
f 2005/2005/1119 2007/2006/1120 2006/2007/1121
f 2008/2008/974 2010/2009/1028 2009/2010/1122
f 2011/2011/990 2013/2012/1123 2012/2013/988
f 2014/2014/989 2016/2015/1121 2015/2016/990
f 2017/2017/1025 2019/2018/960 2018/2019/1026
f 2020/2020/963 2022/2021/969 2021/2022/1023
f 2023/2023/1033 2025/2024/1124 2024/2025/1125
f 2026/2026/1125 2028/2027/1126 2027/2028/1033
f 2029/2029/968 2031/2030/1033 2030/2031/1030
f 2032/2032/1083 2034/2033/966 2033/2034/1127
f 2035/2035/1128 2037/2036/1129 2036/2037/926
f 2038/2038/926 2040/2039/1130 2039/2040/1131
f 2041/2041/1128 2043/2042/926 2042/2043/1132
f 2044/2044/1133 2046/2045/1132 2045/2046/1053
f 2047/2047/1134 2049/2048/989 2048/2049/1135
f 2050/2050/1136 2052/2051/935 2051/2052/934
f 2053/2053/1137 2055/2054/1138 2054/2055/989
f 2056/2056/989 2058/2057/1139 2057/2058/1137
f 2059/2059/1140 2061/2060/1141 2060/2061/944
f 2062/2062/1142 2064/2063/1143 2063/2064/1144
f 2065/2065/1145 2067/2066/1146 2066/2067/1147
f 2068/2068/1148 2070/2069/1149 2069/2070/1150
f 2071/2071/1151 2073/2072/1152 2072/2073/1153
f 2074/2074/1154 2076/2075/1155 2075/2076/1151
f 2077/2077/1156 2079/2078/1157 2078/2079/1158
f 2080/2080/1159 2082/2081/1160 2081/2082/1161
f 2083/2083/1162 2085/2084/732 2084/2085/1163
f 2086/2086/1164 2088/2087/1162 2087/2088/1142
f 2089/2089/1165 2091/2090/1160 2090/2091/1158
f 2092/2092/1158 2094/2093/1152 2093/2094/1165
f 2095/2095/1166 2097/2096/1167 2096/2097/1168
f 2098/2098/1169 2100/2099/1170 2099/2100/1171
f 2101/2101/1172 2103/2102/1166 2102/2103/1170
f 2104/2104/1173 2106/2105/1174 2105/2106/1172
f 2107/2107/1175 2109/2108/1176 2108/2109/1177
f 2110/2110/1178 2112/2111/1179 2111/2112/1180
f 2113/2113/1181 2115/2114/1182 2114/2115/1183
f 2116/2116/1183 2118/2117/1184 2117/2118/1181
f 2119/2119/1182 2121/2120/1185 2120/2121/1186
f 2122/2122/1187 2124/2123/1188 2123/2124/1189
f 2125/2125/1190 2127/2126/1191 2126/2127/1192
f 2128/2128/1193 2130/2129/1194 2129/2130/1195
f 2131/2131/1195 2133/2132/1189 2132/2133/1196
f 2134/2134/1194 2136/2135/1197 2135/2136/1198
f 2137/2137/1198 2139/2138/1199 2138/2139/1194
f 2140/2140/1197 2142/2141/1200 2141/2142/1201
f 2143/2143/1202 2145/2144/1203 2144/2145/1204
f 2146/2146/1205 2148/2147/1206 2147/2148/1188
f 2149/2149/1207 2151/2150/1202 2150/2151/1208
f 2152/2152/1209 2154/2153/1171 2153/2154/1207
f 2155/2155/1197 2157/2156/1194 2156/2157/1171
f 2158/2158/1210 2160/2159/1211 2159/2160/1197
f 2161/2161/1200 2163/2162/1197 2162/2163/1176
f 2164/2164/1212 2166/2165/1175 2165/2166/1200
f 2167/2167/1204 2169/2168/1203 2168/2169/1213
f 2170/2170/1204 2172/2171/1214 2171/2172/1215
f 2173/2173/1168 2175/2174/1216 2174/2175/1204
f 2176/2176/1187 2178/2177/1191 2177/2178/1217
f 2179/2179/1217 2181/2180/1218 2180/2181/1187
f 2182/2182/1219 2184/2183/1220 2183/2184/1163
f 2185/2185/1221 2187/2186/1169 2186/2187/1222
f 2188/2188/1223 2190/2189/1224 2189/2190/1225
f 2191/2191/1225 2193/2192/1157 2192/2193/1223
f 2194/2194/1226 2196/2195/1227 2195/2196/1228
f 2197/2197/1170 2199/2198/1229 2198/2199/1230
f 2200/2200/1177 2202/2201/1231 2201/2202/1173
f 2203/2203/1228 2205/2204/1232 2204/2205/1177
f 2206/2206/223 2208/2207/1179 2207/2208/1177
f 2209/2209/1177 2211/2210/1177 2210/2211/223
f 2212/2212/1233 2214/2213/1233 2213/2214/1233
f 2215/2215/1234 2217/2216/1235 2216/2217/1236
f 2218/2218/1237 2220/2219/1238 2219/2220/1239
f 2221/2221/1238 2223/2222/1240 2222/2223/1241
f 2224/2224/1242 2226/2225/1243 2225/2226/1244
f 2227/2227/1243 2229/2228/1245 2228/2229/1244
f 2230/2230/1245 2232/2231/1246 2231/2232/1247
f 2233/2233/1246 2235/2234/1248 2234/2235/1244
f 2236/2236/1249 2238/2237/1250 2237/2238/1150
f 2239/2239/1251 2241/2240/722 2240/2241/724
f 2242/2242/1252 2244/2243/1253 2243/2244/1254
f 2245/2245/1252 2247/2246/732 2246/2247/1255
f 2248/2248/1256 2250/2249/1257 2249/2250/1258
f 2251/2251/1259 2253/2252/1260 2252/2253/1146
f 2254/2254/1261 2256/2255/1144 2255/2256/1143
f 2257/2257/1262 2259/2258/1263 2258/2259/1154
f 2260/2260/1264 2262/2261/1265 2261/2262/1262
f 2263/2263/1266 2265/2264/1267 2264/2265/1268
f 2266/2266/1269 2268/2267/1270 2267/2268/1271
f 2269/2269/1272 2271/2270/1273 2270/2271/954
f 2272/2272/1274 2274/2273/1259 2273/2274/1272
f 2275/2275/1275 2277/2276/1265 2276/2277/1276
f 2278/2278/1269 2280/2279/1267 2279/2280/1275
f 2281/2281/1277 2283/2282/1278 2282/2283/1279
f 2284/2284/1279 2286/2285/1280 2285/2286/1281
f 2287/2287/1282 2289/2288/1283 2288/2289/1284
f 2290/2290/1284 2292/2291/1285 2291/2292/1282
f 2293/2293/1286 2295/2294/1287 2294/2295/1283
f 2296/2296/1283 2298/2297/1288 2297/2298/1175
f 2299/2299/1181 2301/2300/1289 2300/2301/1290
f 2302/2302/1290 2304/2303/1291 2303/2304/1292
f 2305/2305/1293 2307/2306/1290 2306/2307/1294
f 2308/2308/1295 2310/2309/1296 2309/2310/1297
f 2311/2311/1298 2313/2312/1299 2312/2313/1300
f 2314/2314/1301 2316/2315/1298 2315/2316/1302
f 2317/2317/1302 2319/2318/1303 2318/2319/1304
f 2320/2320/1305 2322/2321/1306 2321/2322/1307
f 2323/2323/1307 2325/2324/1308 2324/2325/1305
f 2326/2326/1308 2328/2327/1309 2327/2328/1200
f 2329/2329/1299 2331/2330/1310 2330/2331/1311
f 2332/2332/1312 2334/2333/1313 2333/2334/1314
f 2335/2335/1315 2337/2336/1277 2336/2337/1316
f 2338/2338/1317 2340/2339/1314 2339/2340/1315
f 2341/2341/1308 2343/2342/1318 2342/2343/1277
f 2344/2344/1277 2346/2345/1305 2345/2346/1308
f 2347/2347/1200 2349/2348/1175 2348/2349/1319
f 2350/2350/1288 2352/2351/1308 2351/2352/1200
f 2353/2353/1312 2355/2354/1320 2354/2355/1313
f 2356/2356/1312 2358/2357/1321 2357/2358/1279
f 2359/2359/1322 2361/2360/1323 2360/2361/1312
f 2362/2362/1300 2364/2363/1293 2363/2364/1294
f 2365/2365/1294 2367/2366/1296 2366/2367/1300
f 2368/2368/1324 2370/2369/1273 2369/2370/1325
f 2371/2371/1326 2373/2372/1323 2372/2373/1327
f 2374/2374/1328 2376/2375/1270 2375/2376/1329
f 2377/2377/1329 2379/2378/1330 2378/2379/1328
f 2380/2380/1326 2382/2381/1327 2381/2382/1284
f 2383/2383/1331 2385/2384/1332 2384/2385/1333
f 2386/2386/1334 2388/2387/1335 2387/2388/1278
f 2389/2389/1336 2391/2390/1337 2390/2391/1283
f 2392/2392/223 2394/2393/1283 2393/2394/1283
f 2395/2395/1338 2397/2396/1287 2396/2397/223
f 2398/2398/1339 2400/2399/1339 2399/2400/1339
f 2401/2401/1234 2403/2402/1244 2402/2403/1340
f 2404/2404/1341 2406/2405/1342 2405/2406/1343
f 2407/2407/1343 2409/2408/1344 2408/2409/1345
f 2410/2410/1346 2412/2411/1244 2411/2412/1347
f 2413/2413/1347 2415/2414/1244 2414/2415/1348
f 2416/2416/1348 2418/2417/1349 2417/2418/1350
f 2419/2419/1350 2421/2420/1244 2420/2421/1248
f 2422/2422/1351 2424/2423/1257 2423/2424/1352
f 2425/2425/1353 2427/2426/1354 2426/2427/1355
f 2428/2428/949 2430/2429/948 2429/2430/1356
f 2431/2431/1357 2433/2432/1358 2432/2433/954
f 2434/2434/1225 2436/2435/1359 2435/2436/1360
f 2437/2437/748 2439/2438/748 2438/2439/1225
f 2440/2440/1361 2442/2441/1361 2441/2442/1362
f 2443/2443/1363 2445/2444/1364 2444/2445/1361
f 2446/2446/1364 2448/2447/1365 2447/2448/1366
f 2449/2449/1367 2451/2450/1368 2450/2451/1369
f 2452/2452/1370 2454/2453/1371 2453/2454/1372
f 2455/2455/1373 2457/2456/1374 2456/2457/1370
f 2458/2458/1375 2460/2459/1372 2459/2460/1373
f 2461/2461/1374 2463/2462/1376 2462/2463/1375
f 2464/2464/1377 2466/2465/1378 2465/2466/1379
f 2467/2467/1380 2469/2468/1381 2468/2469/1382
f 2470/2470/1383 2472/2471/1384 2471/2472/1385
f 2473/2473/1386 2475/2474/1383 2474/2475/1383
f 2476/2476/1329 2478/2477/970 2477/2478/970
f 2479/2479/1387 2481/2480/1388 2480/2481/1329
f 2482/2482/72 2484/2483/58 2483/2484/1389
f 2485/2485/1390 2487/2486/360 2486/2487/1391
f 2488/2488/1392 2490/2489/1393 2489/2490/123
f 2491/2491/1394 2493/2492/462 2492/2493/683
f 2494/2494/1395 2496/2495/681 2495/2496/1396
f 2497/2497/1397 2499/2498/1398 2498/2499/1399
f 2500/2500/1400 2502/2501/427 2501/2502/1401
f 2503/2503/1402 2505/2504/50 2504/2505/1403
f 2506/2506/1404 2508/2507/63 2507/2508/61
f 2509/2509/53 2511/2510/360 2510/2511/123
f 2512/2512/123 2514/2513/1405 2513/2514/53
f 2515/2515/1406 2517/2516/1398 2516/2517/426
f 2518/2518/1397 2520/2519/63 2519/2520/1407
f 2521/2521/461 2523/2522/681 2522/2523/53
f 2524/2524/53 2526/2525/1408 2525/2526/461
f 2527/2527/1409 2529/2528/1409 2528/2529/1409
f 2530/2530/1409 2532/2531/1409 2531/2532/1409
f 2533/2533/1410 2535/2534/1410 2534/2535/1410
f 2536/2536/1410 2538/2537/1410 2537/2538/1410
f 2539/2539/422 2541/2540/422 2540/2541/422
f 2542/2542/422 2544/2543/422 2543/2544/422
f 2545/2545/1411 2547/2546/1411 2546/2547/1411
f 2548/2548/1411 2550/2549/1411 2549/2550/1411
f 2551/2551/55 2553/2552/55 2552/2553/55
f 2554/2554/55 2556/2555/55 2555/2556/55
f 2557/2557/709 2559/2558/709 2558/2559/709
f 2560/2560/709 2562/2561/709 2561/2562/709
f 2563/2563/707 2565/2564/707 2564/2565/707
f 2566/2566/707 2568/2567/707 2567/2568/707
f 2569/2569/422 2571/2570/422 2570/2571/422
f 2572/2572/422 2574/2573/422 2573/2574/422
f 2575/2575/716 2577/2576/716 2576/2577/716
f 2578/2578/716 2580/2579/716 2579/2580/716
f 2581/2581/55 2583/2582/55 2582/2583/55
f 2584/2584/55 2586/2585/55 2585/2586/55
f 2587/2587/1412 2589/2588/1412 2588/2589/1412
f 2590/2590/1412 2592/2591/1412 2591/2592/1412
f 2593/2593/422 2595/2594/422 2594/2595/422
f 2596/2596/422 2598/2597/422 2597/2598/422
f 2599/2599/1413 2601/2600/1413 2600/2601/1413
f 2602/2602/1413 2604/2603/1413 2603/2604/1413
f 2605/2605/55 2607/2606/55 2606/2607/55
f 2608/2608/55 2610/2609/55 2609/2610/55
f 2611/2611/1414 2613/2612/1414 2612/2613/1414
f 2614/2614/1415 2616/2615/1415 2615/2616/1415
f 2617/2617/1416 2619/2618/1416 2618/2619/1416
f 2620/2620/1416 2622/2621/1416 2621/2622/1416
f 2623/2623/1417 2625/2624/1417 2624/2625/1417
f 2626/2626/1417 2628/2627/1417 2627/2628/1417
f 2629/2629/422 2631/2630/422 2630/2631/422
f 2632/2632/422 2634/2633/422 2633/2634/422
f 2635/2635/1418 2637/2636/1418 2636/2637/1418
f 2638/2638/1418 2640/2639/1418 2639/2640/1418
f 2641/2641/55 2643/2642/55 2642/2643/55
f 2644/2644/55 2646/2645/55 2645/2646/55
f 2647/2647/1419 2649/2648/1420 2648/2649/1421
f 2650/2650/1422 2652/2651/1423 2651/2652/1420
f 2653/2653/1424 2655/2654/1425 2654/2655/1420
f 2656/2656/1426 2658/2657/1427 2657/2658/1425
f 2659/2659/1428 2661/2660/1429 2660/2661/1424
f 2662/2662/1430 2664/2663/1430 2663/2664/1429
f 2665/2665/1421 2667/2666/1423 2666/2667/1429
f 2668/2668/1431 2670/2669/1429 2669/2670/1423
f 2671/2671/716 2673/2672/716 2672/2673/716
f 2674/2674/716 2676/2675/716 2675/2676/716
f 2677/2677/1432 2679/2678/1432 2678/2679/1432
f 2680/2680/1433 2682/2681/1433 2681/2682/1433
f 2683/2683/1434 2685/2684/1434 2684/2685/1434
f 2686/2686/1435 2688/2687/1435 2687/2688/1435
f 2689/2689/1436 2691/2690/1436 2690/2691/1436
f 2692/2692/1437 2694/2693/1437 2693/2694/1437
f 2695/2695/1438 2697/2696/1438 2696/2697/1438
f 2698/2698/1439 2700/2699/1439 2699/2700/1439
f 2701/2701/716 2703/2702/716 2702/2703/716
f 2704/2704/716 2706/2705/716 2705/2706/716
f 2707/2707/1440 2709/2708/1440 2708/2709/1440
f 2710/2710/1441 2712/2711/1441 2711/2712/1441
f 2713/2713/1442 2715/2714/1442 2714/2715/1442
f 2716/2716/1443 2718/2717/1443 2717/2718/1443
f 2719/2719/1444 2721/2720/1444 2720/2721/1444
f 2722/2722/1445 2724/2723/1445 2723/2724/1445
f 2725/2725/1446 2727/2726/1446 2726/2727/1446
f 2728/2728/1447 2730/2729/1447 2729/2730/1447
f 2731/2731/1448 2733/2732/1449 2732/2733/1450
f 2734/2734/1451 2736/2735/1452 2735/2736/1448
f 2737/2737/1453 2739/2738/1454 2738/2739/1455
f 2740/2740/1456 2742/2741/1457 2741/2742/1453
f 2743/2743/1458 2745/2744/1458 2744/2745/1458
f 2746/2746/1459 2748/2747/1459 2747/2748/1459
f 2749/2749/1460 2751/2750/1460 2750/2751/1460
f 2752/2752/1442 2754/2753/1442 2753/2754/1442
f 2755/2755/1461 2757/2756/1461 2756/2757/1461
f 2758/2758/1462 2760/2759/1462 2759/2760/1462
f 2761/2761/1463 2763/2762/1463 2762/2763/1463
f 2764/2764/1464 2766/2765/1464 2765/2766/1464
f 2767/2767/1465 2769/2768/1466 2768/2769/1467
f 2770/2770/1468 2772/2771/1469 2771/2772/1470
f 2773/2773/1471 2775/2774/1472 2774/2775/1472
f 2776/2776/1473 2778/2777/1474 2777/2778/1474
f 2779/2779/1475 2781/2780/1475 2780/2781/1475
f 2782/2782/1476 2784/2783/1476 2783/2784/1476
f 2785/2785/1477 2787/2786/1477 2786/2787/1477
f 2788/2788/1478 2790/2789/1478 2789/2790/1478
f 2791/2791/1479 2793/2792/1479 2792/2793/1479
f 2794/2794/1480 2796/2795/1480 2795/2796/1480
f 2797/2797/1481 2799/2798/1481 2798/2799/1481
f 2800/2800/1482 2802/2801/1482 2801/2802/1482
f 2803/2803/1483 2805/2804/1484 2804/2805/1485
f 2806/2806/1485 2808/2807/1486 2807/2808/1487
f 2809/2809/1488 2811/2810/1489 2810/2811/1490
f 2812/2812/1491 2814/2813/1492 2813/2814/1488
f 2815/2815/1493 2817/2816/1493 2816/2817/1493
f 2818/2818/1494 2820/2819/1494 2819/2820/1494
f 2821/2821/1462 2823/2822/1462 2822/2823/1462
f 2824/2824/1495 2826/2825/1495 2825/2826/1495
f 2827/2827/1496 2829/2828/1496 2828/2829/1496
f 2830/2830/1497 2832/2831/1497 2831/2832/1497
f 2833/2833/1498 2835/2834/1498 2834/2835/1498
f 2836/2836/1499 2838/2837/1499 2837/2838/1499
f 2839/2839/1500 2841/2840/1500 2840/2841/1500
f 2842/2842/1501 2844/2843/1501 2843/2844/1501
f 2845/2845/1502 2847/2846/1502 2846/2847/1502
f 2848/2848/1503 2850/2849/1503 2849/2850/1503
f 2851/2851/707 2853/2852/707 2852/2853/707
f 2854/2854/707 2856/2855/707 2855/2856/707
f 2857/2857/1504 2859/2858/1504 2858/2859/1504
f 2860/2860/1505 2862/2861/1505 2861/2862/1505
f 2863/2863/1506 2865/2864/1506 2864/2865/1506
f 2866/2866/1507 2868/2867/1507 2867/2868/1507
f 2869/2869/1508 2871/2870/1508 2870/2871/1508
f 2872/2872/1509 2874/2873/1509 2873/2874/1509
f 2875/2875/1510 2877/2876/1510 2876/2877/1510
f 2878/2878/1511 2880/2879/1511 2879/2880/1511
f 2881/2881/1512 2883/2882/1513 2882/2883/1514
f 2884/2884/1515 2886/2885/1516 2885/2886/1517
f 2887/2887/1518 2889/2888/1519 2888/2889/1520
f 2890/2890/1521 2892/2891/1522 2891/2892/1523
f 2893/2893/1524 2895/2894/1524 2894/2895/1524
f 2896/2896/1525 2898/2897/1525 2897/2898/1525
f 2899/2899/1526 2901/2900/1526 2900/2901/1526
f 2902/2902/1527 2904/2903/1527 2903/2904/1527
f 2905/2905/1528 2907/2906/1528 2906/2907/1528
f 2908/2908/1529 2910/2909/1529 2909/2910/1529
f 2911/2911/1530 2913/2912/1530 2912/2913/1530
f 2914/2914/1531 2916/2915/1531 2915/2916/1531
f 2917/2917/1532 2919/2918/1533 2918/2919/1534
f 2920/2920/1535 2922/2921/1536 2921/2922/1537
f 2923/2923/1538 2925/2924/1539 2924/2925/1539
f 2926/2926/1540 2928/2927/1541 2927/2928/1541
f 2929/2929/1542 2931/2930/1542 2930/2931/1542
f 2932/2932/1543 2934/2933/1543 2933/2934/1543
f 2935/2935/1544 2937/2936/1544 2936/2937/1544
f 2938/2938/1545 2940/2939/1545 2939/2940/1545
f 2941/2941/1546 2943/2942/1546 2942/2943/1546
f 2944/2944/1547 2946/2945/1547 2945/2946/1547
f 2947/2947/1548 2949/2948/1548 2948/2949/1548
f 2950/2950/1549 2952/2951/1549 2951/2952/1549
f 2953/2953/1550 2955/2954/1512 2954/2955/1516
f 2956/2956/1551 2958/2957/1552 2957/2958/1553
f 2959/2959/1554 2961/2960/1521 2960/2961/1555
f 2962/2962/1555 2964/2963/1556 2963/2964/1557
f 2965/2965/1558 2967/2966/1558 2966/2967/1558
f 2968/2968/1559 2970/2969/1559 2969/2970/1559
f 2971/2971/1560 2973/2972/1560 2972/2973/1560
f 2974/2974/1561 2976/2975/1561 2975/2976/1561
f 2977/2977/1498 2979/2978/1498 2978/2979/1498
f 2980/2980/1562 2982/2981/1562 2981/2982/1562
f 2983/2983/1500 2985/2984/1500 2984/2985/1500
f 2986/2986/1563 2988/2987/1563 2987/2988/1563
f 2989/2989/1502 2991/2990/1502 2990/2991/1502
f 2992/2992/1503 2994/2993/1503 2993/2994/1503
f 2995/2995/1496 2997/2996/1496 2996/2997/1496
f 2998/2998/1497 3000/2999/1497 2999/3000/1497
f 3001/3001/707 3003/3002/707 3002/3003/707
f 3004/3004/707 3006/3005/707 3005/3006/707
f 3007/3007/1564 3009/3008/1564 3008/3009/1564
f 3010/3010/1565 3012/3011/1565 3011/3012/1565
f 3013/3013/1566 3015/3014/1566 3014/3015/1566
f 3016/3016/1567 3018/3017/1567 3017/3018/1567
f 3019/3019/1568 3021/3020/1568 3020/3021/1568
f 3022/3022/1569 3024/3023/1569 3023/3024/1569
f 3025/3025/1570 3027/3026/1570 3026/3027/1570
f 3028/3028/1571 3030/3029/1571 3029/3030/1571
f 3031/3031/1572 3033/3032/1573 3032/3033/1574
f 3034/3034/1574 3036/3035/1575 3035/3036/1572
f 3037/3037/1576 3039/3038/1577 3038/3039/1578
f 3040/3040/1579 3042/3041/1580 3041/3042/1581
f 3043/3043/1582 3045/3044/1582 3044/3045/1582
f 3046/3046/1583 3048/3047/1583 3047/3048/1583
f 3049/3049/1584 3051/3050/1584 3050/3051/1584
f 3052/3052/1585 3054/3053/1585 3053/3054/1585
f 3055/3055/1586 3057/3056/1586 3056/3057/1586
f 3058/3058/1587 3060/3059/1587 3059/3060/1587
f 3061/3061/1588 3063/3062/1588 3062/3063/1588
f 3064/3064/1589 3066/3065/1589 3065/3066/1589
f 3067/3067/1590 3069/3068/1591 3068/3069/1592
f 3070/3070/1593 3072/3071/1594 3071/3072/1595
f 3073/3073/1596 3075/3074/1597 3074/3075/1597
f 3076/3076/1598 3078/3077/1599 3077/3078/1599
f 3079/3079/1600 3081/3080/1600 3080/3081/1600
f 3082/3082/1601 3084/3083/1601 3083/3084/1601
f 3085/3085/1602 3087/3086/1602 3086/3087/1602
f 3088/3088/1603 3090/3089/1603 3089/3090/1603
f 3091/3091/1604 3093/3092/1604 3092/3093/1604
f 3094/3094/1605 3096/3095/1605 3095/3096/1605
f 3097/3097/1606 3099/3098/1606 3098/3099/1606
f 3100/3100/1607 3102/3101/1607 3101/3102/1607
f 3103/3103/1608 3105/3104/1572 3104/3105/1609
f 3106/3106/1610 3108/3107/1592 3107/3108/1611
f 3109/3109/1612 3111/3110/1579 3110/3111/1612
f 3112/3112/1613 3114/3113/1614 3113/3114/1615
f 3115/3115/1616 3117/3116/1616 3116/3117/1616
f 3118/3118/1617 3120/3119/1617 3119/3120/1617
f 3121/3121/1618 3123/3122/1618 3122/3123/1618
f 3124/3124/1619 3126/3125/1619 3125/3126/1619
f 3127/3127/1620 3129/3128/1620 3128/3129/1620
f 3130/3130/1621 3132/3131/1621 3131/3132/1621
f 3133/3133/1622 3135/3134/1622 3134/3135/1622
f 3136/3136/1623 3138/3137/1623 3137/3138/1623
f 3139/3139/1624 3141/3140/1624 3140/3141/1624
f 3142/3142/1625 3144/3143/1625 3143/3144/1625
f 3145/3145/1626 3147/3146/1626 3146/3147/1626
f 3148/3148/1627 3150/3149/1627 3149/3150/1627
f 3151/3151/707 3153/3152/707 3152/3153/707
f 3154/3154/707 3156/3155/707 3155/3156/707
f 3157/3157/1628 3159/3158/1628 3158/3159/1628
f 3160/3160/1629 3162/3161/1629 3161/3162/1629
f 3163/3163/1630 3165/3164/1630 3164/3165/1630
f 3166/3166/1631 3168/3167/1631 3167/3168/1631
f 3169/3169/1632 3171/3170/1632 3170/3171/1632
f 3172/3172/1633 3174/3173/1633 3173/3174/1633
f 3175/3175/1634 3177/3176/1634 3176/3177/1634
f 3178/3178/1635 3180/3179/1635 3179/3180/1635
f 3181/3181/1636 3183/3182/1637 3182/3183/1638
f 3184/3184/1639 3186/3185/1640 3185/3186/1636
f 3187/3187/1641 3189/3188/1642 3188/3189/1643
f 3190/3190/1644 3192/3191/1645 3191/3192/1646
f 3193/3193/1647 3195/3194/1647 3194/3195/1647
f 3196/3196/1648 3198/3197/1648 3197/3198/1648
f 3199/3199/1649 3201/3200/1649 3200/3201/1649
f 3202/3202/1650 3204/3203/1650 3203/3204/1650
f 3205/3205/1651 3207/3206/1651 3206/3207/1651
f 3208/3208/1652 3210/3209/1652 3209/3210/1652
f 3211/3211/1653 3213/3212/1653 3212/3213/1653
f 3214/3214/1654 3216/3215/1654 3215/3216/1654
f 3217/3217/1655 3219/3218/1656 3218/3219/1657
f 3220/3220/1658 3222/3221/1659 3221/3222/1660
f 3223/3223/1661 3225/3224/1661 3224/3225/1662
f 3226/3226/1663 3228/3227/1663 3227/3228/1664
f 3229/3229/1665 3231/3230/1665 3230/3231/1665
f 3232/3232/1666 3234/3233/1666 3233/3234/1666
f 3235/3235/1667 3237/3236/1667 3236/3237/1667
f 3238/3238/1668 3240/3239/1668 3239/3240/1668
f 3241/3241/1669 3243/3242/1669 3242/3243/1669
f 3244/3244/1670 3246/3245/1670 3245/3246/1670
f 3247/3247/1671 3249/3248/1671 3248/3249/1671
f 3250/3250/1672 3252/3251/1672 3251/3252/1672
f 3253/3253/1673 3255/3254/1658 3254/3255/1674
f 3256/3256/1675 3258/3257/1636 3257/3258/1676
f 3259/3259/1677 3261/3260/1678 3260/3261/1679
f 3262/3262/1680 3264/3263/1643 3263/3264/1681
f 3265/3265/1682 3267/3266/1682 3266/3267/1682
f 3268/3268/1683 3270/3269/1683 3269/3270/1683
f 3271/3271/1684 3273/3272/1684 3272/3273/1684
f 3274/3274/1685 3276/3275/1685 3275/3276/1685
f 3277/3277/1686 3279/3278/1686 3278/3279/1686
f 3280/3280/1687 3282/3281/1687 3281/3282/1687
f 3283/3283/1688 3285/3284/1688 3284/3285/1688
f 3286/3286/1689 3288/3287/1689 3287/3288/1689
f 3289/3289/1690 3291/3290/1690 3290/3291/1690
f 3292/3292/1691 3294/3293/1691 3293/3294/1691
f 3295/3295/1692 3297/3296/1692 3296/3297/1692
f 3298/3298/1693 3300/3299/1693 3299/3300/1693
f 3301/3301/1694 3303/3302/1695 3302/3303/1696
f 3304/3304/1696 3306/3305/1697 3305/3306/1698
f 3307/3307/1699 3309/3308/1700 3308/3309/1701
f 3310/3310/1701 3312/3311/1702 3311/3312/1703
f 3313/3313/1704 3315/3314/1704 3314/3315/1704
f 3316/3316/1705 3318/3317/1705 3317/3318/1705
f 3319/3319/1706 3321/3320/1706 3320/3321/1706
f 3322/3322/1707 3324/3323/1707 3323/3324/1707
f 3325/3325/1708 3327/3326/1708 3326/3327/1708
f 3328/3328/1709 3330/3329/1709 3329/3330/1709
f 3331/3331/1710 3333/3332/1710 3332/3333/1710
f 3334/3334/1711 3336/3335/1711 3335/3336/1711
f 3337/3337/1712 3339/3338/1713 3338/3339/1714
f 3340/3340/1715 3342/3341/1716 3341/3342/1717
f 3343/3343/1718 3345/3344/1719 3344/3345/1720
f 3346/3346/1721 3348/3347/1722 3347/3348/1718
f 3349/3349/1723 3351/3350/1723 3350/3351/1723
f 3352/3352/1724 3354/3353/1724 3353/3354/1724
f 3355/3355/1725 3357/3356/1725 3356/3357/1725
f 3358/3358/1726 3360/3359/1726 3359/3360/1726
f 3361/3361/1727 3363/3362/1727 3362/3363/1727
f 3364/3364/1728 3366/3365/1728 3365/3366/1728
f 3367/3367/1729 3369/3368/1729 3368/3369/1729
f 3370/3370/1730 3372/3371/1730 3371/3372/1730
f 3373/3373/1713 3375/3374/1698 3374/3375/1731
f 3376/3376/1697 3378/3377/1732 3377/3378/1733
f 3379/3379/1734 3381/3380/1735 3380/3381/1736
f 3382/3382/1737 3384/3383/1718 3383/3384/1738
f 3385/3385/1739 3387/3386/1739 3386/3387/1739
f 3388/3388/1740 3390/3389/1740 3389/3390/1740
f 3391/3391/1741 3393/3392/1741 3392/3393/1741
f 3394/3394/1742 3396/3395/1742 3395/3396/1742
f 3397/3397/1743 3399/3398/1743 3398/3399/1743
f 3400/3400/1744 3402/3401/1744 3401/3402/1744
f 3403/3403/1745 3405/3404/1745 3404/3405/1745
f 3406/3406/1746 3408/3407/1746 3407/3408/1746
f 3409/3409/1747 3411/3410/1747 3410/3411/1747
f 3412/3412/1748 3414/3413/1748 3413/3414/1748
f 3415/3415/1749 3417/3416/1749 3416/3417/1749
f 3418/3418/1750 3420/3419/1750 3419/3420/1750
f 3421/3421/1751 3423/3422/1752 3422/3423/1753
f 3424/3424/1753 3426/3425/1754 3425/3426/1755
f 3427/3427/1756 3429/3428/1757 3428/3429/1758
f 3430/3430/1759 3432/3431/1760 3431/3432/1760
f 3433/3433/1761 3435/3434/1761 3434/3435/1761
f 3436/3436/1762 3438/3437/1762 3437/3438/1762
f 3439/3439/1763 3441/3440/1763 3440/3441/1763
f 3442/3442/1764 3444/3443/1764 3443/3444/1764
f 3445/3445/1765 3447/3446/1765 3446/3447/1765
f 3448/3448/1766 3450/3449/1766 3449/3450/1766
f 3451/3451/1767 3453/3452/1767 3452/3453/1767
f 3454/3454/1768 3456/3455/1768 3455/3456/1768
f 3457/3457/1769 3459/3458/1770 3458/3459/1771
f 3460/3460/1772 3462/3461/1773 3461/3462/1774
f 3463/3463/1775 3465/3464/1776 3464/3465/1777
f 3466/3466/1778 3468/3467/1779 3467/3468/1775
f 3469/3469/1780 3471/3470/1780 3470/3471/1780
f 3472/3472/1781 3474/3473/1781 3473/3474/1781
f 3475/3475/1782 3477/3476/1782 3476/3477/1782
f 3478/3478/1783 3480/3479/1783 3479/3480/1783
f 3481/3481/1784 3483/3482/1784 3482/3483/1784
f 3484/3484/1785 3486/3485/1785 3485/3486/1785
f 3487/3487/1786 3489/3488/1786 3488/3489/1786
f 3490/3490/1787 3492/3491/1787 3491/3492/1787
f 3493/3493/1733 3495/3494/1788 3494/3495/1752
f 3496/3496/1789 3498/3497/1790 3497/3498/1773
f 3499/3499/1791 3501/3500/1775 3500/3501/1792
f 3502/3502/1793 3504/3503/1794 3503/3504/1795
f 3505/3505/1796 3507/3506/1796 3506/3507/1796
f 3508/3508/1797 3510/3509/1797 3509/3510/1797
f 3511/3511/1798 3513/3512/1798 3512/3513/1798
f 3514/3514/1799 3516/3515/1799 3515/3516/1799
f 3517/3517/1409 3519/3518/1800 3518/3519/1801
f 3520/3520/1409 3522/3521/1802 3521/3522/1803
f 3523/3523/1409 3525/3524/1804 3524/3525/1805
f 3526/3526/1409 3528/3527/1806 3527/3528/1807
f 3529/3529/1409 3531/3530/1808 3530/3531/1809
f 3532/3532/1409 3534/3533/1809 3533/3534/1810
f 3535/3535/1409 3537/3536/1811 3536/3537/1812
f 3538/3538/1409 3540/3539/1813 3539/3540/1814
f 3541/3541/1409 3543/3542/1815 3542/3543/1816
f 3544/3544/1409 3546/3545/1817 3545/3546/1800
f 3547/3547/1818 3549/3548/1802 3548/3549/1819
f 3550/3550/1800 3552/3551/1820 3551/3552/1821
f 3553/3553/1822 3555/3554/1823 3554/3555/1802
f 3556/3556/1802 3558/3557/1824 3557/3558/1825
f 3559/3559/1826 3561/3560/1806 3560/3561/1804
f 3562/3562/1803 3564/3563/1827 3563/3564/1828
f 3565/3565/1829 3567/3566/1830 3566/3567/1831
f 3568/3568/1831 3570/3569/1828 3569/3570/1832
f 3571/3571/1833 3573/3572/1809 3572/3573/1830
f 3574/3574/1807 3576/3575/1834 3575/3576/1833
f 3577/3577/1835 3579/3578/1811 3578/3579/1809
f 3580/3580/1836 3582/3581/1833 3581/3582/1837
f 3583/3583/1838 3585/3584/1812 3584/3585/1811
f 3586/3586/1811 3588/3587/1835 3587/3588/1838
f 3589/3589/1839 3591/3590/1815 3590/3591/1813
f 3592/3592/1812 3594/3593/1840 3593/3594/1841
f 3595/3595/1842 3597/3596/1843 3596/3597/1844
f 3598/3598/1845 3600/3599/1841 3599/3600/1846
f 3601/3601/1820 3603/3602/1800 3602/3603/1847
f 3604/3604/1843 3606/3605/1848 3605/3606/1849
f 3607/3607/1850 3609/3608/1851 3608/3609/1852
f 3610/3610/1850 3612/3611/1853 3611/3612/1851
f 3613/3613/1850 3615/3614/1854 3614/3615/1853
f 3616/3616/1850 3618/3617/1855 3617/3618/1854
f 3619/3619/1850 3621/3620/1856 3620/3621/1857
f 3622/3622/1850 3624/3623/1858 3623/3624/1856
f 3625/3625/1850 3627/3626/1859 3626/3627/1860
f 3628/3628/1850 3630/3629/1861 3629/3630/1859
f 3631/3631/1850 3633/3632/1862 3632/3633/1861
f 3634/3634/1850 3636/3635/1852 3635/3636/1862
f 3637/3637/1863 3639/3638/1864 3638/3639/1852
f 3640/3640/1865 3642/3641/1866 3641/3642/1867
f 3643/3643/1868 3645/3644/1869 3644/3645/1851
f 3646/3646/1870 3648/3647/1853 3647/3648/1871
f 3649/3649/1872 3651/3650/1873 3650/3651/1874
f 3652/3652/1853 3654/3653/1854 3653/3654/1875
f 3655/3655/1876 3657/3656/1877 3656/3657/1854
f 3658/3658/1854 3660/3659/1857 3659/3660/1878
f 3661/3661/1879 3663/3662/1880 3662/3663/1857
f 3664/3664/1857 3666/3665/1856 3665/3666/1881
f 3667/3667/1882 3669/3668/1883 3668/3669/1884
f 3670/3670/1856 3672/3671/1858 3671/3672/1885
f 3673/3673/1886 3675/3674/1887 3674/3675/1858
f 3676/3676/1858 3678/3677/1888 3677/3678/1886
f 3679/3679/1889 3681/3680/1886 3680/3681/1888
f 3682/3682/1859 3684/3683/1861 3683/3684/1889
f 3685/3685/1890 3687/3686/1889 3686/3687/1861
f 3688/3688/1861 3690/3689/1862 3689/3690/1891
f 3691/3691/1892 3693/3692/1893 3692/3693/1862
f 3694/3694/1894 3696/3695/1852 3695/3696/1892
