solid 
   facet normal 0.000000e+000 -1.000000e+000 0.000000e+000
      outer loop
         vertex 8.500000e+000 8.844849e+001 3.500000e+001
         vertex 4.000000e+000 8.844849e+001 3.500000e+001
         vertex 6.510472e+000 8.844849e+001 3.414334e+001
      endloop
   endfacet
   facet normal 0.000000e+000 -1.000000e+000 0.000000e+000
      outer loop
         vertex 4.000000e+000 8.844849e+001 5.000000e+000
         vertex 8.500000e+000 8.844849e+001 5.000000e+000
         vertex 6.510472e+000 8.844849e+001 3.118891e+001
      endloop
   endfacet
   facet normal 0.000000e+000 -1.000000e+000 0.000000e+000
      outer loop
         vertex 7.399066e+000 8.844849e+001 3.363031e+001
         vertex 7.750000e+000 8.844849e+001 3.266613e+001
         vertex 8.500000e+000 8.844849e+001 3.500000e+001
      endloop
   endfacet
   facet normal 0.000000e+000 -1.000000e+000 0.000000e+000
      outer loop
         vertex 7.399066e+000 8.844849e+001 3.170194e+001
         vertex 6.510472e+000 8.844849e+001 3.118891e+001
         vertex 8.500000e+000 8.844849e+001 5.000000e+000
      endloop
   endfacet
   facet normal 0.000000e+000 -1.000000e+000 -0.000000e+000
      outer loop
         vertex 5.500000e+000 8.844849e+001 3.136709e+001
         vertex 4.840461e+000 8.844849e+001 3.215310e+001
         vertex 4.000000e+000 8.844849e+001 5.000000e+000
      endloop
   endfacet
   facet normal -0.000000e+000 -1.000000e+000 0.000000e+000
      outer loop
         vertex 4.840461e+000 8.844849e+001 3.317916e+001
         vertex 5.500000e+000 8.844849e+001 3.396516e+001
         vertex 4.000000e+000 8.844849e+001 3.500000e+001
      endloop
   endfacet
   facet normal 0.000000e+000 -1.000000e+000 0.000000e+000
      outer loop
         vertex 6.510472e+000 8.844849e+001 3.414334e+001
         vertex 7.399066e+000 8.844849e+001 3.363031e+001
         vertex 8.500000e+000 8.844849e+001 3.500000e+001
      endloop
   endfacet
   facet normal -0.000000e+000 -1.000000e+000 0.000000e+000
      outer loop
         vertex 4.000000e+000 8.844849e+001 5.000000e+000
         vertex 6.510472e+000 8.844849e+001 3.118891e+001
         vertex 5.500000e+000 8.844849e+001 3.136709e+001
      endloop
   endfacet
   facet normal -0.000000e+000 -1.000000e+000 0.000000e+000
      outer loop
         vertex 4.000000e+000 8.844849e+001 5.000000e+000
         vertex 4.840461e+000 8.844849e+001 3.215310e+001
         vertex 4.000000e+000 8.844849e+001 3.500000e+001
      endloop
   endfacet
   facet normal 0.000000e+000 -1.000000e+000 0.000000e+000
      outer loop
         vertex 4.000000e+000 8.844849e+001 3.500000e+001
         vertex 4.840461e+000 8.844849e+001 3.215310e+001
         vertex 4.840461e+000 8.844849e+001 3.317916e+001
      endloop
   endfacet
   facet normal 0.000000e+000 -1.000000e+000 -0.000000e+000
      outer loop
         vertex 8.500000e+000 8.844849e+001 5.000000e+000
         vertex 8.500000e+000 8.844849e+001 3.500000e+001
         vertex 7.750000e+000 8.844849e+001 3.266613e+001
      endloop
   endfacet
   facet normal -0.000000e+000 -1.000000e+000 0.000000e+000
      outer loop
         vertex 5.500000e+000 8.844849e+001 3.396516e+001
         vertex 6.510472e+000 8.844849e+001 3.414334e+001
         vertex 4.000000e+000 8.844849e+001 3.500000e+001
      endloop
   endfacet
   facet normal 0.000000e+000 -1.000000e+000 -0.000000e+000
      outer loop
         vertex 8.500000e+000 8.844849e+001 5.000000e+000
         vertex 7.750000e+000 8.844849e+001 3.266613e+001
         vertex 7.399066e+000 8.844849e+001 3.170194e+001
      endloop
   endfacet
   facet normal 0.000000e+000 1.000000e+000 0.000000e+000
      outer loop
         vertex 8.500000e+000 1.017500e+002 5.000000e+000
         vertex 4.000000e+000 1.017500e+002 5.000000e+000
         vertex 6.510472e+000 1.017500e+002 3.118891e+001
      endloop
   endfacet
   facet normal 0.000000e+000 1.000000e+000 0.000000e+000
      outer loop
         vertex 4.000000e+000 1.017500e+002 3.500000e+001
         vertex 8.500000e+000 1.017500e+002 3.500000e+001
         vertex 6.510472e+000 1.017500e+002 3.414334e+001
      endloop
   endfacet
   facet normal 0.000000e+000 1.000000e+000 0.000000e+000
      outer loop
         vertex 7.399066e+000 1.017500e+002 3.170194e+001
         vertex 7.750000e+000 1.017500e+002 3.266613e+001
         vertex 8.500000e+000 1.017500e+002 5.000000e+000
      endloop
   endfacet
   facet normal -0.000000e+000 1.000000e+000 0.000000e+000
      outer loop
         vertex 7.399066e+000 1.017500e+002 3.363031e+001
         vertex 6.510472e+000 1.017500e+002 3.414334e+001
         vertex 8.500000e+000 1.017500e+002 3.500000e+001
      endloop
   endfacet
   facet normal 0.000000e+000 1.000000e+000 -0.000000e+000
      outer loop
         vertex 5.500000e+000 1.017500e+002 3.396516e+001
         vertex 4.840461e+000 1.017500e+002 3.317916e+001
         vertex 4.000000e+000 1.017500e+002 3.500000e+001
      endloop
   endfacet
   facet normal 0.000000e+000 1.000000e+000 0.000000e+000
      outer loop
         vertex 4.840461e+000 1.017500e+002 3.215310e+001
         vertex 5.500000e+000 1.017500e+002 3.136709e+001
         vertex 4.000000e+000 1.017500e+002 5.000000e+000
      endloop
   endfacet
   facet normal 0.000000e+000 1.000000e+000 0.000000e+000
      outer loop
         vertex 6.510472e+000 1.017500e+002 3.118891e+001
         vertex 7.399066e+000 1.017500e+002 3.170194e+001
         vertex 8.500000e+000 1.017500e+002 5.000000e+000
      endloop
   endfacet
   facet normal 0.000000e+000 1.000000e+000 0.000000e+000
      outer loop
         vertex 4.000000e+000 1.017500e+002 3.500000e+001
         vertex 6.510472e+000 1.017500e+002 3.414334e+001
         vertex 5.500000e+000 1.017500e+002 3.396516e+001
      endloop
   endfacet
   facet normal 0.000000e+000 1.000000e+000 0.000000e+000
      outer loop
         vertex 4.000000e+000 1.017500e+002 3.500000e+001
         vertex 4.840461e+000 1.017500e+002 3.317916e+001
         vertex 4.840461e+000 1.017500e+002 3.215310e+001
      endloop
   endfacet
   facet normal 0.000000e+000 1.000000e+000 0.000000e+000
      outer loop
         vertex 4.000000e+000 1.017500e+002 3.500000e+001
         vertex 4.840461e+000 1.017500e+002 3.215310e+001
         vertex 4.000000e+000 1.017500e+002 5.000000e+000
      endloop
   endfacet
   facet normal 0.000000e+000 1.000000e+000 -0.000000e+000
      outer loop
         vertex 8.500000e+000 1.017500e+002 3.500000e+001
         vertex 8.500000e+000 1.017500e+002 5.000000e+000
         vertex 7.750000e+000 1.017500e+002 3.266613e+001
      endloop
   endfacet
   facet normal 0.000000e+000 1.000000e+000 0.000000e+000
      outer loop
         vertex 5.500000e+000 1.017500e+002 3.136709e+001
         vertex 6.510472e+000 1.017500e+002 3.118891e+001
         vertex 4.000000e+000 1.017500e+002 5.000000e+000
      endloop
   endfacet
   facet normal 0.000000e+000 1.000000e+000 -0.000000e+000
      outer loop
         vertex 8.500000e+000 1.017500e+002 3.500000e+001
         vertex 7.750000e+000 1.017500e+002 3.266613e+001
         vertex 7.399066e+000 1.017500e+002 3.363031e+001
      endloop
   endfacet
   facet normal 0.000000e+000 1.000000e+000 0.000000e+000
      outer loop
         vertex 4.840461e+000 9.244849e+001 3.215310e+001
         vertex 0.000000e+000 9.244849e+001 2.496412e+001
         vertex 0.000000e+000 9.244849e+001 3.500000e+001
      endloop
   endfacet
   facet normal 0.000000e+000 1.000000e+000 0.000000e+000
      outer loop
         vertex 7.399066e+000 9.244849e+001 3.170194e+001
         vertex 1.250000e+001 9.244849e+001 3.500000e+001
         vertex 1.250000e+001 9.244849e+001 2.496412e+001
      endloop
   endfacet
   facet normal 0.000000e+000 1.000000e+000 0.000000e+000
      outer loop
         vertex 1.250000e+001 9.244849e+001 3.500000e+001
         vertex 7.399066e+000 9.244849e+001 3.170194e+001
         vertex 7.750000e+000 9.244849e+001 3.266613e+001
      endloop
   endfacet
   facet normal 0.000000e+000 1.000000e+000 0.000000e+000
      outer loop
         vertex 0.000000e+000 9.244849e+001 2.496412e+001
         vertex 5.500000e+000 9.244849e+001 3.136709e+001
         vertex 6.510472e+000 9.244849e+001 3.118891e+001
      endloop
   endfacet
   facet normal 0.000000e+000 1.000000e+000 0.000000e+000
      outer loop
         vertex 0.000000e+000 9.244849e+001 3.500000e+001
         vertex 4.840461e+000 9.244849e+001 3.317916e+001
         vertex 4.840461e+000 9.244849e+001 3.215310e+001
      endloop
   endfacet
   facet normal 0.000000e+000 1.000000e+000 0.000000e+000
      outer loop
         vertex 0.000000e+000 9.244849e+001 3.500000e+001
         vertex 6.510472e+000 9.244849e+001 3.414334e+001
         vertex 5.500000e+000 9.244849e+001 3.396516e+001
      endloop
   endfacet
   facet normal 0.000000e+000 1.000000e+000 -0.000000e+000
      outer loop
         vertex 1.250000e+001 9.244849e+001 3.500000e+001
         vertex 7.750000e+000 9.244849e+001 3.266613e+001
         vertex 7.399066e+000 9.244849e+001 3.363031e+001
      endloop
   endfacet
   facet normal 0.000000e+000 1.000000e+000 0.000000e+000
      outer loop
         vertex 6.510472e+000 9.244849e+001 3.118891e+001
         vertex 7.399066e+000 9.244849e+001 3.170194e+001
         vertex 1.250000e+001 9.244849e+001 2.496412e+001
      endloop
   endfacet
   facet normal 0.000000e+000 1.000000e+000 -0.000000e+000
      outer loop
         vertex 5.500000e+000 9.244849e+001 3.396516e+001
         vertex 4.840461e+000 9.244849e+001 3.317916e+001
         vertex 0.000000e+000 9.244849e+001 3.500000e+001
      endloop
   endfacet
   facet normal 0.000000e+000 1.000000e+000 0.000000e+000
      outer loop
         vertex 0.000000e+000 9.244849e+001 2.496412e+001
         vertex 6.510472e+000 9.244849e+001 3.118891e+001
         vertex 1.250000e+001 9.244849e+001 2.496412e+001
      endloop
   endfacet
   facet normal -0.000000e+000 1.000000e+000 0.000000e+000
      outer loop
         vertex 6.510472e+000 9.244849e+001 3.414334e+001
         vertex 0.000000e+000 9.244849e+001 3.500000e+001
         vertex 1.250000e+001 9.244849e+001 3.500000e+001
      endloop
   endfacet
   facet normal 0.000000e+000 1.000000e+000 -0.000000e+000
      outer loop
         vertex 1.250000e+001 9.244849e+001 3.500000e+001
         vertex 7.399066e+000 9.244849e+001 3.363031e+001
         vertex 6.510472e+000 9.244849e+001 3.414334e+001
      endloop
   endfacet
   facet normal 0.000000e+000 1.000000e+000 0.000000e+000
      outer loop
         vertex 4.840461e+000 9.244849e+001 3.215310e+001
         vertex 5.500000e+000 9.244849e+001 3.136709e+001
         vertex 0.000000e+000 9.244849e+001 2.496412e+001
      endloop
   endfacet
   facet normal 0.000000e+000 -1.000000e+000 0.000000e+000
      outer loop
         vertex 7.399066e+000 9.775000e+001 3.170194e+001
         vertex 1.250000e+001 9.775000e+001 2.496412e+001
         vertex 1.250000e+001 9.775000e+001 3.500000e+001
      endloop
   endfacet
   facet normal 0.000000e+000 -1.000000e+000 0.000000e+000
      outer loop
         vertex 4.840461e+000 9.775000e+001 3.215310e+001
         vertex 0.000000e+000 9.775000e+001 3.500000e+001
         vertex 0.000000e+000 9.775000e+001 2.496412e+001
      endloop
   endfacet
   facet normal 0.000000e+000 -1.000000e+000 0.000000e+000
      outer loop
         vertex 1.250000e+001 9.775000e+001 3.500000e+001
         vertex 7.399066e+000 9.775000e+001 3.363031e+001
         vertex 7.750000e+000 9.775000e+001 3.266613e+001
      endloop
   endfacet
   facet normal 0.000000e+000 -1.000000e+000 0.000000e+000
      outer loop
         vertex 0.000000e+000 9.775000e+001 3.500000e+001
         vertex 5.500000e+000 9.775000e+001 3.396516e+001
         vertex 6.510472e+000 9.775000e+001 3.414334e+001
      endloop
   endfacet
   facet normal 0.000000e+000 -1.000000e+000 0.000000e+000
      outer loop
         vertex 0.000000e+000 9.775000e+001 3.500000e+001
         vertex 4.840461e+000 9.775000e+001 3.215310e+001
         vertex 4.840461e+000 9.775000e+001 3.317916e+001
      endloop
   endfacet
   facet normal -0.000000e+000 -1.000000e+000 0.000000e+000
      outer loop
         vertex 0.000000e+000 9.775000e+001 2.496412e+001
         vertex 6.510472e+000 9.775000e+001 3.118891e+001
         vertex 5.500000e+000 9.775000e+001 3.136709e+001
      endloop
   endfacet
   facet normal 0.000000e+000 -1.000000e+000 -0.000000e+000
      outer loop
         vertex 1.250000e+001 9.775000e+001 3.500000e+001
         vertex 7.750000e+000 9.775000e+001 3.266613e+001
         vertex 7.399066e+000 9.775000e+001 3.170194e+001
      endloop
   endfacet
   facet normal 0.000000e+000 -1.000000e+000 -0.000000e+000
      outer loop
         vertex 5.500000e+000 9.775000e+001 3.136709e+001
         vertex 4.840461e+000 9.775000e+001 3.215310e+001
         vertex 0.000000e+000 9.775000e+001 2.496412e+001
      endloop
   endfacet
   facet normal -0.000000e+000 -1.000000e+000 0.000000e+000
      outer loop
         vertex 4.840461e+000 9.775000e+001 3.317916e+001
         vertex 5.500000e+000 9.775000e+001 3.396516e+001
         vertex 0.000000e+000 9.775000e+001 3.500000e+001
      endloop
   endfacet
   facet normal 0.000000e+000 -1.000000e+000 0.000000e+000
      outer loop
         vertex 6.510472e+000 9.775000e+001 3.118891e+001
         vertex 0.000000e+000 9.775000e+001 2.496412e+001
         vertex 1.250000e+001 9.775000e+001 2.496412e+001
      endloop
   endfacet
   facet normal 0.000000e+000 -1.000000e+000 0.000000e+000
      outer loop
         vertex 1.250000e+001 9.775000e+001 3.500000e+001
         vertex 6.510472e+000 9.775000e+001 3.414334e+001
         vertex 7.399066e+000 9.775000e+001 3.363031e+001
      endloop
   endfacet
   facet normal 0.000000e+000 -1.000000e+000 0.000000e+000
      outer loop
         vertex 6.510472e+000 9.775000e+001 3.118891e+001
         vertex 1.250000e+001 9.775000e+001 2.496412e+001
         vertex 7.399066e+000 9.775000e+001 3.170194e+001
      endloop
   endfacet
   facet normal -0.000000e+000 -1.000000e+000 0.000000e+000
      outer loop
         vertex 6.510472e+000 9.775000e+001 3.414334e+001
         vertex 1.250000e+001 9.775000e+001 3.500000e+001
         vertex 0.000000e+000 9.775000e+001 3.500000e+001
      endloop
   endfacet
   facet normal -9.396924e-001 -0.000000e+000 -3.420208e-001
      outer loop
         vertex 7.399066e+000 1.017500e+002 3.363031e+001
         vertex 7.750000e+000 1.017500e+002 3.266613e+001
         vertex 7.750000e+000 9.775000e+001 3.266613e+001
      endloop
   endfacet
   facet normal 1.736477e-001 0.000000e+000 -9.848078e-001
      outer loop
         vertex 5.500000e+000 9.775000e+001 3.396516e+001
         vertex 5.500000e+000 1.017500e+002 3.396516e+001
         vertex 6.510472e+000 1.017500e+002 3.414334e+001
      endloop
   endfacet
   facet normal 1.000000e+000 0.000000e+000 -0.000000e+000
      outer loop
         vertex 4.840461e+000 9.775000e+001 3.215310e+001
         vertex 4.840461e+000 1.017500e+002 3.215310e+001
         vertex 4.840461e+000 1.017500e+002 3.317916e+001
      endloop
   endfacet
   facet normal 1.736477e-001 0.000000e+000 9.848078e-001
      outer loop
         vertex 6.510472e+000 9.775000e+001 3.118891e+001
         vertex 6.510472e+000 1.017500e+002 3.118891e+001
         vertex 5.500000e+000 1.017500e+002 3.136709e+001
      endloop
   endfacet
   facet normal -9.396926e-001 0.000000e+000 3.420202e-001
      outer loop
         vertex 7.750000e+000 9.775000e+001 3.266613e+001
         vertex 7.750000e+000 1.017500e+002 3.266613e+001
         vertex 7.399066e+000 1.017500e+002 3.170194e+001
      endloop
   endfacet
   facet normal -5.000007e-001 0.000000e+000 8.660250e-001
      outer loop
         vertex 6.510472e+000 1.017500e+002 3.118891e+001
         vertex 6.510472e+000 9.775000e+001 3.118891e+001
         vertex 7.399066e+000 9.775000e+001 3.170194e+001
      endloop
   endfacet
   facet normal 7.660449e-001 -0.000000e+000 6.427871e-001
      outer loop
         vertex 4.840461e+000 1.017500e+002 3.215310e+001
         vertex 4.840461e+000 9.775000e+001 3.215310e+001
         vertex 5.500000e+000 9.775000e+001 3.136709e+001
      endloop
   endfacet
   facet normal 7.660441e-001 0.000000e+000 -6.427880e-001
      outer loop
         vertex 5.500000e+000 1.017500e+002 3.396516e+001
         vertex 5.500000e+000 9.775000e+001 3.396516e+001
         vertex 4.840461e+000 9.775000e+001 3.317916e+001
      endloop
   endfacet
   facet normal -5.000007e-001 0.000000e+000 -8.660250e-001
      outer loop
         vertex 7.399066e+000 1.017500e+002 3.363031e+001
         vertex 7.399066e+000 9.775000e+001 3.363031e+001
         vertex 6.510472e+000 9.775000e+001 3.414334e+001
      endloop
   endfacet
   facet normal -9.396924e-001 -0.000000e+000 -3.420208e-001
      outer loop
         vertex 7.399066e+000 9.775000e+001 3.363031e+001
         vertex 7.399066e+000 1.017500e+002 3.363031e+001
         vertex 7.750000e+000 9.775000e+001 3.266613e+001
      endloop
   endfacet
   facet normal 1.736477e-001 0.000000e+000 9.848078e-001
      outer loop
         vertex 5.500000e+000 9.775000e+001 3.136709e+001
         vertex 6.510472e+000 9.775000e+001 3.118891e+001
         vertex 5.500000e+000 1.017500e+002 3.136709e+001
      endloop
   endfacet
   facet normal 7.660449e-001 0.000000e+000 6.427871e-001
      outer loop
         vertex 5.500000e+000 1.017500e+002 3.136709e+001
         vertex 4.840461e+000 1.017500e+002 3.215310e+001
         vertex 5.500000e+000 9.775000e+001 3.136709e+001
      endloop
   endfacet
   facet normal -5.000007e-001 -0.000000e+000 -8.660250e-001
      outer loop
         vertex 6.510472e+000 9.775000e+001 3.414334e+001
         vertex 6.510472e+000 1.017500e+002 3.414334e+001
         vertex 7.399066e+000 1.017500e+002 3.363031e+001
      endloop
   endfacet
   facet normal -5.000007e-001 0.000000e+000 8.660250e-001
      outer loop
         vertex 7.399066e+000 9.775000e+001 3.170194e+001
         vertex 7.399066e+000 1.017500e+002 3.170194e+001
         vertex 6.510472e+000 1.017500e+002 3.118891e+001
      endloop
   endfacet
   facet normal 1.000000e+000 -0.000000e+000 0.000000e+000
      outer loop
         vertex 4.840461e+000 1.017500e+002 3.317916e+001
         vertex 4.840461e+000 9.775000e+001 3.317916e+001
         vertex 4.840461e+000 9.775000e+001 3.215310e+001
      endloop
   endfacet
   facet normal 1.736477e-001 0.000000e+000 -9.848078e-001
      outer loop
         vertex 6.510472e+000 9.775000e+001 3.414334e+001
         vertex 5.500000e+000 9.775000e+001 3.396516e+001
         vertex 6.510472e+000 1.017500e+002 3.414334e+001
      endloop
   endfacet
   facet normal -9.396926e-001 0.000000e+000 3.420202e-001
      outer loop
         vertex 7.750000e+000 9.775000e+001 3.266613e+001
         vertex 7.399066e+000 1.017500e+002 3.170194e+001
         vertex 7.399066e+000 9.775000e+001 3.170194e+001
      endloop
   endfacet
   facet normal 7.660441e-001 0.000000e+000 -6.427880e-001
      outer loop
         vertex 4.840461e+000 9.775000e+001 3.317916e+001
         vertex 4.840461e+000 1.017500e+002 3.317916e+001
         vertex 5.500000e+000 1.017500e+002 3.396516e+001
      endloop
   endfacet
   facet normal -9.396926e-001 0.000000e+000 3.420202e-001
      outer loop
         vertex 7.399066e+000 8.844849e+001 3.170194e+001
         vertex 7.750000e+000 8.844849e+001 3.266613e+001
         vertex 7.750000e+000 9.244849e+001 3.266613e+001
      endloop
   endfacet
   facet normal 1.736477e-001 0.000000e+000 9.848078e-001
      outer loop
         vertex 6.510472e+000 9.244849e+001 3.118891e+001
         vertex 5.500000e+000 8.844849e+001 3.136709e+001
         vertex 6.510472e+000 8.844849e+001 3.118891e+001
      endloop
   endfacet
   facet normal 1.000000e+000 -0.000000e+000 0.000000e+000
      outer loop
         vertex 4.840461e+000 9.244849e+001 3.317916e+001
         vertex 4.840461e+000 8.844849e+001 3.317916e+001
         vertex 4.840461e+000 8.844849e+001 3.215310e+001
      endloop
   endfacet
   facet normal 1.736477e-001 0.000000e+000 -9.848078e-001
      outer loop
         vertex 6.510472e+000 9.244849e+001 3.414334e+001
         vertex 6.510472e+000 8.844849e+001 3.414334e+001
         vertex 5.500000e+000 8.844849e+001 3.396516e+001
      endloop
   endfacet
   facet normal -9.396924e-001 0.000000e+000 -3.420208e-001
      outer loop
         vertex 7.399066e+000 9.244849e+001 3.363031e+001
         vertex 7.750000e+000 8.844849e+001 3.266613e+001
         vertex 7.399066e+000 8.844849e+001 3.363031e+001
      endloop
   endfacet
   facet normal -9.396924e-001 0.000000e+000 -3.420208e-001
      outer loop
         vertex 7.750000e+000 8.844849e+001 3.266613e+001
         vertex 7.399066e+000 9.244849e+001 3.363031e+001
         vertex 7.750000e+000 9.244849e+001 3.266613e+001
      endloop
   endfacet
   facet normal 7.660441e-001 0.000000e+000 -6.427880e-001
      outer loop
         vertex 4.840461e+000 8.844849e+001 3.317916e+001
         vertex 4.840461e+000 9.244849e+001 3.317916e+001
         vertex 5.500000e+000 9.244849e+001 3.396516e+001
      endloop
   endfacet
   facet normal 7.660449e-001 0.000000e+000 6.427871e-001
      outer loop
         vertex 5.500000e+000 8.844849e+001 3.136709e+001
         vertex 5.500000e+000 9.244849e+001 3.136709e+001
         vertex 4.840461e+000 9.244849e+001 3.215310e+001
      endloop
   endfacet
   facet normal -5.000007e-001 0.000000e+000 8.660250e-001
      outer loop
         vertex 6.510472e+000 8.844849e+001 3.118891e+001
         vertex 7.399066e+000 9.244849e+001 3.170194e+001
         vertex 6.510472e+000 9.244849e+001 3.118891e+001
      endloop
   endfacet
   facet normal -9.396926e-001 0.000000e+000 3.420202e-001
      outer loop
         vertex 7.399066e+000 9.244849e+001 3.170194e+001
         vertex 7.399066e+000 8.844849e+001 3.170194e+001
         vertex 7.750000e+000 9.244849e+001 3.266613e+001
      endloop
   endfacet
   facet normal 1.736477e-001 0.000000e+000 -9.848078e-001
      outer loop
         vertex 5.500000e+000 9.244849e+001 3.396516e+001
         vertex 6.510472e+000 9.244849e+001 3.414334e+001
         vertex 5.500000e+000 8.844849e+001 3.396516e+001
      endloop
   endfacet
   facet normal 7.660441e-001 0.000000e+000 -6.427880e-001
      outer loop
         vertex 5.500000e+000 8.844849e+001 3.396516e+001
         vertex 4.840461e+000 8.844849e+001 3.317916e+001
         vertex 5.500000e+000 9.244849e+001 3.396516e+001
      endloop
   endfacet
   facet normal -5.000007e-001 0.000000e+000 8.660250e-001
      outer loop
         vertex 7.399066e+000 8.844849e+001 3.170194e+001
         vertex 7.399066e+000 9.244849e+001 3.170194e+001
         vertex 6.510472e+000 8.844849e+001 3.118891e+001
      endloop
   endfacet
   facet normal 7.660449e-001 -0.000000e+000 6.427871e-001
      outer loop
         vertex 4.840461e+000 9.244849e+001 3.215310e+001
         vertex 4.840461e+000 8.844849e+001 3.215310e+001
         vertex 5.500000e+000 8.844849e+001 3.136709e+001
      endloop
   endfacet
   facet normal -5.000007e-001 -0.000000e+000 -8.660250e-001
      outer loop
         vertex 6.510472e+000 8.844849e+001 3.414334e+001
         vertex 6.510472e+000 9.244849e+001 3.414334e+001
         vertex 7.399066e+000 9.244849e+001 3.363031e+001
      endloop
   endfacet
   facet normal 1.736477e-001 0.000000e+000 9.848078e-001
      outer loop
         vertex 5.500000e+000 8.844849e+001 3.136709e+001
         vertex 6.510472e+000 9.244849e+001 3.118891e+001
         vertex 5.500000e+000 9.244849e+001 3.136709e+001
      endloop
   endfacet
   facet normal -5.000007e-001 -0.000000e+000 -8.660250e-001
      outer loop
         vertex 6.510472e+000 8.844849e+001 3.414334e+001
         vertex 7.399066e+000 9.244849e+001 3.363031e+001
         vertex 7.399066e+000 8.844849e+001 3.363031e+001
      endloop
   endfacet
   facet normal 1.000000e+000 0.000000e+000 -0.000000e+000
      outer loop
         vertex 4.840461e+000 8.844849e+001 3.215310e+001
         vertex 4.840461e+000 9.244849e+001 3.215310e+001
         vertex 4.840461e+000 9.244849e+001 3.317916e+001
      endloop
   endfacet
   facet normal -9.807852e-001 -1.950906e-001 0.000000e+000
      outer loop
         vertex 0.000000e+000 9.244849e+001 2.496412e+001
         vertex 3.044819e-001 9.091776e+001 3.500000e+001
         vertex 0.000000e+000 9.244849e+001 3.500000e+001
      endloop
   endfacet
   facet normal -5.555691e-001 -8.314704e-001 -0.000000e+000
      outer loop
         vertex 2.469266e+000 8.875298e+001 5.000000e+000
         vertex 2.469266e+000 8.875298e+001 3.500000e+001
         vertex 1.171573e+000 8.962006e+001 3.500000e+001
      endloop
   endfacet
   facet normal -1.950901e-001 -9.807853e-001 0.000000e+000
      outer loop
         vertex 2.469266e+000 8.875298e+001 3.500000e+001
         vertex 4.000000e+000 8.844849e+001 5.000000e+000
         vertex 4.000000e+000 8.844849e+001 3.500000e+001
      endloop
   endfacet
   facet normal -8.314707e-001 -5.555686e-001 0.000000e+000
      outer loop
         vertex 3.044819e-001 9.091776e+001 3.500000e+001
         vertex 3.044819e-001 9.091776e+001 5.000000e+000
         vertex 1.171573e+000 8.962006e+001 5.000000e+000
      endloop
   endfacet
   facet normal -9.807852e-001 -1.950906e-001 -0.000000e+000
      outer loop
         vertex 3.044819e-001 9.091776e+001 5.000000e+000
         vertex 0.000000e+000 9.244849e+001 2.496412e+001
         vertex 0.000000e+000 9.244849e+001 5.000000e+000
      endloop
   endfacet
   facet normal -1.950901e-001 -9.807853e-001 -0.000000e+000
      outer loop
         vertex 4.000000e+000 8.844849e+001 5.000000e+000
         vertex 2.469266e+000 8.875298e+001 3.500000e+001
         vertex 2.469266e+000 8.875298e+001 5.000000e+000
      endloop
   endfacet
   facet normal -9.807852e-001 -1.950906e-001 0.000000e+000
      outer loop
         vertex 3.044819e-001 9.091776e+001 3.500000e+001
         vertex 0.000000e+000 9.244849e+001 2.496412e+001
         vertex 3.044819e-001 9.091776e+001 5.000000e+000
      endloop
   endfacet
   facet normal -8.314707e-001 -5.555686e-001 -0.000000e+000
      outer loop
         vertex 1.171573e+000 8.962006e+001 5.000000e+000
         vertex 1.171573e+000 8.962006e+001 3.500000e+001
         vertex 3.044819e-001 9.091776e+001 3.500000e+001
      endloop
   endfacet
   facet normal -5.555691e-001 -8.314704e-001 0.000000e+000
      outer loop
         vertex 1.171573e+000 8.962006e+001 5.000000e+000
         vertex 2.469266e+000 8.875298e+001 5.000000e+000
         vertex 1.171573e+000 8.962006e+001 3.500000e+001
      endloop
   endfacet
   facet normal -0.000000e+000 0.000000e+000 1.000000e+000
      outer loop
         vertex 8.500000e+000 8.844849e+001 5.000000e+000
         vertex 4.000000e+000 8.844849e+001 5.000000e+000
         vertex 7.000000e+000 7.761114e+001 5.000000e+000
      endloop
   endfacet
   facet normal 0.000000e+000 0.000000e+000 1.000000e+000
      outer loop
         vertex 2.469266e+000 8.875298e+001 5.000000e+000
         vertex 1.171573e+000 8.962006e+001 5.000000e+000
         vertex 5.097887e+000 7.622917e+001 5.000000e+000
      endloop
   endfacet
   facet normal 0.000000e+000 0.000000e+000 1.000000e+000
      outer loop
         vertex 3.044819e-001 9.091776e+001 5.000000e+000
         vertex 0.000000e+000 9.244849e+001 5.000000e+000
         vertex 0.000000e+000 4.000000e+000 5.000000e+000
      endloop
   endfacet
   facet normal 0.000000e+000 -0.000000e+000 1.000000e+000
      outer loop
         vertex 3.044819e-001 2.469266e+000 5.000000e+000
         vertex 1.171573e+000 1.171573e+000 5.000000e+000
         vertex 3.122674e+000 2.506041e+000 5.000000e+000
      endloop
   endfacet
   facet normal 0.000000e+000 -0.000000e+000 1.000000e+000
      outer loop
         vertex 2.469266e+000 3.044819e-001 5.000000e+000
         vertex 4.000000e+000 0.000000e+000 5.000000e+000
         vertex 4.514465e+000 1.396124e+000 5.000000e+000
      endloop
   endfacet
   facet normal 0.000000e+000 0.000000e+000 1.000000e+000
      outer loop
         vertex 8.500000e+000 5.921190e-016 5.000000e+000
         vertex 1.003073e+001 3.044819e-001 5.000000e+000
         vertex 7.985535e+000 1.396124e+000 5.000000e+000
      endloop
   endfacet
   facet normal 0.000000e+000 0.000000e+000 1.000000e+000
      outer loop
         vertex 1.132843e+001 1.171573e+000 5.000000e+000
         vertex 1.219552e+001 2.469266e+000 5.000000e+000
         vertex 9.377326e+000 2.506041e+000 5.000000e+000
      endloop
   endfacet
   facet normal 0.000000e+000 0.000000e+000 1.000000e+000
      outer loop
         vertex 1.250000e+001 4.000000e+000 5.000000e+000
         vertex 1.250000e+001 2.250000e+001 5.000000e+000
         vertex 9.377326e+000 7.493959e+000 5.000000e+000
      endloop
   endfacet
   facet normal 0.000000e+000 0.000000e+000 1.000000e+000
      outer loop
         vertex 6.250000e+001 2.250000e+001 5.000000e+000
         vertex 6.250000e+001 4.000000e+000 5.000000e+000
         vertex 6.562267e+001 8.493959e+000 5.000000e+000
      endloop
   endfacet
   facet normal 0.000000e+000 -0.000000e+000 1.000000e+000
      outer loop
         vertex 6.280448e+001 2.469266e+000 5.000000e+000
         vertex 6.367157e+001 1.171573e+000 5.000000e+000
         vertex 6.562267e+001 3.506041e+000 5.000000e+000
      endloop
   endfacet
   facet normal 0.000000e+000 -0.000000e+000 1.000000e+000
      outer loop
         vertex 6.496927e+001 3.044819e-001 5.000000e+000
         vertex 6.650000e+001 0.000000e+000 5.000000e+000
         vertex 6.701447e+001 2.396125e+000 5.000000e+000
      endloop
   endfacet
   facet normal 0.000000e+000 0.000000e+000 1.000000e+000
      outer loop
         vertex 7.100000e+001 0.000000e+000 5.000000e+000
         vertex 7.253073e+001 3.044819e-001 5.000000e+000
         vertex 7.048553e+001 2.396125e+000 5.000000e+000
      endloop
   endfacet
   facet normal 0.000000e+000 0.000000e+000 1.000000e+000
      outer loop
         vertex 7.382843e+001 1.171573e+000 5.000000e+000
         vertex 7.469552e+001 2.469266e+000 5.000000e+000
         vertex 7.187733e+001 3.506041e+000 5.000000e+000
      endloop
   endfacet
   facet normal 0.000000e+000 0.000000e+000 1.000000e+000
      outer loop
         vertex 7.500000e+001 4.000000e+000 5.000000e+000
         vertex 7.500000e+001 4.261114e+001 5.000000e+000
         vertex 7.187733e+001 8.493959e+000 5.000000e+000
      endloop
   endfacet
   facet normal -0.000000e+000 0.000000e+000 1.000000e+000
      outer loop
         vertex 5.700000e+001 4.261114e+001 5.000000e+000
         vertex 4.300000e+001 4.261114e+001 5.000000e+000
         vertex 5.382443e+001 4.122918e+001 5.000000e+000
      endloop
   endfacet
   facet normal 0.000000e+000 0.000000e+000 1.000000e+000
      outer loop
         vertex 4.300000e+001 7.261114e+001 5.000000e+000
         vertex 5.700000e+001 7.261114e+001 5.000000e+000
         vertex 5.382443e+001 7.399310e+001 5.000000e+000
      endloop
   endfacet
   facet normal 0.000000e+000 0.000000e+000 1.000000e+000
      outer loop
         vertex 7.500000e+001 7.261114e+001 5.000000e+000
         vertex 7.500000e+001 1.110000e+002 5.000000e+000
         vertex 7.187733e+001 1.065060e+002 5.000000e+000
      endloop
   endfacet
   facet normal 0.000000e+000 0.000000e+000 1.000000e+000
      outer loop
         vertex 7.469552e+001 1.125307e+002 5.000000e+000
         vertex 7.382843e+001 1.138284e+002 5.000000e+000
         vertex 7.187733e+001 1.114940e+002 5.000000e+000
      endloop
   endfacet
   facet normal 0.000000e+000 0.000000e+000 1.000000e+000
      outer loop
         vertex 7.253073e+001 1.146955e+002 5.000000e+000
         vertex 7.100000e+001 1.150000e+002 5.000000e+000
         vertex 7.048553e+001 1.126039e+002 5.000000e+000
      endloop
   endfacet
   facet normal -0.000000e+000 0.000000e+000 1.000000e+000
      outer loop
         vertex 6.650000e+001 1.150000e+002 5.000000e+000
         vertex 6.496927e+001 1.146955e+002 5.000000e+000
         vertex 6.701447e+001 1.126039e+002 5.000000e+000
      endloop
   endfacet
   facet normal -0.000000e+000 0.000000e+000 1.000000e+000
      outer loop
         vertex 6.367157e+001 1.138284e+002 5.000000e+000
         vertex 6.280448e+001 1.125307e+002 5.000000e+000
         vertex 6.562267e+001 1.114940e+002 5.000000e+000
      endloop
   endfacet
   facet normal 0.000000e+000 0.000000e+000 1.000000e+000
      outer loop
         vertex 6.250000e+001 1.110000e+002 5.000000e+000
         vertex 6.250000e+001 9.250000e+001 5.000000e+000
         vertex 6.562267e+001 1.065060e+002 5.000000e+000
      endloop
   endfacet
   facet normal -0.000000e+000 0.000000e+000 1.000000e+000
      outer loop
         vertex 1.250000e+001 9.250000e+001 5.000000e+000
         vertex 1.250000e+001 9.244849e+001 5.000000e+000
         vertex 4.300000e+001 7.261114e+001 5.000000e+000
      endloop
   endfacet
   facet normal -0.000000e+000 0.000000e+000 1.000000e+000
      outer loop
         vertex 1.219552e+001 9.091776e+001 5.000000e+000
         vertex 1.132843e+001 8.962006e+001 5.000000e+000
         vertex 4.300000e+001 7.261114e+001 5.000000e+000
      endloop
   endfacet
   facet normal -0.000000e+000 0.000000e+000 1.000000e+000
      outer loop
         vertex 1.003073e+001 8.875298e+001 5.000000e+000
         vertex 8.500000e+000 8.844849e+001 5.000000e+000
         vertex 8.175570e+000 7.722917e+001 5.000000e+000
      endloop
   endfacet
   facet normal 0.000000e+000 -0.000000e+000 1.000000e+000
      outer loop
         vertex 7.000000e+000 4.161114e+001 5.000000e+000
         vertex 8.175570e+000 4.122918e+001 5.000000e+000
         vertex 8.175570e+000 7.399310e+001 5.000000e+000
      endloop
   endfacet
   facet normal 0.000000e+000 0.000000e+000 1.000000e+000
      outer loop
         vertex 8.902113e+000 4.022918e+001 5.000000e+000
         vertex 8.902113e+000 3.899311e+001 5.000000e+000
         vertex 4.300000e+001 4.261114e+001 5.000000e+000
      endloop
   endfacet
   facet normal -0.000000e+000 0.000000e+000 1.000000e+000
      outer loop
         vertex 8.175570e+000 3.799311e+001 5.000000e+000
         vertex 7.000000e+000 3.761114e+001 5.000000e+000
         vertex 1.250000e+001 2.250000e+001 5.000000e+000
      endloop
   endfacet
   facet normal 0.000000e+000 0.000000e+000 1.000000e+000
      outer loop
         vertex 5.824430e+000 3.799311e+001 5.000000e+000
         vertex 5.097887e+000 3.899311e+001 5.000000e+000
         vertex 3.122674e+000 7.493959e+000 5.000000e+000
      endloop
   endfacet
   facet normal 0.000000e+000 -0.000000e+000 1.000000e+000
      outer loop
         vertex 5.097887e+000 4.022918e+001 5.000000e+000
         vertex 5.824430e+000 4.122918e+001 5.000000e+000
         vertex 5.824430e+000 7.399310e+001 5.000000e+000
      endloop
   endfacet
   facet normal 0.000000e+000 -0.000000e+000 1.000000e+000
      outer loop
         vertex 6.875000e+001 1.130000e+002 5.000000e+000
         vertex 7.048553e+001 1.126039e+002 5.000000e+000
         vertex 7.100000e+001 1.150000e+002 5.000000e+000
      endloop
   endfacet
   facet normal 0.000000e+000 -0.000000e+000 1.000000e+000
      outer loop
         vertex 7.187733e+001 1.114940e+002 5.000000e+000
         vertex 7.264971e+001 1.098901e+002 5.000000e+000
         vertex 7.500000e+001 1.110000e+002 5.000000e+000
      endloop
   endfacet
   facet normal 0.000000e+000 0.000000e+000 1.000000e+000
      outer loop
         vertex 7.264971e+001 1.081099e+002 5.000000e+000
         vertex 7.187733e+001 1.065060e+002 5.000000e+000
         vertex 7.500000e+001 1.110000e+002 5.000000e+000
      endloop
   endfacet
   facet normal -0.000000e+000 0.000000e+000 1.000000e+000
      outer loop
         vertex 7.048553e+001 1.053961e+002 5.000000e+000
         vertex 6.875000e+001 1.050000e+002 5.000000e+000
         vertex 6.250000e+001 9.250000e+001 5.000000e+000
      endloop
   endfacet
   facet normal 0.000000e+000 0.000000e+000 1.000000e+000
      outer loop
         vertex 6.701447e+001 1.053961e+002 5.000000e+000
         vertex 6.562267e+001 1.065060e+002 5.000000e+000
         vertex 6.250000e+001 9.250000e+001 5.000000e+000
      endloop
   endfacet
   facet normal 0.000000e+000 0.000000e+000 1.000000e+000
      outer loop
         vertex 6.485029e+001 1.081099e+002 5.000000e+000
         vertex 6.485029e+001 1.098901e+002 5.000000e+000
         vertex 6.250000e+001 1.110000e+002 5.000000e+000
      endloop
   endfacet
   facet normal 0.000000e+000 0.000000e+000 1.000000e+000
      outer loop
         vertex 6.562267e+001 1.114940e+002 5.000000e+000
         vertex 6.701447e+001 1.126039e+002 5.000000e+000
         vertex 6.496927e+001 1.146955e+002 5.000000e+000
      endloop
   endfacet
   facet normal 0.000000e+000 -0.000000e+000 1.000000e+000
      outer loop
         vertex 6.250000e+000 9.000000e+000 5.000000e+000
         vertex 7.985535e+000 8.603875e+000 5.000000e+000
         vertex 1.250000e+001 2.250000e+001 5.000000e+000
      endloop
   endfacet
   facet normal -0.000000e+000 -0.000000e+000 1.000000e+000
      outer loop
         vertex 9.377326e+000 7.493959e+000 5.000000e+000
         vertex 1.014971e+001 5.890084e+000 5.000000e+000
         vertex 1.250000e+001 4.000000e+000 5.000000e+000
      endloop
   endfacet
   facet normal -0.000000e+000 0.000000e+000 1.000000e+000
      outer loop
         vertex 1.014971e+001 4.109916e+000 5.000000e+000
         vertex 9.377326e+000 2.506041e+000 5.000000e+000
         vertex 1.219552e+001 2.469266e+000 5.000000e+000
      endloop
   endfacet
   facet normal -0.000000e+000 0.000000e+000 1.000000e+000
      outer loop
         vertex 7.985535e+000 1.396124e+000 5.000000e+000
         vertex 6.250000e+000 1.000000e+000 5.000000e+000
         vertex 8.500000e+000 5.921190e-016 5.000000e+000
      endloop
   endfacet
   facet normal 0.000000e+000 0.000000e+000 1.000000e+000
      outer loop
         vertex 4.514465e+000 1.396124e+000 5.000000e+000
         vertex 3.122674e+000 2.506041e+000 5.000000e+000
         vertex 2.469266e+000 3.044819e-001 5.000000e+000
      endloop
   endfacet
   facet normal 0.000000e+000 0.000000e+000 1.000000e+000
      outer loop
         vertex 2.350288e+000 4.109916e+000 5.000000e+000
         vertex 2.350288e+000 5.890084e+000 5.000000e+000
         vertex 0.000000e+000 4.000000e+000 5.000000e+000
      endloop
   endfacet
   facet normal 0.000000e+000 -0.000000e+000 1.000000e+000
      outer loop
         vertex 3.122674e+000 7.493959e+000 5.000000e+000
         vertex 4.514465e+000 8.603875e+000 5.000000e+000
         vertex 5.824430e+000 3.799311e+001 5.000000e+000
      endloop
   endfacet
   facet normal 0.000000e+000 0.000000e+000 1.000000e+000
      outer loop
         vertex 6.875000e+001 1.000000e+001 5.000000e+000
         vertex 7.048553e+001 9.603875e+000 5.000000e+000
         vertex 6.250000e+001 2.250000e+001 5.000000e+000
      endloop
   endfacet
   facet normal -0.000000e+000 -0.000000e+000 1.000000e+000
      outer loop
         vertex 7.187733e+001 8.493959e+000 5.000000e+000
         vertex 7.264971e+001 6.890084e+000 5.000000e+000
         vertex 7.500000e+001 4.000000e+000 5.000000e+000
      endloop
   endfacet
   facet normal 0.000000e+000 0.000000e+000 1.000000e+000
      outer loop
         vertex 7.264971e+001 5.109916e+000 5.000000e+000
         vertex 7.187733e+001 3.506041e+000 5.000000e+000
         vertex 7.500000e+001 4.000000e+000 5.000000e+000
      endloop
   endfacet
   facet normal -0.000000e+000 0.000000e+000 1.000000e+000
      outer loop
         vertex 7.048553e+001 2.396125e+000 5.000000e+000
         vertex 6.875000e+001 2.000000e+000 5.000000e+000
         vertex 7.100000e+001 0.000000e+000 5.000000e+000
      endloop
   endfacet
   facet normal 0.000000e+000 0.000000e+000 1.000000e+000
      outer loop
         vertex 6.701447e+001 2.396125e+000 5.000000e+000
         vertex 6.562267e+001 3.506041e+000 5.000000e+000
         vertex 6.496927e+001 3.044819e-001 5.000000e+000
      endloop
   endfacet
   facet normal 0.000000e+000 0.000000e+000 1.000000e+000
      outer loop
         vertex 6.485029e+001 5.109916e+000 5.000000e+000
         vertex 6.485029e+001 6.890084e+000 5.000000e+000
         vertex 6.250000e+001 4.000000e+000 5.000000e+000
      endloop
   endfacet
   facet normal 0.000000e+000 0.000000e+000 1.000000e+000
      outer loop
         vertex 6.562267e+001 8.493959e+000 5.000000e+000
         vertex 6.701447e+001 9.603875e+000 5.000000e+000
         vertex 6.250000e+001 2.250000e+001 5.000000e+000
      endloop
   endfacet
   facet normal 0.000000e+000 -0.000000e+000 1.000000e+000
      outer loop
         vertex 7.000000e+000 7.761114e+001 5.000000e+000
         vertex 8.175570e+000 7.722917e+001 5.000000e+000
         vertex 8.500000e+000 8.844849e+001 5.000000e+000
      endloop
   endfacet
   facet normal -0.000000e+000 0.000000e+000 1.000000e+000
      outer loop
         vertex 8.902113e+000 7.622917e+001 5.000000e+000
         vertex 8.902113e+000 7.499310e+001 5.000000e+000
         vertex 4.300000e+001 7.261114e+001 5.000000e+000
      endloop
   endfacet
   facet normal -0.000000e+000 0.000000e+000 1.000000e+000
      outer loop
         vertex 8.175570e+000 7.399310e+001 5.000000e+000
         vertex 7.000000e+000 7.361114e+001 5.000000e+000
         vertex 7.000000e+000 4.161114e+001 5.000000e+000
      endloop
   endfacet
   facet normal 0.000000e+000 0.000000e+000 1.000000e+000
      outer loop
         vertex 5.824430e+000 7.399310e+001 5.000000e+000
         vertex 5.097887e+000 7.499310e+001 5.000000e+000
         vertex 5.097887e+000 4.022918e+001 5.000000e+000
      endloop
   endfacet
   facet normal 0.000000e+000 0.000000e+000 1.000000e+000
      outer loop
         vertex 5.097887e+000 7.622917e+001 5.000000e+000
         vertex 5.824430e+000 7.722917e+001 5.000000e+000
         vertex 2.469266e+000 8.875298e+001 5.000000e+000
      endloop
   endfacet
   facet normal 0.000000e+000 -0.000000e+000 1.000000e+000
      outer loop
         vertex 5.500000e+001 4.161114e+001 5.000000e+000
         vertex 5.617557e+001 4.122918e+001 5.000000e+000
         vertex 5.700000e+001 4.261114e+001 5.000000e+000
      endloop
   endfacet
   facet normal 0.000000e+000 0.000000e+000 1.000000e+000
      outer loop
         vertex 5.690211e+001 4.022918e+001 5.000000e+000
         vertex 5.690211e+001 3.899311e+001 5.000000e+000
         vertex 7.500000e+001 4.261114e+001 5.000000e+000
      endloop
   endfacet
   facet normal -0.000000e+000 0.000000e+000 1.000000e+000
      outer loop
         vertex 5.617557e+001 3.799311e+001 5.000000e+000
         vertex 5.500000e+001 3.761114e+001 5.000000e+000
         vertex 6.250000e+001 2.250000e+001 5.000000e+000
      endloop
   endfacet
   facet normal 0.000000e+000 0.000000e+000 1.000000e+000
      outer loop
         vertex 5.382443e+001 3.799311e+001 5.000000e+000
         vertex 5.309789e+001 3.899311e+001 5.000000e+000
         vertex 4.300000e+001 4.261114e+001 5.000000e+000
      endloop
   endfacet
   facet normal 0.000000e+000 0.000000e+000 1.000000e+000
      outer loop
         vertex 5.309789e+001 4.022918e+001 5.000000e+000
         vertex 5.382443e+001 4.122918e+001 5.000000e+000
         vertex 4.300000e+001 4.261114e+001 5.000000e+000
      endloop
   endfacet
   facet normal 0.000000e+000 -0.000000e+000 1.000000e+000
      outer loop
         vertex 5.500000e+001 7.761114e+001 5.000000e+000
         vertex 5.617557e+001 7.722917e+001 5.000000e+000
         vertex 6.250000e+001 9.250000e+001 5.000000e+000
      endloop
   endfacet
   facet normal -0.000000e+000 0.000000e+000 1.000000e+000
      outer loop
         vertex 5.690211e+001 7.622917e+001 5.000000e+000
         vertex 5.690211e+001 7.499310e+001 5.000000e+000
         vertex 7.500000e+001 7.261114e+001 5.000000e+000
      endloop
   endfacet
   facet normal -0.000000e+000 0.000000e+000 1.000000e+000
      outer loop
         vertex 5.617557e+001 7.399310e+001 5.000000e+000
         vertex 5.500000e+001 7.361114e+001 5.000000e+000
         vertex 5.700000e+001 7.261114e+001 5.000000e+000
      endloop
   endfacet
   facet normal 0.000000e+000 0.000000e+000 1.000000e+000
      outer loop
         vertex 5.382443e+001 7.399310e+001 5.000000e+000
         vertex 5.309789e+001 7.499310e+001 5.000000e+000
         vertex 4.300000e+001 7.261114e+001 5.000000e+000
      endloop
   endfacet
   facet normal 0.000000e+000 0.000000e+000 1.000000e+000
      outer loop
         vertex 5.309789e+001 7.622917e+001 5.000000e+000
         vertex 5.382443e+001 7.722917e+001 5.000000e+000
         vertex 4.300000e+001 7.261114e+001 5.000000e+000
      endloop
   endfacet
   facet normal 0.000000e+000 0.000000e+000 1.000000e+000
      outer loop
         vertex 5.097887e+000 7.622917e+001 5.000000e+000
         vertex 1.171573e+000 8.962006e+001 5.000000e+000
         vertex 3.044819e-001 9.091776e+001 5.000000e+000
      endloop
   endfacet
   facet normal -0.000000e+000 0.000000e+000 1.000000e+000
      outer loop
         vertex 3.122674e+000 2.506041e+000 5.000000e+000
         vertex 1.171573e+000 1.171573e+000 5.000000e+000
         vertex 2.469266e+000 3.044819e-001 5.000000e+000
      endloop
   endfacet
   facet normal 0.000000e+000 0.000000e+000 1.000000e+000
      outer loop
         vertex 1.132843e+001 1.171573e+000 5.000000e+000
         vertex 9.377326e+000 2.506041e+000 5.000000e+000
         vertex 1.003073e+001 3.044819e-001 5.000000e+000
      endloop
   endfacet
   facet normal 0.000000e+000 0.000000e+000 1.000000e+000
      outer loop
         vertex 6.280448e+001 2.469266e+000 5.000000e+000
         vertex 6.562267e+001 3.506041e+000 5.000000e+000
         vertex 6.250000e+001 4.000000e+000 5.000000e+000
      endloop
   endfacet
   facet normal 0.000000e+000 0.000000e+000 1.000000e+000
      outer loop
         vertex 7.048553e+001 2.396125e+000 5.000000e+000
         vertex 7.253073e+001 3.044819e-001 5.000000e+000
         vertex 7.187733e+001 3.506041e+000 5.000000e+000
      endloop
   endfacet
   facet normal 0.000000e+000 0.000000e+000 1.000000e+000
      outer loop
         vertex 7.187733e+001 8.493959e+000 5.000000e+000
         vertex 7.500000e+001 4.261114e+001 5.000000e+000
         vertex 7.048553e+001 9.603875e+000 5.000000e+000
      endloop
   endfacet
   facet normal 0.000000e+000 0.000000e+000 1.000000e+000
      outer loop
         vertex 7.500000e+001 7.261114e+001 5.000000e+000
         vertex 7.187733e+001 1.065060e+002 5.000000e+000
         vertex 7.048553e+001 1.053961e+002 5.000000e+000
      endloop
   endfacet
   facet normal -0.000000e+000 0.000000e+000 1.000000e+000
      outer loop
         vertex 7.253073e+001 1.146955e+002 5.000000e+000
         vertex 7.048553e+001 1.126039e+002 5.000000e+000
         vertex 7.187733e+001 1.114940e+002 5.000000e+000
      endloop
   endfacet
   facet normal 0.000000e+000 0.000000e+000 1.000000e+000
      outer loop
         vertex 6.562267e+001 1.114940e+002 5.000000e+000
         vertex 6.280448e+001 1.125307e+002 5.000000e+000
         vertex 6.250000e+001 1.110000e+002 5.000000e+000
      endloop
   endfacet
   facet normal 0.000000e+000 0.000000e+000 1.000000e+000
      outer loop
         vertex 4.300000e+001 7.261114e+001 5.000000e+000
         vertex 1.250000e+001 9.244849e+001 5.000000e+000
         vertex 1.219552e+001 9.091776e+001 5.000000e+000
      endloop
   endfacet
   facet normal 0.000000e+000 0.000000e+000 1.000000e+000
      outer loop
         vertex 8.175570e+000 7.399310e+001 5.000000e+000
         vertex 8.175570e+000 4.122918e+001 5.000000e+000
         vertex 4.300000e+001 4.261114e+001 5.000000e+000
      endloop
   endfacet
   facet normal -0.000000e+000 0.000000e+000 1.000000e+000
      outer loop
         vertex 4.300000e+001 4.261114e+001 5.000000e+000
         vertex 8.902113e+000 3.899311e+001 5.000000e+000
         vertex 1.250000e+001 2.250000e+001 5.000000e+000
      endloop
   endfacet
   facet normal 0.000000e+000 0.000000e+000 1.000000e+000
      outer loop
         vertex 1.250000e+001 2.250000e+001 5.000000e+000
         vertex 7.000000e+000 3.761114e+001 5.000000e+000
         vertex 5.824430e+000 3.799311e+001 5.000000e+000
      endloop
   endfacet
   facet normal 0.000000e+000 0.000000e+000 1.000000e+000
      outer loop
         vertex 6.875000e+001 1.130000e+002 5.000000e+000
         vertex 7.100000e+001 1.150000e+002 5.000000e+000
         vertex 6.650000e+001 1.150000e+002 5.000000e+000
      endloop
   endfacet
   facet normal 0.000000e+000 0.000000e+000 1.000000e+000
      outer loop
         vertex 7.264971e+001 1.081099e+002 5.000000e+000
         vertex 7.500000e+001 1.110000e+002 5.000000e+000
         vertex 7.264971e+001 1.098901e+002 5.000000e+000
      endloop
   endfacet
   facet normal 0.000000e+000 0.000000e+000 1.000000e+000
      outer loop
         vertex 6.485029e+001 1.081099e+002 5.000000e+000
         vertex 6.250000e+001 1.110000e+002 5.000000e+000
         vertex 6.562267e+001 1.065060e+002 5.000000e+000
      endloop
   endfacet
   facet normal -0.000000e+000 0.000000e+000 1.000000e+000
      outer loop
         vertex 1.250000e+001 2.250000e+001 5.000000e+000
         vertex 7.985535e+000 8.603875e+000 5.000000e+000
         vertex 9.377326e+000 7.493959e+000 5.000000e+000
      endloop
   endfacet
   facet normal -0.000000e+000 0.000000e+000 1.000000e+000
      outer loop
         vertex 2.350288e+000 4.109916e+000 5.000000e+000
         vertex 0.000000e+000 4.000000e+000 5.000000e+000
         vertex 3.044819e-001 2.469266e+000 5.000000e+000
      endloop
   endfacet
   facet normal 0.000000e+000 0.000000e+000 1.000000e+000
      outer loop
         vertex 6.875000e+001 1.000000e+001 5.000000e+000
         vertex 6.250000e+001 2.250000e+001 5.000000e+000
         vertex 6.701447e+001 9.603875e+000 5.000000e+000
      endloop
   endfacet
   facet normal 0.000000e+000 0.000000e+000 1.000000e+000
      outer loop
         vertex 7.264971e+001 5.109916e+000 5.000000e+000
         vertex 7.500000e+001 4.000000e+000 5.000000e+000
         vertex 7.264971e+001 6.890084e+000 5.000000e+000
      endloop
   endfacet
   facet normal -0.000000e+000 0.000000e+000 1.000000e+000
      outer loop
         vertex 6.485029e+001 5.109916e+000 5.000000e+000
         vertex 6.250000e+001 4.000000e+000 5.000000e+000
         vertex 6.562267e+001 3.506041e+000 5.000000e+000
      endloop
   endfacet
   facet normal 0.000000e+000 0.000000e+000 1.000000e+000
      outer loop
         vertex 4.300000e+001 7.261114e+001 5.000000e+000
         vertex 8.902113e+000 7.499310e+001 5.000000e+000
         vertex 8.175570e+000 7.399310e+001 5.000000e+000
      endloop
   endfacet
   facet normal 0.000000e+000 0.000000e+000 1.000000e+000
      outer loop
         vertex 2.469266e+000 8.875298e+001 5.000000e+000
         vertex 5.824430e+000 7.722917e+001 5.000000e+000
         vertex 4.000000e+000 8.844849e+001 5.000000e+000
      endloop
   endfacet
   facet normal 0.000000e+000 0.000000e+000 1.000000e+000
      outer loop
         vertex 5.690211e+001 4.022918e+001 5.000000e+000
         vertex 7.500000e+001 4.261114e+001 5.000000e+000
         vertex 5.700000e+001 4.261114e+001 5.000000e+000
      endloop
   endfacet
   facet normal 0.000000e+000 0.000000e+000 1.000000e+000
      outer loop
         vertex 6.250000e+001 2.250000e+001 5.000000e+000
         vertex 5.500000e+001 3.761114e+001 5.000000e+000
         vertex 5.382443e+001 3.799311e+001 5.000000e+000
      endloop
   endfacet
   facet normal 0.000000e+000 0.000000e+000 1.000000e+000
      outer loop
         vertex 5.309789e+001 4.022918e+001 5.000000e+000
         vertex 4.300000e+001 4.261114e+001 5.000000e+000
         vertex 5.309789e+001 3.899311e+001 5.000000e+000
      endloop
   endfacet
   facet normal 0.000000e+000 0.000000e+000 1.000000e+000
      outer loop
         vertex 7.500000e+001 7.261114e+001 5.000000e+000
         vertex 5.690211e+001 7.499310e+001 5.000000e+000
         vertex 5.700000e+001 7.261114e+001 5.000000e+000
      endloop
   endfacet
   facet normal 0.000000e+000 -0.000000e+000 1.000000e+000
      outer loop
         vertex 4.300000e+001 7.261114e+001 5.000000e+000
         vertex 5.309789e+001 7.499310e+001 5.000000e+000
         vertex 5.309789e+001 7.622917e+001 5.000000e+000
      endloop
   endfacet
   facet normal 0.000000e+000 0.000000e+000 1.000000e+000
      outer loop
         vertex 1.003073e+001 3.044819e-001 5.000000e+000
         vertex 9.377326e+000 2.506041e+000 5.000000e+000
         vertex 7.985535e+000 1.396124e+000 5.000000e+000
      endloop
   endfacet
   facet normal 0.000000e+000 0.000000e+000 1.000000e+000
      outer loop
         vertex 7.253073e+001 1.146955e+002 5.000000e+000
         vertex 7.187733e+001 1.114940e+002 5.000000e+000
         vertex 7.382843e+001 1.138284e+002 5.000000e+000
      endloop
   endfacet
   facet normal 0.000000e+000 0.000000e+000 1.000000e+000
      outer loop
         vertex 4.300000e+001 4.261114e+001 5.000000e+000
         vertex 1.250000e+001 2.250000e+001 5.000000e+000
         vertex 6.250000e+001 2.250000e+001 5.000000e+000
      endloop
   endfacet
   facet normal 0.000000e+000 0.000000e+000 1.000000e+000
      outer loop
         vertex 6.875000e+001 1.130000e+002 5.000000e+000
         vertex 6.650000e+001 1.150000e+002 5.000000e+000
         vertex 6.701447e+001 1.126039e+002 5.000000e+000
      endloop
   endfacet
   facet normal 0.000000e+000 0.000000e+000 1.000000e+000
      outer loop
         vertex 5.690211e+001 4.022918e+001 5.000000e+000
         vertex 5.700000e+001 4.261114e+001 5.000000e+000
         vertex 5.617557e+001 4.122918e+001 5.000000e+000
      endloop
   endfacet
   facet normal 0.000000e+000 0.000000e+000 1.000000e+000
      outer loop
         vertex 4.000000e+000 0.000000e+000 5.000000e+000
         vertex 8.500000e+000 5.921190e-016 5.000000e+000
         vertex 6.250000e+000 1.000000e+000 5.000000e+000
      endloop
   endfacet
   facet normal 0.000000e+000 -0.000000e+000 1.000000e+000
      outer loop
         vertex 6.367157e+001 1.171573e+000 5.000000e+000
         vertex 6.496927e+001 3.044819e-001 5.000000e+000
         vertex 6.562267e+001 3.506041e+000 5.000000e+000
      endloop
   endfacet
   facet normal 0.000000e+000 0.000000e+000 1.000000e+000
      outer loop
         vertex 7.253073e+001 3.044819e-001 5.000000e+000
         vertex 7.382843e+001 1.171573e+000 5.000000e+000
         vertex 7.187733e+001 3.506041e+000 5.000000e+000
      endloop
   endfacet
   facet normal 0.000000e+000 0.000000e+000 1.000000e+000
      outer loop
         vertex 4.300000e+001 4.261114e+001 5.000000e+000
         vertex 4.300000e+001 7.261114e+001 5.000000e+000
         vertex 8.175570e+000 7.399310e+001 5.000000e+000
      endloop
   endfacet
   facet normal -0.000000e+000 0.000000e+000 1.000000e+000
      outer loop
         vertex 6.496927e+001 1.146955e+002 5.000000e+000
         vertex 6.367157e+001 1.138284e+002 5.000000e+000
         vertex 6.562267e+001 1.114940e+002 5.000000e+000
      endloop
   endfacet
   facet normal -0.000000e+000 0.000000e+000 1.000000e+000
      outer loop
         vertex 1.132843e+001 8.962006e+001 5.000000e+000
         vertex 1.003073e+001 8.875298e+001 5.000000e+000
         vertex 8.175570e+000 7.722917e+001 5.000000e+000
      endloop
   endfacet
   facet normal 0.000000e+000 -0.000000e+000 1.000000e+000
      outer loop
         vertex 8.175570e+000 4.122918e+001 5.000000e+000
         vertex 8.902113e+000 4.022918e+001 5.000000e+000
         vertex 4.300000e+001 4.261114e+001 5.000000e+000
      endloop
   endfacet
   facet normal 0.000000e+000 0.000000e+000 1.000000e+000
      outer loop
         vertex 5.097887e+000 3.899311e+001 5.000000e+000
         vertex 5.097887e+000 4.022918e+001 5.000000e+000
         vertex 0.000000e+000 4.000000e+000 5.000000e+000
      endloop
   endfacet
   facet normal 0.000000e+000 0.000000e+000 1.000000e+000
      outer loop
         vertex 6.485029e+001 1.098901e+002 5.000000e+000
         vertex 6.562267e+001 1.114940e+002 5.000000e+000
         vertex 6.250000e+001 1.110000e+002 5.000000e+000
      endloop
   endfacet
   facet normal -0.000000e+000 0.000000e+000 1.000000e+000
      outer loop
         vertex 1.014971e+001 5.890084e+000 5.000000e+000
         vertex 1.014971e+001 4.109916e+000 5.000000e+000
         vertex 1.250000e+001 4.000000e+000 5.000000e+000
      endloop
   endfacet
   facet normal 0.000000e+000 0.000000e+000 1.000000e+000
      outer loop
         vertex 3.122674e+000 2.506041e+000 5.000000e+000
         vertex 2.350288e+000 4.109916e+000 5.000000e+000
         vertex 3.044819e-001 2.469266e+000 5.000000e+000
      endloop
   endfacet
   facet normal 0.000000e+000 0.000000e+000 1.000000e+000
      outer loop
         vertex 6.875000e+001 2.000000e+000 5.000000e+000
         vertex 6.701447e+001 2.396125e+000 5.000000e+000
         vertex 6.650000e+001 0.000000e+000 5.000000e+000
      endloop
   endfacet
   facet normal 0.000000e+000 0.000000e+000 1.000000e+000
      outer loop
         vertex 5.824430e+000 7.722917e+001 5.000000e+000
         vertex 7.000000e+000 7.761114e+001 5.000000e+000
         vertex 4.000000e+000 8.844849e+001 5.000000e+000
      endloop
   endfacet
   facet normal 0.000000e+000 0.000000e+000 1.000000e+000
      outer loop
         vertex 7.000000e+000 7.361114e+001 5.000000e+000
         vertex 5.824430e+000 7.399310e+001 5.000000e+000
         vertex 7.000000e+000 4.161114e+001 5.000000e+000
      endloop
   endfacet
   facet normal 0.000000e+000 -0.000000e+000 1.000000e+000
      outer loop
         vertex 5.382443e+001 4.122918e+001 5.000000e+000
         vertex 5.500000e+001 4.161114e+001 5.000000e+000
         vertex 5.700000e+001 4.261114e+001 5.000000e+000
      endloop
   endfacet
   facet normal 0.000000e+000 -0.000000e+000 1.000000e+000
      outer loop
         vertex 5.382443e+001 7.722917e+001 5.000000e+000
         vertex 5.500000e+001 7.761114e+001 5.000000e+000
         vertex 6.250000e+001 9.250000e+001 5.000000e+000
      endloop
   endfacet
   facet normal -0.000000e+000 0.000000e+000 1.000000e+000
      outer loop
         vertex 5.690211e+001 7.499310e+001 5.000000e+000
         vertex 5.617557e+001 7.399310e+001 5.000000e+000
         vertex 5.700000e+001 7.261114e+001 5.000000e+000
      endloop
   endfacet
   facet normal 0.000000e+000 0.000000e+000 1.000000e+000
      outer loop
         vertex 3.044819e-001 9.091776e+001 5.000000e+000
         vertex 0.000000e+000 4.000000e+000 5.000000e+000
         vertex 5.097887e+000 4.022918e+001 5.000000e+000
      endloop
   endfacet
   facet normal 0.000000e+000 0.000000e+000 1.000000e+000
      outer loop
         vertex 6.562267e+001 8.493959e+000 5.000000e+000
         vertex 6.250000e+001 4.000000e+000 5.000000e+000
         vertex 6.485029e+001 6.890084e+000 5.000000e+000
      endloop
   endfacet
   facet normal -0.000000e+000 0.000000e+000 1.000000e+000
      outer loop
         vertex 7.469552e+001 1.125307e+002 5.000000e+000
         vertex 7.187733e+001 1.114940e+002 5.000000e+000
         vertex 7.500000e+001 1.110000e+002 5.000000e+000
      endloop
   endfacet
   facet normal 0.000000e+000 0.000000e+000 1.000000e+000
      outer loop
         vertex 8.175570e+000 3.799311e+001 5.000000e+000
         vertex 1.250000e+001 2.250000e+001 5.000000e+000
         vertex 8.902113e+000 3.899311e+001 5.000000e+000
      endloop
   endfacet
   facet normal -0.000000e+000 0.000000e+000 1.000000e+000
      outer loop
         vertex 7.048553e+001 1.053961e+002 5.000000e+000
         vertex 6.250000e+001 9.250000e+001 5.000000e+000
         vertex 7.500000e+001 7.261114e+001 5.000000e+000
      endloop
   endfacet
   facet normal 0.000000e+000 0.000000e+000 1.000000e+000
      outer loop
         vertex 6.701447e+001 1.053961e+002 5.000000e+000
         vertex 6.250000e+001 9.250000e+001 5.000000e+000
         vertex 6.875000e+001 1.050000e+002 5.000000e+000
      endloop
   endfacet
   facet normal 0.000000e+000 0.000000e+000 1.000000e+000
      outer loop
         vertex 5.824430e+000 3.799311e+001 5.000000e+000
         vertex 4.514465e+000 8.603875e+000 5.000000e+000
         vertex 1.250000e+001 2.250000e+001 5.000000e+000
      endloop
   endfacet
   facet normal -0.000000e+000 0.000000e+000 1.000000e+000
      outer loop
         vertex 7.500000e+001 4.000000e+000 5.000000e+000
         vertex 7.187733e+001 3.506041e+000 5.000000e+000
         vertex 7.469552e+001 2.469266e+000 5.000000e+000
      endloop
   endfacet
   facet normal -0.000000e+000 0.000000e+000 1.000000e+000
      outer loop
         vertex 7.500000e+001 4.261114e+001 5.000000e+000
         vertex 5.690211e+001 3.899311e+001 5.000000e+000
         vertex 6.250000e+001 2.250000e+001 5.000000e+000
      endloop
   endfacet
   facet normal 0.000000e+000 0.000000e+000 1.000000e+000
      outer loop
         vertex 5.382443e+001 3.799311e+001 5.000000e+000
         vertex 4.300000e+001 4.261114e+001 5.000000e+000
         vertex 6.250000e+001 2.250000e+001 5.000000e+000
      endloop
   endfacet
   facet normal 0.000000e+000 0.000000e+000 1.000000e+000
      outer loop
         vertex 5.690211e+001 7.622917e+001 5.000000e+000
         vertex 7.500000e+001 7.261114e+001 5.000000e+000
         vertex 6.250000e+001 9.250000e+001 5.000000e+000
      endloop
   endfacet
   facet normal 0.000000e+000 -0.000000e+000 1.000000e+000
      outer loop
         vertex 4.300000e+001 7.261114e+001 5.000000e+000
         vertex 5.382443e+001 7.722917e+001 5.000000e+000
         vertex 6.250000e+001 9.250000e+001 5.000000e+000
      endloop
   endfacet
   facet normal 0.000000e+000 0.000000e+000 1.000000e+000
      outer loop
         vertex 7.048553e+001 9.603875e+000 5.000000e+000
         vertex 7.500000e+001 4.261114e+001 5.000000e+000
         vertex 6.250000e+001 2.250000e+001 5.000000e+000
      endloop
   endfacet
   facet normal 0.000000e+000 0.000000e+000 1.000000e+000
      outer loop
         vertex 5.097887e+000 3.899311e+001 5.000000e+000
         vertex 0.000000e+000 4.000000e+000 5.000000e+000
         vertex 3.122674e+000 7.493959e+000 5.000000e+000
      endloop
   endfacet
   facet normal 0.000000e+000 0.000000e+000 1.000000e+000
      outer loop
         vertex 7.000000e+000 4.161114e+001 5.000000e+000
         vertex 5.824430e+000 7.399310e+001 5.000000e+000
         vertex 5.824430e+000 4.122918e+001 5.000000e+000
      endloop
   endfacet
   facet normal 0.000000e+000 0.000000e+000 1.000000e+000
      outer loop
         vertex 5.690211e+001 7.622917e+001 5.000000e+000
         vertex 6.250000e+001 9.250000e+001 5.000000e+000
         vertex 5.617557e+001 7.722917e+001 5.000000e+000
      endloop
   endfacet
   facet normal 0.000000e+000 0.000000e+000 1.000000e+000
      outer loop
         vertex 1.219552e+001 2.469266e+000 5.000000e+000
         vertex 1.250000e+001 4.000000e+000 5.000000e+000
         vertex 1.014971e+001 4.109916e+000 5.000000e+000
      endloop
   endfacet
   facet normal -0.000000e+000 0.000000e+000 1.000000e+000
      outer loop
         vertex 6.250000e+001 9.250000e+001 5.000000e+000
         vertex 1.250000e+001 9.250000e+001 5.000000e+000
         vertex 4.300000e+001 7.261114e+001 5.000000e+000
      endloop
   endfacet
   facet normal 0.000000e+000 0.000000e+000 1.000000e+000
      outer loop
         vertex 6.250000e+000 1.000000e+000 5.000000e+000
         vertex 4.514465e+000 1.396124e+000 5.000000e+000
         vertex 4.000000e+000 0.000000e+000 5.000000e+000
      endloop
   endfacet
   facet normal 0.000000e+000 -0.000000e+000 1.000000e+000
      outer loop
         vertex 8.175570e+000 7.722917e+001 5.000000e+000
         vertex 8.902113e+000 7.622917e+001 5.000000e+000
         vertex 1.132843e+001 8.962006e+001 5.000000e+000
      endloop
   endfacet
   facet normal -0.000000e+000 0.000000e+000 1.000000e+000
      outer loop
         vertex 5.690211e+001 3.899311e+001 5.000000e+000
         vertex 5.617557e+001 3.799311e+001 5.000000e+000
         vertex 6.250000e+001 2.250000e+001 5.000000e+000
      endloop
   endfacet
   facet normal 0.000000e+000 0.000000e+000 1.000000e+000
      outer loop
         vertex 5.382443e+001 7.399310e+001 5.000000e+000
         vertex 5.700000e+001 7.261114e+001 5.000000e+000
         vertex 5.500000e+001 7.361114e+001 5.000000e+000
      endloop
   endfacet
   facet normal 0.000000e+000 -0.000000e+000 1.000000e+000
      outer loop
         vertex 0.000000e+000 4.000000e+000 5.000000e+000
         vertex 2.350288e+000 5.890084e+000 5.000000e+000
         vertex 3.122674e+000 7.493959e+000 5.000000e+000
      endloop
   endfacet
   facet normal 0.000000e+000 0.000000e+000 1.000000e+000
      outer loop
         vertex 5.097887e+000 4.022918e+001 5.000000e+000
         vertex 5.097887e+000 7.499310e+001 5.000000e+000
         vertex 3.044819e-001 9.091776e+001 5.000000e+000
      endloop
   endfacet
   facet normal 0.000000e+000 0.000000e+000 1.000000e+000
      outer loop
         vertex 6.875000e+001 2.000000e+000 5.000000e+000
         vertex 6.650000e+001 0.000000e+000 5.000000e+000
         vertex 7.100000e+001 0.000000e+000 5.000000e+000
      endloop
   endfacet
   facet normal 0.000000e+000 -0.000000e+000 1.000000e+000
      outer loop
         vertex 4.514465e+000 8.603875e+000 5.000000e+000
         vertex 6.250000e+000 9.000000e+000 5.000000e+000
         vertex 1.250000e+001 2.250000e+001 5.000000e+000
      endloop
   endfacet
   facet normal 0.000000e+000 0.000000e+000 1.000000e+000
      outer loop
         vertex 4.300000e+001 7.261114e+001 5.000000e+000
         vertex 1.132843e+001 8.962006e+001 5.000000e+000
         vertex 8.902113e+000 7.622917e+001 5.000000e+000
      endloop
   endfacet
   facet normal 0.000000e+000 -0.000000e+000 1.000000e+000
      outer loop
         vertex 3.044819e-001 9.091776e+001 5.000000e+000
         vertex 5.097887e+000 7.499310e+001 5.000000e+000
         vertex 5.097887e+000 7.622917e+001 5.000000e+000
      endloop
   endfacet
   facet normal 9.807853e-001 -1.950904e-001 0.000000e+000
      outer loop
         vertex 1.219552e+001 9.091776e+001 5.000000e+000
         vertex 1.250000e+001 9.244849e+001 5.000000e+000
         vertex 1.250000e+001 9.244849e+001 2.496412e+001
      endloop
   endfacet
   facet normal 5.555691e-001 -8.314704e-001 0.000000e+000
      outer loop
         vertex 1.003073e+001 8.875298e+001 3.500000e+001
         vertex 1.003073e+001 8.875298e+001 5.000000e+000
         vertex 1.132843e+001 8.962006e+001 5.000000e+000
      endloop
   endfacet
   facet normal 1.950901e-001 -9.807853e-001 0.000000e+000
      outer loop
         vertex 1.003073e+001 8.875298e+001 5.000000e+000
         vertex 8.500000e+000 8.844849e+001 3.500000e+001
         vertex 8.500000e+000 8.844849e+001 5.000000e+000
      endloop
   endfacet
   facet normal 8.314707e-001 -5.555687e-001 0.000000e+000
      outer loop
         vertex 1.219552e+001 9.091776e+001 5.000000e+000
         vertex 1.219552e+001 9.091776e+001 3.500000e+001
         vertex 1.132843e+001 8.962006e+001 3.500000e+001
      endloop
   endfacet
   facet normal 9.807853e-001 -1.950904e-001 0.000000e+000
      outer loop
         vertex 1.219552e+001 9.091776e+001 3.500000e+001
         vertex 1.250000e+001 9.244849e+001 2.496412e+001
         vertex 1.250000e+001 9.244849e+001 3.500000e+001
      endloop
   endfacet
   facet normal 1.950901e-001 -9.807853e-001 0.000000e+000
      outer loop
         vertex 8.500000e+000 8.844849e+001 3.500000e+001
         vertex 1.003073e+001 8.875298e+001 5.000000e+000
         vertex 1.003073e+001 8.875298e+001 3.500000e+001
      endloop
   endfacet
   facet normal 9.807853e-001 -1.950904e-001 0.000000e+000
      outer loop
         vertex 1.219552e+001 9.091776e+001 5.000000e+000
         vertex 1.250000e+001 9.244849e+001 2.496412e+001
         vertex 1.219552e+001 9.091776e+001 3.500000e+001
      endloop
   endfacet
   facet normal 8.314707e-001 -5.555687e-001 0.000000e+000
      outer loop
         vertex 1.132843e+001 8.962006e+001 3.500000e+001
         vertex 1.132843e+001 8.962006e+001 5.000000e+000
         vertex 1.219552e+001 9.091776e+001 5.000000e+000
      endloop
   endfacet
   facet normal 5.555691e-001 -8.314704e-001 0.000000e+000
      outer loop
         vertex 1.132843e+001 8.962006e+001 3.500000e+001
         vertex 1.003073e+001 8.875298e+001 3.500000e+001
         vertex 1.132843e+001 8.962006e+001 5.000000e+000
      endloop
   endfacet
   facet normal 0.000000e+000 0.000000e+000 1.000000e+000
      outer loop
         vertex 1.219552e+001 9.091776e+001 3.500000e+001
         vertex 1.250000e+001 9.244849e+001 3.500000e+001
         vertex 1.132843e+001 8.962006e+001 3.500000e+001
      endloop
   endfacet
   facet normal -0.000000e+000 -0.000000e+000 1.000000e+000
      outer loop
         vertex 0.000000e+000 9.244849e+001 3.500000e+001
         vertex 3.044819e-001 9.091776e+001 3.500000e+001
         vertex 1.171573e+000 8.962006e+001 3.500000e+001
      endloop
   endfacet
   facet normal 0.000000e+000 0.000000e+000 1.000000e+000
      outer loop
         vertex 2.469266e+000 8.875298e+001 3.500000e+001
         vertex 4.000000e+000 8.844849e+001 3.500000e+001
         vertex 1.171573e+000 8.962006e+001 3.500000e+001
      endloop
   endfacet
   facet normal 0.000000e+000 0.000000e+000 1.000000e+000
      outer loop
         vertex 1.003073e+001 8.875298e+001 3.500000e+001
         vertex 1.132843e+001 8.962006e+001 3.500000e+001
         vertex 8.500000e+000 8.844849e+001 3.500000e+001
      endloop
   endfacet
   facet normal 0.000000e+000 0.000000e+000 1.000000e+000
      outer loop
         vertex 1.171573e+000 8.962006e+001 3.500000e+001
         vertex 4.000000e+000 8.844849e+001 3.500000e+001
         vertex 0.000000e+000 9.244849e+001 3.500000e+001
      endloop
   endfacet
   facet normal -0.000000e+000 0.000000e+000 1.000000e+000
      outer loop
         vertex 1.250000e+001 9.244849e+001 3.500000e+001
         vertex 0.000000e+000 9.244849e+001 3.500000e+001
         vertex 8.500000e+000 8.844849e+001 3.500000e+001
      endloop
   endfacet
   facet normal 0.000000e+000 0.000000e+000 1.000000e+000
      outer loop
         vertex 1.132843e+001 8.962006e+001 3.500000e+001
         vertex 1.250000e+001 9.244849e+001 3.500000e+001
         vertex 8.500000e+000 8.844849e+001 3.500000e+001
      endloop
   endfacet
   facet normal 0.000000e+000 0.000000e+000 1.000000e+000
      outer loop
         vertex 8.500000e+000 8.844849e+001 3.500000e+001
         vertex 0.000000e+000 9.244849e+001 3.500000e+001
         vertex 4.000000e+000 8.844849e+001 3.500000e+001
      endloop
   endfacet
   facet normal -9.807852e-001 1.950906e-001 0.000000e+000
      outer loop
         vertex 3.044819e-001 9.928073e+001 5.000000e+000
         vertex 0.000000e+000 9.775000e+001 5.000000e+000
         vertex 0.000000e+000 9.775000e+001 2.496412e+001
      endloop
   endfacet
   facet normal -5.555691e-001 8.314704e-001 0.000000e+000
      outer loop
         vertex 2.469266e+000 1.014455e+002 3.500000e+001
         vertex 2.469266e+000 1.014455e+002 5.000000e+000
         vertex 1.171573e+000 1.005784e+002 5.000000e+000
      endloop
   endfacet
   facet normal -1.950901e-001 9.807853e-001 0.000000e+000
      outer loop
         vertex 2.469266e+000 1.014455e+002 5.000000e+000
         vertex 4.000000e+000 1.017500e+002 3.500000e+001
         vertex 4.000000e+000 1.017500e+002 5.000000e+000
      endloop
   endfacet
   facet normal -8.314707e-001 5.555686e-001 0.000000e+000
      outer loop
         vertex 3.044819e-001 9.928073e+001 5.000000e+000
         vertex 3.044819e-001 9.928073e+001 3.500000e+001
         vertex 1.171573e+000 1.005784e+002 3.500000e+001
      endloop
   endfacet
   facet normal -9.807852e-001 1.950906e-001 0.000000e+000
      outer loop
         vertex 3.044819e-001 9.928073e+001 3.500000e+001
         vertex 0.000000e+000 9.775000e+001 2.496412e+001
         vertex 0.000000e+000 9.775000e+001 3.500000e+001
      endloop
   endfacet
   facet normal -1.950901e-001 9.807853e-001 0.000000e+000
      outer loop
         vertex 4.000000e+000 1.017500e+002 3.500000e+001
         vertex 2.469266e+000 1.014455e+002 5.000000e+000
         vertex 2.469266e+000 1.014455e+002 3.500000e+001
      endloop
   endfacet
   facet normal -9.807852e-001 1.950906e-001 0.000000e+000
      outer loop
         vertex 3.044819e-001 9.928073e+001 5.000000e+000
         vertex 0.000000e+000 9.775000e+001 2.496412e+001
         vertex 3.044819e-001 9.928073e+001 3.500000e+001
      endloop
   endfacet
   facet normal -8.314707e-001 5.555686e-001 0.000000e+000
      outer loop
         vertex 1.171573e+000 1.005784e+002 3.500000e+001
         vertex 1.171573e+000 1.005784e+002 5.000000e+000
         vertex 3.044819e-001 9.928073e+001 5.000000e+000
      endloop
   endfacet
   facet normal -5.555691e-001 8.314704e-001 0.000000e+000
      outer loop
         vertex 1.171573e+000 1.005784e+002 3.500000e+001
         vertex 2.469266e+000 1.014455e+002 3.500000e+001
         vertex 1.171573e+000 1.005784e+002 5.000000e+000
      endloop
   endfacet
   facet normal 0.000000e+000 0.000000e+000 1.000000e+000
      outer loop
         vertex 3.044819e-001 9.928073e+001 3.500000e+001
         vertex 0.000000e+000 9.775000e+001 3.500000e+001
         vertex 1.171573e+000 1.005784e+002 3.500000e+001
      endloop
   endfacet
   facet normal 0.000000e+000 0.000000e+000 1.000000e+000
      outer loop
         vertex 1.250000e+001 9.775000e+001 3.500000e+001
         vertex 1.219552e+001 9.928073e+001 3.500000e+001
         vertex 1.132843e+001 1.005784e+002 3.500000e+001
      endloop
   endfacet
   facet normal 0.000000e+000 0.000000e+000 1.000000e+000
      outer loop
         vertex 1.003073e+001 1.014455e+002 3.500000e+001
         vertex 8.500000e+000 1.017500e+002 3.500000e+001
         vertex 1.132843e+001 1.005784e+002 3.500000e+001
      endloop
   endfacet
   facet normal 0.000000e+000 0.000000e+000 1.000000e+000
      outer loop
         vertex 2.469266e+000 1.014455e+002 3.500000e+001
         vertex 1.171573e+000 1.005784e+002 3.500000e+001
         vertex 4.000000e+000 1.017500e+002 3.500000e+001
      endloop
   endfacet
   facet normal 0.000000e+000 0.000000e+000 1.000000e+000
      outer loop
         vertex 1.132843e+001 1.005784e+002 3.500000e+001
         vertex 8.500000e+000 1.017500e+002 3.500000e+001
         vertex 1.250000e+001 9.775000e+001 3.500000e+001
      endloop
   endfacet
   facet normal 0.000000e+000 0.000000e+000 1.000000e+000
      outer loop
         vertex 0.000000e+000 9.775000e+001 3.500000e+001
         vertex 1.250000e+001 9.775000e+001 3.500000e+001
         vertex 8.500000e+000 1.017500e+002 3.500000e+001
      endloop
   endfacet
   facet normal 0.000000e+000 0.000000e+000 1.000000e+000
      outer loop
         vertex 1.171573e+000 1.005784e+002 3.500000e+001
         vertex 0.000000e+000 9.775000e+001 3.500000e+001
         vertex 4.000000e+000 1.017500e+002 3.500000e+001
      endloop
   endfacet
   facet normal 0.000000e+000 0.000000e+000 1.000000e+000
      outer loop
         vertex 4.000000e+000 1.017500e+002 3.500000e+001
         vertex 0.000000e+000 9.775000e+001 3.500000e+001
         vertex 8.500000e+000 1.017500e+002 3.500000e+001
      endloop
   endfacet
   facet normal 9.807853e-001 1.950904e-001 0.000000e+000
      outer loop
         vertex 1.250000e+001 9.775000e+001 2.496412e+001
         vertex 1.219552e+001 9.928073e+001 3.500000e+001
         vertex 1.250000e+001 9.775000e+001 3.500000e+001
      endloop
   endfacet
   facet normal 5.555691e-001 8.314704e-001 0.000000e+000
      outer loop
         vertex 1.132843e+001 1.005784e+002 5.000000e+000
         vertex 1.003073e+001 1.014455e+002 3.500000e+001
         vertex 1.132843e+001 1.005784e+002 3.500000e+001
      endloop
   endfacet
   facet normal 1.950901e-001 9.807853e-001 -0.000000e+000
      outer loop
         vertex 1.003073e+001 1.014455e+002 5.000000e+000
         vertex 8.500000e+000 1.017500e+002 5.000000e+000
         vertex 8.500000e+000 1.017500e+002 3.500000e+001
      endloop
   endfacet
   facet normal 8.314707e-001 5.555687e-001 0.000000e+000
      outer loop
         vertex 1.132843e+001 1.005784e+002 3.500000e+001
         vertex 1.219552e+001 9.928073e+001 5.000000e+000
         vertex 1.132843e+001 1.005784e+002 5.000000e+000
      endloop
   endfacet
   facet normal 9.807853e-001 1.950904e-001 0.000000e+000
      outer loop
         vertex 1.219552e+001 9.928073e+001 5.000000e+000
         vertex 1.250000e+001 9.775000e+001 2.496412e+001
         vertex 1.250000e+001 9.775000e+001 5.000000e+000
      endloop
   endfacet
   facet normal 1.950901e-001 9.807853e-001 -0.000000e+000
      outer loop
         vertex 1.003073e+001 1.014455e+002 3.500000e+001
         vertex 1.003073e+001 1.014455e+002 5.000000e+000
         vertex 8.500000e+000 1.017500e+002 3.500000e+001
      endloop
   endfacet
   facet normal 5.555691e-001 8.314704e-001 -0.000000e+000
      outer loop
         vertex 1.132843e+001 1.005784e+002 5.000000e+000
         vertex 1.003073e+001 1.014455e+002 5.000000e+000
         vertex 1.003073e+001 1.014455e+002 3.500000e+001
      endloop
   endfacet
   facet normal 8.314707e-001 5.555687e-001 0.000000e+000
      outer loop
         vertex 1.219552e+001 9.928073e+001 5.000000e+000
         vertex 1.132843e+001 1.005784e+002 3.500000e+001
         vertex 1.219552e+001 9.928073e+001 3.500000e+001
      endloop
   endfacet
   facet normal 9.807853e-001 1.950904e-001 0.000000e+000
      outer loop
         vertex 1.219552e+001 9.928073e+001 3.500000e+001
         vertex 1.250000e+001 9.775000e+001 2.496412e+001
         vertex 1.219552e+001 9.928073e+001 5.000000e+000
      endloop
   endfacet
   facet normal 0.000000e+000 0.000000e+000 1.000000e+000
      outer loop
         vertex 7.105427e-015 1.110000e+002 5.000000e+000
         vertex 0.000000e+000 9.775000e+001 5.000000e+000
         vertex 3.044819e-001 9.928073e+001 5.000000e+000
      endloop
   endfacet
   facet normal 0.000000e+000 -0.000000e+000 1.000000e+000
      outer loop
         vertex 1.171573e+000 1.005784e+002 5.000000e+000
         vertex 2.469266e+000 1.014455e+002 5.000000e+000
         vertex 3.122674e+000 1.075060e+002 5.000000e+000
      endloop
   endfacet
   facet normal 0.000000e+000 0.000000e+000 1.000000e+000
      outer loop
         vertex 4.000000e+000 1.017500e+002 5.000000e+000
         vertex 8.500000e+000 1.017500e+002 5.000000e+000
         vertex 6.250000e+000 1.060000e+002 5.000000e+000
      endloop
   endfacet
   facet normal 0.000000e+000 0.000000e+000 1.000000e+000
      outer loop
         vertex 1.003073e+001 1.014455e+002 5.000000e+000
         vertex 1.132843e+001 1.005784e+002 5.000000e+000
         vertex 9.377326e+000 1.075060e+002 5.000000e+000
      endloop
   endfacet
   facet normal 0.000000e+000 -0.000000e+000 1.000000e+000
      outer loop
         vertex 1.219552e+001 9.928073e+001 5.000000e+000
         vertex 1.250000e+001 9.775000e+001 5.000000e+000
         vertex 1.250000e+001 1.110000e+002 5.000000e+000
      endloop
   endfacet
   facet normal 0.000000e+000 0.000000e+000 1.000000e+000
      outer loop
         vertex 1.219552e+001 1.125307e+002 5.000000e+000
         vertex 1.132843e+001 1.138284e+002 5.000000e+000
         vertex 9.377326e+000 1.124940e+002 5.000000e+000
      endloop
   endfacet
   facet normal 0.000000e+000 0.000000e+000 1.000000e+000
      outer loop
         vertex 1.003073e+001 1.146955e+002 5.000000e+000
         vertex 8.500000e+000 1.150000e+002 5.000000e+000
         vertex 7.985535e+000 1.136039e+002 5.000000e+000
      endloop
   endfacet
   facet normal -0.000000e+000 0.000000e+000 1.000000e+000
      outer loop
         vertex 4.000000e+000 1.150000e+002 5.000000e+000
         vertex 2.469266e+000 1.146955e+002 5.000000e+000
         vertex 4.514465e+000 1.136039e+002 5.000000e+000
      endloop
   endfacet
   facet normal -0.000000e+000 0.000000e+000 1.000000e+000
      outer loop
         vertex 1.171573e+000 1.138284e+002 5.000000e+000
         vertex 3.044819e-001 1.125307e+002 5.000000e+000
         vertex 3.122674e+000 1.124940e+002 5.000000e+000
      endloop
   endfacet
   facet normal 0.000000e+000 0.000000e+000 1.000000e+000
      outer loop
         vertex 4.514465e+000 1.136039e+002 5.000000e+000
         vertex 6.250000e+000 1.140000e+002 5.000000e+000
         vertex 4.000000e+000 1.150000e+002 5.000000e+000
      endloop
   endfacet
   facet normal 0.000000e+000 -0.000000e+000 1.000000e+000
      outer loop
         vertex 7.985535e+000 1.136039e+002 5.000000e+000
         vertex 9.377326e+000 1.124940e+002 5.000000e+000
         vertex 1.003073e+001 1.146955e+002 5.000000e+000
      endloop
   endfacet
   facet normal 0.000000e+000 0.000000e+000 1.000000e+000
      outer loop
         vertex 1.014971e+001 1.108901e+002 5.000000e+000
         vertex 1.014971e+001 1.091099e+002 5.000000e+000
         vertex 1.250000e+001 1.110000e+002 5.000000e+000
      endloop
   endfacet
   facet normal -0.000000e+000 0.000000e+000 1.000000e+000
      outer loop
         vertex 9.377326e+000 1.075060e+002 5.000000e+000
         vertex 7.985535e+000 1.063961e+002 5.000000e+000
         vertex 1.003073e+001 1.014455e+002 5.000000e+000
      endloop
   endfacet
   facet normal 0.000000e+000 0.000000e+000 1.000000e+000
      outer loop
         vertex 6.250000e+000 1.060000e+002 5.000000e+000
         vertex 4.514465e+000 1.063961e+002 5.000000e+000
         vertex 4.000000e+000 1.017500e+002 5.000000e+000
      endloop
   endfacet
   facet normal 0.000000e+000 0.000000e+000 1.000000e+000
      outer loop
         vertex 3.122674e+000 1.075060e+002 5.000000e+000
         vertex 2.350288e+000 1.091099e+002 5.000000e+000
         vertex 7.105427e-015 1.110000e+002 5.000000e+000
      endloop
   endfacet
   facet normal 0.000000e+000 0.000000e+000 1.000000e+000
      outer loop
         vertex 2.350288e+000 1.108901e+002 5.000000e+000
         vertex 3.122674e+000 1.124940e+002 5.000000e+000
         vertex 3.044819e-001 1.125307e+002 5.000000e+000
      endloop
   endfacet
   facet normal 0.000000e+000 -0.000000e+000 1.000000e+000
      outer loop
         vertex 7.105427e-015 1.110000e+002 5.000000e+000
         vertex 3.044819e-001 9.928073e+001 5.000000e+000
         vertex 1.171573e+000 1.005784e+002 5.000000e+000
      endloop
   endfacet
   facet normal 0.000000e+000 0.000000e+000 1.000000e+000
      outer loop
         vertex 6.250000e+000 1.060000e+002 5.000000e+000
         vertex 8.500000e+000 1.017500e+002 5.000000e+000
         vertex 7.985535e+000 1.063961e+002 5.000000e+000
      endloop
   endfacet
   facet normal -0.000000e+000 0.000000e+000 1.000000e+000
      outer loop
         vertex 1.219552e+001 1.125307e+002 5.000000e+000
         vertex 9.377326e+000 1.124940e+002 5.000000e+000
         vertex 1.014971e+001 1.108901e+002 5.000000e+000
      endloop
   endfacet
   facet normal 0.000000e+000 0.000000e+000 1.000000e+000
      outer loop
         vertex 4.514465e+000 1.136039e+002 5.000000e+000
         vertex 2.469266e+000 1.146955e+002 5.000000e+000
         vertex 3.122674e+000 1.124940e+002 5.000000e+000
      endloop
   endfacet
   facet normal 0.000000e+000 0.000000e+000 1.000000e+000
      outer loop
         vertex 1.003073e+001 1.146955e+002 5.000000e+000
         vertex 9.377326e+000 1.124940e+002 5.000000e+000
         vertex 1.132843e+001 1.138284e+002 5.000000e+000
      endloop
   endfacet
   facet normal 0.000000e+000 0.000000e+000 1.000000e+000
      outer loop
         vertex 4.000000e+000 1.017500e+002 5.000000e+000
         vertex 4.514465e+000 1.063961e+002 5.000000e+000
         vertex 2.469266e+000 1.014455e+002 5.000000e+000
      endloop
   endfacet
   facet normal 0.000000e+000 0.000000e+000 1.000000e+000
      outer loop
         vertex 2.350288e+000 1.108901e+002 5.000000e+000
         vertex 3.044819e-001 1.125307e+002 5.000000e+000
         vertex 7.105427e-015 1.110000e+002 5.000000e+000
      endloop
   endfacet
   facet normal 0.000000e+000 0.000000e+000 1.000000e+000
      outer loop
         vertex 1.219552e+001 1.125307e+002 5.000000e+000
         vertex 1.014971e+001 1.108901e+002 5.000000e+000
         vertex 1.250000e+001 1.110000e+002 5.000000e+000
      endloop
   endfacet
   facet normal 0.000000e+000 0.000000e+000 1.000000e+000
      outer loop
         vertex 8.500000e+000 1.017500e+002 5.000000e+000
         vertex 1.003073e+001 1.014455e+002 5.000000e+000
         vertex 7.985535e+000 1.063961e+002 5.000000e+000
      endloop
   endfacet
   facet normal -0.000000e+000 0.000000e+000 1.000000e+000
      outer loop
         vertex 8.500000e+000 1.150000e+002 5.000000e+000
         vertex 4.000000e+000 1.150000e+002 5.000000e+000
         vertex 6.250000e+000 1.140000e+002 5.000000e+000
      endloop
   endfacet
   facet normal 0.000000e+000 -0.000000e+000 1.000000e+000
      outer loop
         vertex 6.250000e+000 1.140000e+002 5.000000e+000
         vertex 7.985535e+000 1.136039e+002 5.000000e+000
         vertex 8.500000e+000 1.150000e+002 5.000000e+000
      endloop
   endfacet
   facet normal 0.000000e+000 0.000000e+000 1.000000e+000
      outer loop
         vertex 4.514465e+000 1.063961e+002 5.000000e+000
         vertex 3.122674e+000 1.075060e+002 5.000000e+000
         vertex 2.469266e+000 1.014455e+002 5.000000e+000
      endloop
   endfacet
   facet normal 0.000000e+000 0.000000e+000 1.000000e+000
      outer loop
         vertex 1.171573e+000 1.005784e+002 5.000000e+000
         vertex 3.122674e+000 1.075060e+002 5.000000e+000
         vertex 7.105427e-015 1.110000e+002 5.000000e+000
      endloop
   endfacet
   facet normal 0.000000e+000 0.000000e+000 1.000000e+000
      outer loop
         vertex 1.219552e+001 9.928073e+001 5.000000e+000
         vertex 1.250000e+001 1.110000e+002 5.000000e+000
         vertex 1.132843e+001 1.005784e+002 5.000000e+000
      endloop
   endfacet
   facet normal 0.000000e+000 -0.000000e+000 1.000000e+000
      outer loop
         vertex 7.105427e-015 1.110000e+002 5.000000e+000
         vertex 2.350288e+000 1.091099e+002 5.000000e+000
         vertex 2.350288e+000 1.108901e+002 5.000000e+000
      endloop
   endfacet
   facet normal -0.000000e+000 0.000000e+000 1.000000e+000
      outer loop
         vertex 2.469266e+000 1.146955e+002 5.000000e+000
         vertex 1.171573e+000 1.138284e+002 5.000000e+000
         vertex 3.122674e+000 1.124940e+002 5.000000e+000
      endloop
   endfacet
   facet normal 0.000000e+000 -0.000000e+000 1.000000e+000
      outer loop
         vertex 9.377326e+000 1.075060e+002 5.000000e+000
         vertex 1.132843e+001 1.005784e+002 5.000000e+000
         vertex 1.250000e+001 1.110000e+002 5.000000e+000
      endloop
   endfacet
   facet normal 0.000000e+000 0.000000e+000 1.000000e+000
      outer loop
         vertex 9.377326e+000 1.075060e+002 5.000000e+000
         vertex 1.250000e+001 1.110000e+002 5.000000e+000
         vertex 1.014971e+001 1.091099e+002 5.000000e+000
      endloop
   endfacet
   facet normal 0.000000e+000 0.000000e+000 1.000000e+000
      outer loop
         vertex 0.000000e+000 9.775000e+001 2.496412e+001
         vertex 0.000000e+000 9.244849e+001 2.496412e+001
         vertex 1.250000e+001 9.244849e+001 2.496412e+001
      endloop
   endfacet
   facet normal 0.000000e+000 -0.000000e+000 1.000000e+000
      outer loop
         vertex 0.000000e+000 9.775000e+001 2.496412e+001
         vertex 1.250000e+001 9.244849e+001 2.496412e+001
         vertex 1.250000e+001 9.775000e+001 2.496412e+001
      endloop
   endfacet
   facet normal -1.000000e+000 0.000000e+000 0.000000e+000
      outer loop
         vertex 0.000000e+000 9.244849e+001 5.000000e+000
         vertex 0.000000e+000 9.244849e+001 2.496412e+001
         vertex 0.000000e+000 9.775000e+001 5.000000e+000
      endloop
   endfacet
   facet normal -1.000000e+000 0.000000e+000 0.000000e+000
      outer loop
         vertex 0.000000e+000 9.775000e+001 2.496412e+001
         vertex 0.000000e+000 9.775000e+001 5.000000e+000
         vertex 0.000000e+000 9.244849e+001 2.496412e+001
      endloop
   endfacet
   facet normal -1.000000e+000 4.427058e-017 -7.831332e-016
      outer loop
         vertex 4.736952e-015 1.110000e+002 0.000000e+000
         vertex 0.000000e+000 4.000000e+000 0.000000e+000
         vertex 0.000000e+000 9.244849e+001 5.000000e+000
      endloop
   endfacet
   facet normal -1.000000e+000 -0.000000e+000 0.000000e+000
      outer loop
         vertex 0.000000e+000 4.000000e+000 5.000000e+000
         vertex 0.000000e+000 9.244849e+001 5.000000e+000
         vertex 0.000000e+000 4.000000e+000 0.000000e+000
      endloop
   endfacet
   facet normal -1.000000e+000 5.362587e-016 4.736951e-016
      outer loop
         vertex 0.000000e+000 9.775000e+001 5.000000e+000
         vertex 7.105427e-015 1.110000e+002 5.000000e+000
         vertex 4.736952e-015 1.110000e+002 0.000000e+000
      endloop
   endfacet
   facet normal -1.000000e+000 0.000000e+000 -9.473903e-016
      outer loop
         vertex 4.736952e-015 1.110000e+002 0.000000e+000
         vertex 0.000000e+000 9.244849e+001 5.000000e+000
         vertex 0.000000e+000 9.775000e+001 5.000000e+000
      endloop
   endfacet
   facet normal -9.807853e-001 -1.950903e-001 -0.000000e+000
      outer loop
         vertex 3.044819e-001 2.469266e+000 0.000000e+000
         vertex 3.044819e-001 2.469266e+000 5.000000e+000
         vertex 0.000000e+000 4.000000e+000 5.000000e+000
      endloop
   endfacet
   facet normal -5.555703e-001 -8.314696e-001 -0.000000e+000
      outer loop
         vertex 2.469266e+000 3.044819e-001 0.000000e+000
         vertex 2.469266e+000 3.044819e-001 5.000000e+000
         vertex 1.171573e+000 1.171573e+000 5.000000e+000
      endloop
   endfacet
   facet normal -1.950903e-001 -9.807853e-001 0.000000e+000
      outer loop
         vertex 2.469266e+000 3.044819e-001 5.000000e+000
         vertex 4.000000e+000 0.000000e+000 0.000000e+000
         vertex 4.000000e+000 0.000000e+000 5.000000e+000
      endloop
   endfacet
   facet normal -8.314696e-001 -5.555703e-001 0.000000e+000
      outer loop
         vertex 3.044819e-001 2.469266e+000 5.000000e+000
         vertex 3.044819e-001 2.469266e+000 0.000000e+000
         vertex 1.171573e+000 1.171573e+000 0.000000e+000
      endloop
   endfacet
   facet normal -9.807853e-001 -1.950903e-001 -0.000000e+000
      outer loop
         vertex 3.044819e-001 2.469266e+000 0.000000e+000
         vertex 0.000000e+000 4.000000e+000 5.000000e+000
         vertex 0.000000e+000 4.000000e+000 0.000000e+000
      endloop
   endfacet
   facet normal -1.950903e-001 -9.807853e-001 0.000000e+000
      outer loop
         vertex 2.469266e+000 3.044819e-001 0.000000e+000
         vertex 4.000000e+000 0.000000e+000 0.000000e+000
         vertex 2.469266e+000 3.044819e-001 5.000000e+000
      endloop
   endfacet
   facet normal -8.314696e-001 -5.555703e-001 -0.000000e+000
      outer loop
         vertex 1.171573e+000 1.171573e+000 0.000000e+000
         vertex 1.171573e+000 1.171573e+000 5.000000e+000
         vertex 3.044819e-001 2.469266e+000 5.000000e+000
      endloop
   endfacet
   facet normal -5.555703e-001 -8.314696e-001 0.000000e+000
      outer loop
         vertex 1.171573e+000 1.171573e+000 0.000000e+000
         vertex 2.469266e+000 3.044819e-001 0.000000e+000
         vertex 1.171573e+000 1.171573e+000 5.000000e+000
      endloop
   endfacet
   facet normal 1.973730e-016 -1.000000e+000 -5.921189e-017
      outer loop
         vertex 4.000000e+000 0.000000e+000 0.000000e+000
         vertex 8.500000e+000 8.881784e-016 0.000000e+000
         vertex 8.500000e+000 5.921190e-016 5.000000e+000
      endloop
   endfacet
   facet normal 1.315820e-016 -1.000000e+000 0.000000e+000
      outer loop
         vertex 4.000000e+000 0.000000e+000 5.000000e+000
         vertex 4.000000e+000 0.000000e+000 0.000000e+000
         vertex 8.500000e+000 5.921190e-016 5.000000e+000
      endloop
   endfacet
   facet normal 1.950903e-001 -9.807853e-001 -5.807415e-017
      outer loop
         vertex 1.003073e+001 3.044819e-001 5.000000e+000
         vertex 8.500000e+000 5.921190e-016 5.000000e+000
         vertex 8.500000e+000 8.881784e-016 0.000000e+000
      endloop
   endfacet
   facet normal 5.555703e-001 -8.314696e-001 0.000000e+000
      outer loop
         vertex 1.003073e+001 3.044819e-001 0.000000e+000
         vertex 1.132843e+001 1.171573e+000 0.000000e+000
         vertex 1.003073e+001 3.044819e-001 5.000000e+000
      endloop
   endfacet
   facet normal 9.807853e-001 -1.950901e-001 0.000000e+000
      outer loop
         vertex 1.219552e+001 2.469266e+000 0.000000e+000
         vertex 1.250000e+001 4.000000e+000 1.480297e-016
         vertex 1.250000e+001 4.000000e+000 5.000000e+000
      endloop
   endfacet
   facet normal 8.314695e-001 -5.555704e-001 0.000000e+000
      outer loop
         vertex 1.219552e+001 2.469266e+000 5.000000e+000
         vertex 1.132843e+001 1.171573e+000 5.000000e+000
         vertex 1.132843e+001 1.171573e+000 0.000000e+000
      endloop
   endfacet
   facet normal 1.950903e-001 -9.807853e-001 0.000000e+000
      outer loop
         vertex 1.003073e+001 3.044819e-001 5.000000e+000
         vertex 8.500000e+000 8.881784e-016 0.000000e+000
         vertex 1.003073e+001 3.044819e-001 0.000000e+000
      endloop
   endfacet
   facet normal 8.314695e-001 -5.555704e-001 0.000000e+000
      outer loop
         vertex 1.219552e+001 2.469266e+000 5.000000e+000
         vertex 1.132843e+001 1.171573e+000 0.000000e+000
         vertex 1.219552e+001 2.469266e+000 0.000000e+000
      endloop
   endfacet
   facet normal 9.807853e-001 -1.950901e-001 0.000000e+000
      outer loop
         vertex 1.250000e+001 4.000000e+000 5.000000e+000
         vertex 1.219552e+001 2.469266e+000 5.000000e+000
         vertex 1.219552e+001 2.469266e+000 0.000000e+000
      endloop
   endfacet
   facet normal 5.555703e-001 -8.314696e-001 0.000000e+000
      outer loop
         vertex 1.003073e+001 3.044819e-001 5.000000e+000
         vertex 1.132843e+001 1.171573e+000 0.000000e+000
         vertex 1.132843e+001 1.171573e+000 5.000000e+000
      endloop
   endfacet
   facet normal 1.000000e+000 0.000000e+000 0.000000e+000
      outer loop
         vertex 1.250000e+001 2.250000e+001 0.000000e+000
         vertex 1.250000e+001 2.250000e+001 5.000000e+000
         vertex 1.250000e+001 4.000000e+000 5.000000e+000
      endloop
   endfacet
   facet normal 1.000000e+000 0.000000e+000 0.000000e+000
      outer loop
         vertex 1.250000e+001 2.250000e+001 0.000000e+000
         vertex 1.250000e+001 4.000000e+000 5.000000e+000
         vertex 1.250000e+001 4.000000e+000 1.480297e-016
      endloop
   endfacet
   facet normal 0.000000e+000 -1.000000e+000 0.000000e+000
      outer loop
         vertex 1.250000e+001 2.250000e+001 0.000000e+000
         vertex 6.250000e+001 2.250000e+001 0.000000e+000
         vertex 6.250000e+001 2.250000e+001 5.000000e+000
      endloop
   endfacet
   facet normal -0.000000e+000 -1.000000e+000 0.000000e+000
      outer loop
         vertex 1.250000e+001 2.250000e+001 0.000000e+000
         vertex 6.250000e+001 2.250000e+001 5.000000e+000
         vertex 1.250000e+001 2.250000e+001 5.000000e+000
      endloop
   endfacet
   facet normal -1.000000e+000 0.000000e+000 0.000000e+000
      outer loop
         vertex 6.250000e+001 2.250000e+001 5.000000e+000
         vertex 6.250000e+001 2.250000e+001 0.000000e+000
         vertex 6.250000e+001 4.000000e+000 1.480297e-016
      endloop
   endfacet
   facet normal -1.000000e+000 0.000000e+000 0.000000e+000
      outer loop
         vertex 6.250000e+001 2.250000e+001 5.000000e+000
         vertex 6.250000e+001 4.000000e+000 1.480297e-016
         vertex 6.250000e+001 4.000000e+000 5.000000e+000
      endloop
   endfacet
   facet normal -1.950906e-001 -9.807852e-001 0.000000e+000
      outer loop
         vertex 6.496927e+001 3.044819e-001 0.000000e+000
         vertex 6.650000e+001 0.000000e+000 0.000000e+000
         vertex 6.650000e+001 0.000000e+000 5.000000e+000
      endloop
   endfacet
   facet normal -5.555697e-001 -8.314699e-001 0.000000e+000
      outer loop
         vertex 6.496927e+001 3.044819e-001 5.000000e+000
         vertex 6.367157e+001 1.171573e+000 5.000000e+000
         vertex 6.496927e+001 3.044819e-001 0.000000e+000
      endloop
   endfacet
   facet normal -9.807853e-001 -1.950901e-001 -0.000000e+000
      outer loop
         vertex 6.280448e+001 2.469266e+000 5.000000e+000
         vertex 6.250000e+001 4.000000e+000 5.000000e+000
         vertex 6.250000e+001 4.000000e+000 1.480297e-016
      endloop
   endfacet
   facet normal -8.314693e-001 -5.555708e-001 0.000000e+000
      outer loop
         vertex 6.280448e+001 2.469266e+000 0.000000e+000
         vertex 6.367157e+001 1.171573e+000 0.000000e+000
         vertex 6.367157e+001 1.171573e+000 5.000000e+000
      endloop
   endfacet
   facet normal -1.950906e-001 -9.807852e-001 0.000000e+000
      outer loop
         vertex 6.496927e+001 3.044819e-001 0.000000e+000
         vertex 6.650000e+001 0.000000e+000 5.000000e+000
         vertex 6.496927e+001 3.044819e-001 5.000000e+000
      endloop
   endfacet
   facet normal -8.314693e-001 -5.555708e-001 0.000000e+000
      outer loop
         vertex 6.280448e+001 2.469266e+000 0.000000e+000
         vertex 6.367157e+001 1.171573e+000 5.000000e+000
         vertex 6.280448e+001 2.469266e+000 5.000000e+000
      endloop
   endfacet
   facet normal -9.807853e-001 -1.950901e-001 0.000000e+000
      outer loop
         vertex 6.250000e+001 4.000000e+000 1.480297e-016
         vertex 6.280448e+001 2.469266e+000 0.000000e+000
         vertex 6.280448e+001 2.469266e+000 5.000000e+000
      endloop
   endfacet
   facet normal -5.555697e-001 -8.314699e-001 -0.000000e+000
      outer loop
         vertex 6.496927e+001 3.044819e-001 0.000000e+000
         vertex 6.367157e+001 1.171573e+000 5.000000e+000
         vertex 6.367157e+001 1.171573e+000 0.000000e+000
      endloop
   endfacet
   facet normal 0.000000e+000 -1.000000e+000 0.000000e+000
      outer loop
         vertex 7.100000e+001 0.000000e+000 5.000000e+000
         vertex 6.650000e+001 0.000000e+000 5.000000e+000
         vertex 6.650000e+001 0.000000e+000 0.000000e+000
      endloop
   endfacet
   facet normal 0.000000e+000 -1.000000e+000 -0.000000e+000
      outer loop
         vertex 7.100000e+001 0.000000e+000 0.000000e+000
         vertex 7.100000e+001 0.000000e+000 5.000000e+000
         vertex 6.650000e+001 0.000000e+000 0.000000e+000
      endloop
   endfacet
   facet normal 1.950906e-001 -9.807852e-001 0.000000e+000
      outer loop
         vertex 7.253073e+001 3.044819e-001 0.000000e+000
         vertex 7.253073e+001 3.044819e-001 5.000000e+000
         vertex 7.100000e+001 0.000000e+000 5.000000e+000
      endloop
   endfacet
   facet normal 8.314704e-001 -5.555691e-001 0.000000e+000
      outer loop
         vertex 7.469552e+001 2.469266e+000 0.000000e+000
         vertex 7.469552e+001 2.469266e+000 5.000000e+000
         vertex 7.382843e+001 1.171573e+000 5.000000e+000
      endloop
   endfacet
   facet normal 9.807853e-001 -1.950901e-001 0.000000e+000
      outer loop
         vertex 7.469552e+001 2.469266e+000 5.000000e+000
         vertex 7.500000e+001 4.000000e+000 0.000000e+000
         vertex 7.500000e+001 4.000000e+000 5.000000e+000
      endloop
   endfacet
   facet normal 5.555686e-001 -8.314707e-001 0.000000e+000
      outer loop
         vertex 7.253073e+001 3.044819e-001 5.000000e+000
         vertex 7.253073e+001 3.044819e-001 0.000000e+000
         vertex 7.382843e+001 1.171573e+000 0.000000e+000
      endloop
   endfacet
   facet normal 1.950906e-001 -9.807852e-001 0.000000e+000
      outer loop
         vertex 7.253073e+001 3.044819e-001 0.000000e+000
         vertex 7.100000e+001 0.000000e+000 5.000000e+000
         vertex 7.100000e+001 0.000000e+000 0.000000e+000
      endloop
   endfacet
   facet normal 9.807853e-001 -1.950901e-001 0.000000e+000
      outer loop
         vertex 7.469552e+001 2.469266e+000 0.000000e+000
         vertex 7.500000e+001 4.000000e+000 0.000000e+000
         vertex 7.469552e+001 2.469266e+000 5.000000e+000
      endloop
   endfacet
   facet normal 5.555686e-001 -8.314707e-001 0.000000e+000
      outer loop
         vertex 7.382843e+001 1.171573e+000 0.000000e+000
         vertex 7.382843e+001 1.171573e+000 5.000000e+000
         vertex 7.253073e+001 3.044819e-001 5.000000e+000
      endloop
   endfacet
   facet normal 8.314704e-001 -5.555691e-001 0.000000e+000
      outer loop
         vertex 7.382843e+001 1.171573e+000 0.000000e+000
         vertex 7.469552e+001 2.469266e+000 0.000000e+000
         vertex 7.382843e+001 1.171573e+000 5.000000e+000
      endloop
   endfacet
   facet normal 1.000000e+000 0.000000e+000 0.000000e+000
      outer loop
         vertex 7.500000e+001 4.000000e+000 0.000000e+000
         vertex 7.500000e+001 1.110000e+002 0.000000e+000
         vertex 7.500000e+001 4.261114e+001 5.000000e+000
      endloop
   endfacet
   facet normal 1.000000e+000 -0.000000e+000 0.000000e+000
      outer loop
         vertex 7.500000e+001 1.110000e+002 5.000000e+000
         vertex 7.500000e+001 7.261114e+001 5.000000e+000
         vertex 7.500000e+001 1.110000e+002 0.000000e+000
      endloop
   endfacet
   facet normal 1.000000e+000 0.000000e+000 0.000000e+000
      outer loop
         vertex 7.500000e+001 4.000000e+000 5.000000e+000
         vertex 7.500000e+001 4.000000e+000 0.000000e+000
         vertex 7.500000e+001 4.261114e+001 5.000000e+000
      endloop
   endfacet
   facet normal 1.000000e+000 -0.000000e+000 0.000000e+000
      outer loop
         vertex 7.500000e+001 7.261114e+001 5.000000e+000
         vertex 7.500000e+001 4.261114e+001 5.000000e+000
         vertex 7.500000e+001 1.110000e+002 0.000000e+000
      endloop
   endfacet
   facet normal -3.667968e-003 -9.022305e-002 -9.959148e-001
      outer loop
         vertex 7.373949e+001 3.604966e+001 1.286960e+001
         vertex 7.371861e+001 3.461114e+001 1.300000e+001
         vertex 6.497534e+001 3.523881e+001 1.297534e+001
      endloop
   endfacet
   facet normal 0.000000e+000 -1.963270e-002 -9.998073e-001
      outer loop
         vertex 6.500000e+001 3.461114e+001 1.300000e+001
         vertex 6.499384e+001 3.492522e+001 1.299383e+001
         vertex 7.371861e+001 3.461114e+001 1.300000e+001
      endloop
   endfacet
   facet normal -6.740884e-004 -1.371048e-001 -9.905563e-001
      outer loop
         vertex 6.494455e+001 3.555144e+001 1.294455e+001
         vertex 6.490150e+001 3.586262e+001 1.290151e+001
         vertex 7.373949e+001 3.604966e+001 1.286960e+001
      endloop
   endfacet
   facet normal -3.846080e-004 -2.143901e-001 -9.767480e-001
      outer loop
         vertex 6.484628e+001 3.617186e+001 1.284628e+001
         vertex 6.477896e+001 3.647870e+001 1.277896e+001
         vertex 7.373949e+001 3.604966e+001 1.286960e+001
      endloop
   endfacet
   facet normal -5.683582e-003 -2.918625e-001 -9.564434e-001
      outer loop
         vertex 6.469964e+001 3.678267e+001 1.269964e+001
         vertex 6.460845e+001 3.708327e+001 1.260845e+001
         vertex 7.373949e+001 3.604966e+001 1.286960e+001
      endloop
   endfacet
   facet normal -2.884257e-003 -3.654484e-001 -9.308271e-001
      outer loop
         vertex 6.450553e+001 3.738008e+001 1.250553e+001
         vertex 6.439104e+001 3.767261e+001 1.239104e+001
         vertex 7.385112e+001 3.815411e+001 1.217268e+001
      endloop
   endfacet
   facet normal 1.379208e-004 -4.363559e-001 -8.997742e-001
      outer loop
         vertex 6.426514e+001 3.796042e+001 1.226515e+001
         vertex 6.412805e+001 3.824306e+001 1.212805e+001
         vertex 7.385112e+001 3.815411e+001 1.217268e+001
      endloop
   endfacet
   facet normal -1.946813e-003 -5.065052e-001 -8.622347e-001
      outer loop
         vertex 6.397997e+001 3.852011e+001 1.197997e+001
         vertex 6.382112e+001 3.879113e+001 1.182112e+001
         vertex 7.385112e+001 3.815411e+001 1.217268e+001
      endloop
   endfacet
   facet normal -5.781406e-003 -5.744877e-001 -8.184928e-001
      outer loop
         vertex 6.365176e+001 3.905570e+001 1.165176e+001
         vertex 6.347214e+001 3.931342e+001 1.147214e+001
         vertex 7.405097e+001 3.998650e+001 1.092499e+001
      endloop
   endfacet
   facet normal -7.452908e-004 -6.347589e-001 -7.727099e-001
      outer loop
         vertex 6.328254e+001 3.956389e+001 1.128254e+001
         vertex 6.308325e+001 3.980672e+001 1.108325e+001
         vertex 7.405097e+001 3.998650e+001 1.092499e+001
      endloop
   endfacet
   facet normal -1.631160e-004 -6.931691e-001 -7.207750e-001
      outer loop
         vertex 6.287458e+001 4.004155e+001 1.087458e+001
         vertex 6.265685e+001 4.026799e+001 1.065685e+001
         vertex 7.405097e+001 3.998650e+001 1.092499e+001
      endloop
   endfacet
   facet normal -4.023278e-003 -7.494961e-001 -6.619966e-001
      outer loop
         vertex 6.243040e+001 4.048572e+001 1.043041e+001
         vertex 6.219558e+001 4.069439e+001 1.019558e+001
         vertex 7.405097e+001 3.998650e+001 1.092499e+001
      endloop
   endfacet
   facet normal -2.465428e-003 -7.985064e-001 -6.019813e-001
      outer loop
         vertex 6.195275e+001 4.089368e+001 9.952751e+000
         vertex 6.170228e+001 4.108327e+001 9.702282e+000
         vertex 7.432369e+001 4.140613e+001 9.222338e+000
      endloop
   endfacet
   facet normal 6.266814e-005 -8.421878e-001 -5.391843e-001
      outer loop
         vertex 6.144456e+001 4.126290e+001 9.444562e+000
         vertex 6.117999e+001 4.143226e+001 9.179989e+000
         vertex 7.432369e+001 4.140613e+001 9.222338e+000
      endloop
   endfacet
   facet normal -1.177138e-003 -8.824066e-001 -4.704862e-001
      outer loop
         vertex 6.090897e+001 4.159111e+001 8.908970e+000
         vertex 6.063192e+001 4.173919e+001 8.631924e+000
         vertex 7.432369e+001 4.140613e+001 9.222338e+000
      endloop
   endfacet
   facet normal -4.573139e-003 -9.178473e-001 -3.969073e-001
      outer loop
         vertex 6.034928e+001 4.187629e+001 8.349277e+000
         vertex 6.006147e+001 4.200218e+001 8.061467e+000
         vertex 7.464835e+001 4.230399e+001 7.195460e+000
      endloop
   endfacet
   facet normal -7.060695e-004 -9.450251e-001 -3.269971e-001
      outer loop
         vertex 5.976894e+001 4.211667e+001 7.768937e+000
         vertex 5.947214e+001 4.221959e+001 7.472136e+000
         vertex 7.464835e+001 4.230399e+001 7.195460e+000
      endloop
   endfacet
   facet normal -3.431071e-005 -9.676093e-001 -2.524526e-001
      outer loop
         vertex 5.917152e+001 4.231078e+001 7.171524e+000
         vertex 5.886756e+001 4.239010e+001 6.867563e+000
         vertex 7.464835e+001 4.230399e+001 7.195460e+000
      endloop
   endfacet
   facet normal -2.555122e-003 -9.848640e-001 -1.733101e-001
      outer loop
         vertex 5.856072e+001 4.245742e+001 6.560722e+000
         vertex 5.825148e+001 4.251265e+001 6.251476e+000
         vertex 7.464835e+001 4.230399e+001 7.195460e+000
      endloop
   endfacet
   facet normal -2.054953e-003 -9.953806e-001 -9.598539e-002
      outer loop
         vertex 5.794030e+001 4.255569e+001 5.940299e+000
         vertex 5.762767e+001 4.258648e+001 5.627673e+000
         vertex 7.500000e+001 4.261114e+001 5.000000e+000
      endloop
   endfacet
   facet normal 0.000000e+000 -9.998072e-001 -1.963579e-002
      outer loop
         vertex 5.731408e+001 4.260497e+001 5.314078e+000
         vertex 5.700000e+001 4.261114e+001 5.000000e+000
         vertex 7.500000e+001 4.261114e+001 5.000000e+000
      endloop
   endfacet
   facet normal -5.401341e-003 -9.139746e-001 -4.057355e-001
      outer loop
         vertex 7.464835e+001 4.230399e+001 7.195460e+000
         vertex 7.432369e+001 4.140613e+001 9.222338e+000
         vertex 6.034928e+001 4.187629e+001 8.349277e+000
      endloop
   endfacet
   facet normal -7.466430e-003 -5.622516e-001 -8.269325e-001
      outer loop
         vertex 7.405097e+001 3.998650e+001 1.092499e+001
         vertex 7.385112e+001 3.815411e+001 1.217268e+001
         vertex 6.365176e+001 3.905570e+001 1.165176e+001
      endloop
   endfacet
   facet normal -2.911450e-003 -9.830055e-002 -9.951525e-001
      outer loop
         vertex 7.373949e+001 3.604966e+001 1.286960e+001
         vertex 6.497534e+001 3.523881e+001 1.297534e+001
         vertex 6.494455e+001 3.555144e+001 1.294455e+001
      endloop
   endfacet
   facet normal 1.662603e-004 -1.757677e-001 -9.844316e-001
      outer loop
         vertex 7.373949e+001 3.604966e+001 1.286960e+001
         vertex 6.490150e+001 3.586262e+001 1.290151e+001
         vertex 6.484628e+001 3.617186e+001 1.284628e+001
      endloop
   endfacet
   facet normal -8.386787e-003 -3.139628e-001 -9.493982e-001
      outer loop
         vertex 7.373949e+001 3.604966e+001 1.286960e+001
         vertex 6.460845e+001 3.708327e+001 1.260845e+001
         vertex 7.385112e+001 3.815411e+001 1.217268e+001
      endloop
   endfacet
   facet normal -7.333058e-004 -4.010166e-001 -9.160705e-001
      outer loop
         vertex 6.426514e+001 3.796042e+001 1.226515e+001
         vertex 7.385112e+001 3.815411e+001 1.217268e+001
         vertex 6.439104e+001 3.767261e+001 1.239104e+001
      endloop
   endfacet
   facet normal -2.703255e-003 -6.048533e-001 -7.963323e-001
      outer loop
         vertex 7.405097e+001 3.998650e+001 1.092499e+001
         vertex 6.347214e+001 3.931342e+001 1.147214e+001
         vertex 6.328254e+001 3.956389e+001 1.128254e+001
      endloop
   endfacet
   facet normal -1.536308e-003 -7.216181e-001 -6.922897e-001
      outer loop
         vertex 7.405097e+001 3.998650e+001 1.092499e+001
         vertex 6.265685e+001 4.026799e+001 1.065685e+001
         vertex 6.243040e+001 4.048572e+001 1.043041e+001
      endloop
   endfacet
   facet normal -7.299950e-004 -8.207408e-001 -5.713003e-001
      outer loop
         vertex 7.432369e+001 4.140613e+001 9.222338e+000
         vertex 6.170228e+001 4.108327e+001 9.702282e+000
         vertex 6.144456e+001 4.126290e+001 9.444562e+000
      endloop
   endfacet
   facet normal -3.211293e-003 -9.010016e-001 -4.338038e-001
      outer loop
         vertex 7.432369e+001 4.140613e+001 9.222338e+000
         vertex 6.063192e+001 4.173919e+001 8.631924e+000
         vertex 6.034928e+001 4.187629e+001 8.349277e+000
      endloop
   endfacet
   facet normal 2.893179e-005 -9.569318e-001 -2.903128e-001
      outer loop
         vertex 7.464835e+001 4.230399e+001 7.195460e+000
         vertex 5.947214e+001 4.221959e+001 7.472136e+000
         vertex 5.917152e+001 4.231078e+001 7.171524e+000
      endloop
   endfacet
   facet normal -4.583173e-003 -9.902435e-001 -1.392723e-001
      outer loop
         vertex 7.464835e+001 4.230399e+001 7.195460e+000
         vertex 5.825148e+001 4.251265e+001 6.251476e+000
         vertex 7.500000e+001 4.261114e+001 5.000000e+000
      endloop
   endfacet
   facet normal -6.851608e-004 -9.983054e-001 -5.818807e-002
      outer loop
         vertex 5.731408e+001 4.260497e+001 5.314078e+000
         vertex 7.500000e+001 4.261114e+001 5.000000e+000
         vertex 5.762767e+001 4.258648e+001 5.627673e+000
      endloop
   endfacet
   facet normal -1.416630e-003 -5.895471e-002 -9.982597e-001
      outer loop
         vertex 6.499384e+001 3.492522e+001 1.299383e+001
         vertex 6.497534e+001 3.523881e+001 1.297534e+001
         vertex 7.371861e+001 3.461114e+001 1.300000e+001
      endloop
   endfacet
   facet normal -6.327950e-003 -3.295798e-001 -9.441065e-001
      outer loop
         vertex 6.460845e+001 3.708327e+001 1.260845e+001
         vertex 6.450553e+001 3.738008e+001 1.250553e+001
         vertex 7.385112e+001 3.815411e+001 1.217268e+001
      endloop
   endfacet
   facet normal -4.912762e-003 -5.413614e-001 -8.407756e-001
      outer loop
         vertex 6.382112e+001 3.879113e+001 1.182112e+001
         vertex 6.365176e+001 3.905570e+001 1.165176e+001
         vertex 7.385112e+001 3.815411e+001 1.217268e+001
      endloop
   endfacet
   facet normal -5.148795e-003 -7.755199e-001 -6.313021e-001
      outer loop
         vertex 6.219558e+001 4.069439e+001 1.019558e+001
         vertex 6.195275e+001 4.089368e+001 9.952751e+000
         vertex 7.432369e+001 4.140613e+001 9.222338e+000
      endloop
   endfacet
   facet normal -2.239784e-003 -9.319707e-001 -3.625268e-001
      outer loop
         vertex 6.006147e+001 4.200218e+001 8.061467e+000
         vertex 5.976894e+001 4.211667e+001 7.768937e+000
         vertex 7.464835e+001 4.230399e+001 7.195460e+000
      endloop
   endfacet
   facet normal -4.107914e-003 -9.911102e-001 -1.329801e-001
      outer loop
         vertex 5.825148e+001 4.251265e+001 6.251476e+000
         vertex 5.794030e+001 4.255569e+001 5.940299e+000
         vertex 7.500000e+001 4.261114e+001 5.000000e+000
      endloop
   endfacet
   facet normal -2.330129e-003 -2.530575e-001 -9.674484e-001
      outer loop
         vertex 7.373949e+001 3.604966e+001 1.286960e+001
         vertex 6.477896e+001 3.647870e+001 1.277896e+001
         vertex 6.469964e+001 3.678267e+001 1.269964e+001
      endloop
   endfacet
   facet normal 1.003374e-004 -6.642032e-001 -7.475521e-001
      outer loop
         vertex 7.405097e+001 3.998650e+001 1.092499e+001
         vertex 6.308325e+001 3.980672e+001 1.108325e+001
         vertex 6.287458e+001 4.004155e+001 1.087458e+001
      endloop
   endfacet
   facet normal -8.652285e-005 -8.627763e-001 -5.055859e-001
      outer loop
         vertex 6.090897e+001 4.159111e+001 8.908970e+000
         vertex 7.432369e+001 4.140613e+001 9.222338e+000
         vertex 6.117999e+001 4.143226e+001 9.179989e+000
      endloop
   endfacet
   facet normal -2.658926e-004 -4.715058e-001 -8.818629e-001
      outer loop
         vertex 6.412805e+001 3.824306e+001 1.212805e+001
         vertex 6.397997e+001 3.852011e+001 1.197997e+001
         vertex 7.385112e+001 3.815411e+001 1.217268e+001
      endloop
   endfacet
   facet normal -6.393692e-003 -7.675346e-001 -6.409757e-001
      outer loop
         vertex 7.432369e+001 4.140613e+001 9.222338e+000
         vertex 7.405097e+001 3.998650e+001 1.092499e+001
         vertex 6.219558e+001 4.069439e+001 1.019558e+001
      endloop
   endfacet
   facet normal -8.954217e-004 -9.769508e-001 -2.134629e-001
      outer loop
         vertex 5.856072e+001 4.245742e+001 6.560722e+000
         vertex 7.464835e+001 4.230399e+001 7.195460e+000
         vertex 5.886756e+001 4.239010e+001 6.867563e+000
      endloop
   endfacet
   facet normal 0.000000e+000 -1.000000e+000 0.000000e+000
      outer loop
         vertex 4.300000e+001 4.261114e+001 5.000000e+000
         vertex 5.700000e+001 4.261114e+001 5.000000e+000
         vertex 4.300000e+001 4.261114e+001 8.000000e+000
      endloop
   endfacet
   facet normal 0.000000e+000 -1.000000e+000 0.000000e+000
      outer loop
         vertex 5.700000e+001 4.261114e+001 3.166432e+001
         vertex 5.301378e+001 4.261114e+001 2.898734e+001
         vertex 5.700000e+001 4.261114e+001 5.000000e+000
      endloop
   endfacet
   facet normal 0.000000e+000 -1.000000e+000 0.000000e+000
      outer loop
         vertex 4.676210e+001 4.261114e+001 2.174773e+001
         vertex 4.469436e+001 4.261114e+001 1.741406e+001
         vertex 5.700000e+001 4.261114e+001 5.000000e+000
      endloop
   endfacet
   facet normal 0.000000e+000 -1.000000e+000 0.000000e+000
      outer loop
         vertex 4.342697e+001 4.261114e+001 1.278266e+001
         vertex 4.300000e+001 4.261114e+001 8.000000e+000
         vertex 5.700000e+001 4.261114e+001 5.000000e+000
      endloop
   endfacet
   facet normal 0.000000e+000 -1.000000e+000 0.000000e+000
      outer loop
         vertex 4.676210e+001 4.261114e+001 2.174773e+001
         vertex 5.700000e+001 4.261114e+001 5.000000e+000
         vertex 4.956479e+001 4.261114e+001 2.564659e+001
      endloop
   endfacet
   facet normal 0.000000e+000 -1.000000e+000 0.000000e+000
      outer loop
         vertex 4.956479e+001 4.261114e+001 2.564659e+001
         vertex 5.700000e+001 4.261114e+001 5.000000e+000
         vertex 5.301378e+001 4.261114e+001 2.898734e+001
      endloop
   endfacet
   facet normal 0.000000e+000 -1.000000e+000 0.000000e+000
      outer loop
         vertex 4.469436e+001 4.261114e+001 1.741406e+001
         vertex 4.342697e+001 4.261114e+001 1.278266e+001
         vertex 5.700000e+001 4.261114e+001 5.000000e+000
      endloop
   endfacet
   facet normal -1.000000e+000 -0.000000e+000 -0.000000e+000
      outer loop
         vertex 4.300000e+001 4.261114e+001 8.000000e+000
         vertex 4.300000e+001 7.261114e+001 8.000000e+000
         vertex 4.300000e+001 7.261114e+001 5.000000e+000
      endloop
   endfacet
   facet normal -1.000000e+000 0.000000e+000 0.000000e+000
      outer loop
         vertex 4.300000e+001 4.261114e+001 5.000000e+000
         vertex 4.300000e+001 4.261114e+001 8.000000e+000
         vertex 4.300000e+001 7.261114e+001 5.000000e+000
      endloop
   endfacet
   facet normal 0.000000e+000 1.000000e+000 0.000000e+000
      outer loop
         vertex 5.301378e+001 7.261114e+001 2.898734e+001
         vertex 5.700000e+001 7.261114e+001 3.166432e+001
         vertex 5.700000e+001 7.261114e+001 5.000000e+000
      endloop
   endfacet
   facet normal 0.000000e+000 1.000000e+000 0.000000e+000
      outer loop
         vertex 4.300000e+001 7.261114e+001 5.000000e+000
         vertex 4.300000e+001 7.261114e+001 8.000000e+000
         vertex 5.700000e+001 7.261114e+001 5.000000e+000
      endloop
   endfacet
   facet normal 0.000000e+000 1.000000e+000 0.000000e+000
      outer loop
         vertex 4.469436e+001 7.261114e+001 1.741406e+001
         vertex 4.676210e+001 7.261114e+001 2.174773e+001
         vertex 5.700000e+001 7.261114e+001 5.000000e+000
      endloop
   endfacet
   facet normal 0.000000e+000 1.000000e+000 0.000000e+000
      outer loop
         vertex 4.956479e+001 7.261114e+001 2.564659e+001
         vertex 5.301378e+001 7.261114e+001 2.898734e+001
         vertex 5.700000e+001 7.261114e+001 5.000000e+000
      endloop
   endfacet
   facet normal 0.000000e+000 1.000000e+000 0.000000e+000
      outer loop
         vertex 4.469436e+001 7.261114e+001 1.741406e+001
         vertex 5.700000e+001 7.261114e+001 5.000000e+000
         vertex 4.342697e+001 7.261114e+001 1.278266e+001
      endloop
   endfacet
   facet normal 0.000000e+000 1.000000e+000 0.000000e+000
      outer loop
         vertex 4.342697e+001 7.261114e+001 1.278266e+001
         vertex 5.700000e+001 7.261114e+001 5.000000e+000
         vertex 4.300000e+001 7.261114e+001 8.000000e+000
      endloop
   endfacet
   facet normal 0.000000e+000 1.000000e+000 0.000000e+000
      outer loop
         vertex 4.676210e+001 7.261114e+001 2.174773e+001
         vertex 4.956479e+001 7.261114e+001 2.564659e+001
         vertex 5.700000e+001 7.261114e+001 5.000000e+000
      endloop
   endfacet
   facet normal 0.000000e+000 1.963270e-002 -9.998073e-001
      outer loop
         vertex 6.499384e+001 8.029706e+001 1.299383e+001
         vertex 6.500000e+001 8.061114e+001 1.300000e+001
         vertex 7.371861e+001 8.061114e+001 1.300000e+001
      endloop
   endfacet
   facet normal -8.386787e-003 3.139628e-001 -9.493982e-001
      outer loop
         vertex 7.373949e+001 7.917262e+001 1.286960e+001
         vertex 7.385112e+001 7.706818e+001 1.217268e+001
         vertex 6.460845e+001 7.813901e+001 1.260845e+001
      endloop
   endfacet
   facet normal -6.393692e-003 7.675346e-001 -6.409757e-001
      outer loop
         vertex 7.405097e+001 7.523579e+001 1.092499e+001
         vertex 7.432369e+001 7.381615e+001 9.222338e+000
         vertex 6.219558e+001 7.452789e+001 1.019558e+001
      endloop
   endfacet
   facet normal -4.583173e-003 9.902435e-001 -1.392723e-001
      outer loop
         vertex 7.464835e+001 7.291829e+001 7.195460e+000
         vertex 7.500000e+001 7.261114e+001 5.000000e+000
         vertex 5.825148e+001 7.270963e+001 6.251476e+000
      endloop
   endfacet
   facet normal 0.000000e+000 9.998070e-001 -1.964793e-002
      outer loop
         vertex 5.700000e+001 7.261114e+001 5.000000e+000
         vertex 5.731408e+001 7.261731e+001 5.314078e+000
         vertex 7.500000e+001 7.261114e+001 5.000000e+000
      endloop
   endfacet
   facet normal -4.107075e-003 9.911117e-001 -1.329690e-001
      outer loop
         vertex 5.794030e+001 7.266660e+001 5.940299e+000
         vertex 5.825148e+001 7.270963e+001 6.251476e+000
         vertex 7.500000e+001 7.261114e+001 5.000000e+000
      endloop
   endfacet
   facet normal -8.949204e-004 9.769481e-001 -2.134749e-001
      outer loop
         vertex 5.856072e+001 7.276485e+001 6.560722e+000
         vertex 5.886756e+001 7.283218e+001 6.867563e+000
         vertex 7.464835e+001 7.291829e+001 7.195460e+000
      endloop
   endfacet
   facet normal 2.914931e-005 9.569351e-001 -2.903018e-001
      outer loop
         vertex 5.917152e+001 7.291150e+001 7.171524e+000
         vertex 5.947214e+001 7.300269e+001 7.472136e+000
         vertex 7.464835e+001 7.291829e+001 7.195460e+000
      endloop
   endfacet
   facet normal -2.239784e-003 9.319707e-001 -3.625268e-001
      outer loop
         vertex 5.976894e+001 7.310561e+001 7.768937e+000
         vertex 6.006147e+001 7.322010e+001 8.061467e+000
         vertex 7.464835e+001 7.291829e+001 7.195460e+000
      endloop
   endfacet
   facet normal -3.211556e-003 9.010017e-001 -4.338036e-001
      outer loop
         vertex 6.034928e+001 7.334599e+001 8.349277e+000
         vertex 6.063192e+001 7.348309e+001 8.631924e+000
         vertex 7.432369e+001 7.381615e+001 9.222338e+000
      endloop
   endfacet
   facet normal -8.677408e-005 8.627764e-001 -5.055857e-001
      outer loop
         vertex 6.090897e+001 7.363117e+001 8.908970e+000
         vertex 6.117999e+001 7.379002e+001 9.179989e+000
         vertex 7.432369e+001 7.381615e+001 9.222338e+000
      endloop
   endfacet
   facet normal -7.304352e-004 8.207353e-001 -5.713082e-001
      outer loop
         vertex 6.144456e+001 7.395938e+001 9.444562e+000
         vertex 6.170228e+001 7.413901e+001 9.702282e+000
         vertex 7.432369e+001 7.381615e+001 9.222338e+000
      endloop
   endfacet
   facet normal -5.148795e-003 7.755199e-001 -6.313021e-001
      outer loop
         vertex 6.195275e+001 7.432861e+001 9.952751e+000
         vertex 6.219558e+001 7.452789e+001 1.019558e+001
         vertex 7.432369e+001 7.381615e+001 9.222338e+000
      endloop
   endfacet
   facet normal -1.536556e-003 7.216182e-001 -6.922896e-001
      outer loop
         vertex 6.243040e+001 7.473656e+001 1.043041e+001
         vertex 6.265685e+001 7.495428e+001 1.065685e+001
         vertex 7.405097e+001 7.523579e+001 1.092499e+001
      endloop
   endfacet
   facet normal 1.001638e-004 6.641973e-001 -7.475573e-001
      outer loop
         vertex 6.287458e+001 7.518073e+001 1.087458e+001
         vertex 6.308325e+001 7.541556e+001 1.108325e+001
         vertex 7.405097e+001 7.523579e+001 1.092499e+001
      endloop
   endfacet
   facet normal -2.703828e-003 6.048478e-001 -7.963365e-001
      outer loop
         vertex 6.328254e+001 7.565839e+001 1.128254e+001
         vertex 6.347214e+001 7.590886e+001 1.147214e+001
         vertex 7.405097e+001 7.523579e+001 1.092499e+001
      endloop
   endfacet
   facet normal -4.912762e-003 5.413614e-001 -8.407756e-001
      outer loop
         vertex 6.365176e+001 7.616658e+001 1.165176e+001
         vertex 6.382112e+001 7.643115e+001 1.182112e+001
         vertex 7.385112e+001 7.706818e+001 1.217268e+001
      endloop
   endfacet
   facet normal -2.658926e-004 4.715058e-001 -8.818629e-001
      outer loop
         vertex 6.397997e+001 7.670217e+001 1.197997e+001
         vertex 6.412805e+001 7.697922e+001 1.212805e+001
         vertex 7.385112e+001 7.706818e+001 1.217268e+001
      endloop
   endfacet
   facet normal -7.333058e-004 4.010166e-001 -9.160705e-001
      outer loop
         vertex 6.426514e+001 7.726186e+001 1.226515e+001
         vertex 6.439104e+001 7.754967e+001 1.239104e+001
         vertex 7.385112e+001 7.706818e+001 1.217268e+001
      endloop
   endfacet
   facet normal -6.328430e-003 3.295762e-001 -9.441078e-001
      outer loop
         vertex 6.450553e+001 7.784220e+001 1.250553e+001
         vertex 6.460845e+001 7.813901e+001 1.260845e+001
         vertex 7.385112e+001 7.706818e+001 1.217268e+001
      endloop
   endfacet
   facet normal -2.330238e-003 2.530575e-001 -9.674484e-001
      outer loop
         vertex 6.469964e+001 7.843961e+001 1.269964e+001
         vertex 6.477896e+001 7.874358e+001 1.277896e+001
         vertex 7.373949e+001 7.917262e+001 1.286960e+001
      endloop
   endfacet
   facet normal 1.662147e-004 1.757657e-001 -9.844320e-001
      outer loop
         vertex 6.484628e+001 7.905042e+001 1.284628e+001
         vertex 6.490150e+001 7.935966e+001 1.290151e+001
         vertex 7.373949e+001 7.917262e+001 1.286960e+001
      endloop
   endfacet
   facet normal -2.911493e-003 9.830056e-002 -9.951525e-001
      outer loop
         vertex 6.494455e+001 7.967084e+001 1.294455e+001
         vertex 6.497534e+001 7.998347e+001 1.297534e+001
         vertex 7.373949e+001 7.917262e+001 1.286960e+001
      endloop
   endfacet
   facet normal -1.416630e-003 5.895471e-002 -9.982597e-001
      outer loop
         vertex 6.499384e+001 8.029706e+001 1.299383e+001
         vertex 7.371861e+001 8.061114e+001 1.300000e+001
         vertex 6.497534e+001 7.998347e+001 1.297534e+001
      endloop
   endfacet
   facet normal -2.555122e-003 9.848640e-001 -1.733101e-001
      outer loop
         vertex 7.464835e+001 7.291829e+001 7.195460e+000
         vertex 5.825148e+001 7.270963e+001 6.251476e+000
         vertex 5.856072e+001 7.276485e+001 6.560722e+000
      endloop
   endfacet
   facet normal -3.407184e-005 9.676092e-001 -2.524528e-001
      outer loop
         vertex 7.464835e+001 7.291829e+001 7.195460e+000
         vertex 5.886756e+001 7.283218e+001 6.867563e+000
         vertex 5.917152e+001 7.291150e+001 7.171524e+000
      endloop
   endfacet
   facet normal -4.573139e-003 9.178473e-001 -3.969073e-001
      outer loop
         vertex 7.464835e+001 7.291829e+001 7.195460e+000
         vertex 6.006147e+001 7.322010e+001 8.061467e+000
         vertex 6.034928e+001 7.334599e+001 8.349277e+000
      endloop
   endfacet
   facet normal -1.177395e-003 8.824067e-001 -4.704860e-001
      outer loop
         vertex 6.090897e+001 7.363117e+001 8.908970e+000
         vertex 7.432369e+001 7.381615e+001 9.222338e+000
         vertex 6.063192e+001 7.348309e+001 8.631924e+000
      endloop
   endfacet
   facet normal -2.465428e-003 7.985064e-001 -6.019813e-001
      outer loop
         vertex 6.195275e+001 7.432861e+001 9.952751e+000
         vertex 7.432369e+001 7.381615e+001 9.222338e+000
         vertex 6.170228e+001 7.413901e+001 9.702282e+000
      endloop
   endfacet
   facet normal -7.451249e-004 6.347648e-001 -7.727051e-001
      outer loop
         vertex 7.405097e+001 7.523579e+001 1.092499e+001
         vertex 6.308325e+001 7.541556e+001 1.108325e+001
         vertex 6.328254e+001 7.565839e+001 1.128254e+001
      endloop
   endfacet
   facet normal -1.946813e-003 5.065052e-001 -8.622347e-001
      outer loop
         vertex 7.385112e+001 7.706818e+001 1.217268e+001
         vertex 6.382112e+001 7.643115e+001 1.182112e+001
         vertex 6.397997e+001 7.670217e+001 1.197997e+001
      endloop
   endfacet
   facet normal -2.884014e-003 3.654525e-001 -9.308255e-001
      outer loop
         vertex 7.385112e+001 7.706818e+001 1.217268e+001
         vertex 6.439104e+001 7.754967e+001 1.239104e+001
         vertex 6.450553e+001 7.784220e+001 1.250553e+001
      endloop
   endfacet
   facet normal -3.847002e-004 2.143901e-001 -9.767480e-001
      outer loop
         vertex 6.484628e+001 7.905042e+001 1.284628e+001
         vertex 7.373949e+001 7.917262e+001 1.286960e+001
         vertex 6.477896e+001 7.874358e+001 1.277896e+001
      endloop
   endfacet
   facet normal -3.667985e-003 9.022329e-002 -9.959148e-001
      outer loop
         vertex 6.497534e+001 7.998347e+001 1.297534e+001
         vertex 7.371861e+001 8.061114e+001 1.300000e+001
         vertex 7.373949e+001 7.917262e+001 1.286960e+001
      endloop
   endfacet
   facet normal -7.466430e-003 5.622516e-001 -8.269325e-001
      outer loop
         vertex 7.385112e+001 7.706818e+001 1.217268e+001
         vertex 7.405097e+001 7.523579e+001 1.092499e+001
         vertex 6.365176e+001 7.616658e+001 1.165176e+001
      endloop
   endfacet
   facet normal -6.849492e-004 9.983054e-001 -5.818828e-002
      outer loop
         vertex 5.731408e+001 7.261731e+001 5.314078e+000
         vertex 5.762767e+001 7.263580e+001 5.627673e+000
         vertex 7.500000e+001 7.261114e+001 5.000000e+000
      endloop
   endfacet
   facet normal -7.060695e-004 9.450251e-001 -3.269971e-001
      outer loop
         vertex 5.947214e+001 7.300269e+001 7.472136e+000
         vertex 5.976894e+001 7.310561e+001 7.768937e+000
         vertex 7.464835e+001 7.291829e+001 7.195460e+000
      endloop
   endfacet
   facet normal -4.024111e-003 7.495025e-001 -6.619893e-001
      outer loop
         vertex 6.219558e+001 7.452789e+001 1.019558e+001
         vertex 6.243040e+001 7.473656e+001 1.043041e+001
         vertex 7.405097e+001 7.523579e+001 1.092499e+001
      endloop
   endfacet
   facet normal -5.781406e-003 5.744877e-001 -8.184928e-001
      outer loop
         vertex 6.347214e+001 7.590886e+001 1.147214e+001
         vertex 6.365176e+001 7.616658e+001 1.165176e+001
         vertex 7.405097e+001 7.523579e+001 1.092499e+001
      endloop
   endfacet
   facet normal -5.684010e-003 2.918660e-001 -9.564423e-001
      outer loop
         vertex 6.460845e+001 7.813901e+001 1.260845e+001
         vertex 6.469964e+001 7.843961e+001 1.269964e+001
         vertex 7.373949e+001 7.917262e+001 1.286960e+001
      endloop
   endfacet
   facet normal -2.054742e-003 9.953806e-001 -9.598560e-002
      outer loop
         vertex 5.794030e+001 7.266660e+001 5.940299e+000
         vertex 7.500000e+001 7.261114e+001 5.000000e+000
         vertex 5.762767e+001 7.263580e+001 5.627673e+000
      endloop
   endfacet
   facet normal 6.242293e-005 8.421879e-001 -5.391841e-001
      outer loop
         vertex 6.144456e+001 7.395938e+001 9.444562e+000
         vertex 7.432369e+001 7.381615e+001 9.222338e+000
         vertex 6.117999e+001 7.379002e+001 9.179989e+000
      endloop
   endfacet
   facet normal 1.379208e-004 4.363559e-001 -8.997742e-001
      outer loop
         vertex 6.426514e+001 7.726186e+001 1.226515e+001
         vertex 7.385112e+001 7.706818e+001 1.217268e+001
         vertex 6.412805e+001 7.697922e+001 1.212805e+001
      endloop
   endfacet
   facet normal -5.401478e-003 9.139739e-001 -4.057370e-001
      outer loop
         vertex 7.432369e+001 7.381615e+001 9.222338e+000
         vertex 7.464835e+001 7.291829e+001 7.195460e+000
         vertex 6.034928e+001 7.334599e+001 8.349277e+000
      endloop
   endfacet
   facet normal -6.740527e-004 1.371065e-001 -9.905561e-001
      outer loop
         vertex 6.490150e+001 7.935966e+001 1.290151e+001
         vertex 6.494455e+001 7.967084e+001 1.294455e+001
         vertex 7.373949e+001 7.917262e+001 1.286960e+001
      endloop
   endfacet
   facet normal -1.633537e-004 6.931692e-001 -7.207749e-001
      outer loop
         vertex 6.287458e+001 7.518073e+001 1.087458e+001
         vertex 7.405097e+001 7.523579e+001 1.092499e+001
         vertex 6.265685e+001 7.495428e+001 1.065685e+001
      endloop
   endfacet
   facet normal 9.807853e-001 1.950904e-001 0.000000e+000
      outer loop
         vertex 7.469552e+001 1.125307e+002 0.000000e+000
         vertex 7.469552e+001 1.125307e+002 5.000000e+000
         vertex 7.500000e+001 1.110000e+002 5.000000e+000
      endloop
   endfacet
   facet normal 5.555674e-001 8.314715e-001 0.000000e+000
      outer loop
         vertex 7.253073e+001 1.146955e+002 0.000000e+000
         vertex 7.253073e+001 1.146955e+002 5.000000e+000
         vertex 7.382843e+001 1.138284e+002 5.000000e+000
      endloop
   endfacet
   facet normal 1.950904e-001 9.807853e-001 -0.000000e+000
      outer loop
         vertex 7.253073e+001 1.146955e+002 5.000000e+000
         vertex 7.100000e+001 1.150000e+002 0.000000e+000
         vertex 7.100000e+001 1.150000e+002 5.000000e+000
      endloop
   endfacet
   facet normal 8.314715e-001 5.555674e-001 -0.000000e+000
      outer loop
         vertex 7.469552e+001 1.125307e+002 5.000000e+000
         vertex 7.469552e+001 1.125307e+002 0.000000e+000
         vertex 7.382843e+001 1.138284e+002 0.000000e+000
      endloop
   endfacet
   facet normal 9.807853e-001 1.950904e-001 0.000000e+000
      outer loop
         vertex 7.469552e+001 1.125307e+002 0.000000e+000
         vertex 7.500000e+001 1.110000e+002 5.000000e+000
         vertex 7.500000e+001 1.110000e+002 0.000000e+000
      endloop
   endfacet
   facet normal 1.950904e-001 9.807853e-001 0.000000e+000
      outer loop
         vertex 7.253073e+001 1.146955e+002 0.000000e+000
         vertex 7.100000e+001 1.150000e+002 0.000000e+000
         vertex 7.253073e+001 1.146955e+002 5.000000e+000
      endloop
   endfacet
   facet normal 8.314715e-001 5.555674e-001 0.000000e+000
      outer loop
         vertex 7.382843e+001 1.138284e+002 0.000000e+000
         vertex 7.382843e+001 1.138284e+002 5.000000e+000
         vertex 7.469552e+001 1.125307e+002 5.000000e+000
      endloop
   endfacet
   facet normal 5.555674e-001 8.314715e-001 0.000000e+000
      outer loop
         vertex 7.382843e+001 1.138284e+002 0.000000e+000
         vertex 7.253073e+001 1.146955e+002 0.000000e+000
         vertex 7.382843e+001 1.138284e+002 5.000000e+000
      endloop
   endfacet
   facet normal 0.000000e+000 1.000000e+000 0.000000e+000
      outer loop
         vertex 7.100000e+001 1.150000e+002 0.000000e+000
         vertex 6.650000e+001 1.150000e+002 0.000000e+000
         vertex 6.650000e+001 1.150000e+002 5.000000e+000
      endloop
   endfacet
   facet normal 0.000000e+000 1.000000e+000 -0.000000e+000
      outer loop
         vertex 7.100000e+001 1.150000e+002 5.000000e+000
         vertex 7.100000e+001 1.150000e+002 0.000000e+000
         vertex 6.650000e+001 1.150000e+002 5.000000e+000
      endloop
   endfacet
   facet normal -1.950904e-001 9.807853e-001 0.000000e+000
      outer loop
         vertex 6.496927e+001 1.146955e+002 5.000000e+000
         vertex 6.650000e+001 1.150000e+002 5.000000e+000
         vertex 6.650000e+001 1.150000e+002 0.000000e+000
      endloop
   endfacet
   facet normal -5.555685e-001 8.314708e-001 0.000000e+000
      outer loop
         vertex 6.496927e+001 1.146955e+002 0.000000e+000
         vertex 6.367157e+001 1.138284e+002 0.000000e+000
         vertex 6.496927e+001 1.146955e+002 5.000000e+000
      endloop
   endfacet
   facet normal -9.807853e-001 1.950904e-001 0.000000e+000
      outer loop
         vertex 6.280448e+001 1.125307e+002 0.000000e+000
         vertex 6.250000e+001 1.110000e+002 1.480297e-016
         vertex 6.250000e+001 1.110000e+002 5.000000e+000
      endloop
   endfacet
   facet normal -8.314704e-001 5.555691e-001 0.000000e+000
      outer loop
         vertex 6.280448e+001 1.125307e+002 5.000000e+000
         vertex 6.367157e+001 1.138284e+002 5.000000e+000
         vertex 6.367157e+001 1.138284e+002 0.000000e+000
      endloop
   endfacet
   facet normal -1.950904e-001 9.807853e-001 0.000000e+000
      outer loop
         vertex 6.496927e+001 1.146955e+002 5.000000e+000
         vertex 6.650000e+001 1.150000e+002 0.000000e+000
         vertex 6.496927e+001 1.146955e+002 0.000000e+000
      endloop
   endfacet
   facet normal -8.314704e-001 5.555691e-001 0.000000e+000
      outer loop
         vertex 6.280448e+001 1.125307e+002 5.000000e+000
         vertex 6.367157e+001 1.138284e+002 0.000000e+000
         vertex 6.280448e+001 1.125307e+002 0.000000e+000
      endloop
   endfacet
   facet normal -9.807853e-001 1.950904e-001 0.000000e+000
      outer loop
         vertex 6.250000e+001 1.110000e+002 5.000000e+000
         vertex 6.280448e+001 1.125307e+002 5.000000e+000
         vertex 6.280448e+001 1.125307e+002 0.000000e+000
      endloop
   endfacet
   facet normal -5.555685e-001 8.314708e-001 0.000000e+000
      outer loop
         vertex 6.496927e+001 1.146955e+002 5.000000e+000
         vertex 6.367157e+001 1.138284e+002 0.000000e+000
         vertex 6.367157e+001 1.138284e+002 5.000000e+000
      endloop
   endfacet
   facet normal -1.000000e+000 0.000000e+000 0.000000e+000
      outer loop
         vertex 6.250000e+001 9.250000e+001 0.000000e+000
         vertex 6.250000e+001 9.250000e+001 5.000000e+000
         vertex 6.250000e+001 1.110000e+002 5.000000e+000
      endloop
   endfacet
   facet normal -1.000000e+000 0.000000e+000 -0.000000e+000
      outer loop
         vertex 6.250000e+001 9.250000e+001 0.000000e+000
         vertex 6.250000e+001 1.110000e+002 5.000000e+000
         vertex 6.250000e+001 1.110000e+002 1.480297e-016
      endloop
   endfacet
   facet normal -0.000000e+000 1.000000e+000 0.000000e+000
      outer loop
         vertex 1.250000e+001 9.250000e+001 0.000000e+000
         vertex 1.250000e+001 9.250000e+001 5.000000e+000
         vertex 6.250000e+001 9.250000e+001 5.000000e+000
      endloop
   endfacet
   facet normal 0.000000e+000 1.000000e+000 0.000000e+000
      outer loop
         vertex 1.250000e+001 9.250000e+001 0.000000e+000
         vertex 6.250000e+001 9.250000e+001 5.000000e+000
         vertex 6.250000e+001 9.250000e+001 0.000000e+000
      endloop
   endfacet
   facet normal 1.000000e+000 0.000000e+000 -0.000000e+000
      outer loop
         vertex 1.250000e+001 9.250000e+001 5.000000e+000
         vertex 1.250000e+001 9.775000e+001 5.000000e+000
         vertex 1.250000e+001 9.775000e+001 2.496412e+001
      endloop
   endfacet
   facet normal 1.000000e+000 0.000000e+000 -0.000000e+000
      outer loop
         vertex 1.250000e+001 9.775000e+001 5.000000e+000
         vertex 1.250000e+001 1.110000e+002 1.480297e-016
         vertex 1.250000e+001 1.110000e+002 5.000000e+000
      endloop
   endfacet
   facet normal 1.000000e+000 0.000000e+000 0.000000e+000
      outer loop
         vertex 1.250000e+001 9.244849e+001 2.496412e+001
         vertex 1.250000e+001 9.244849e+001 5.000000e+000
         vertex 1.250000e+001 9.250000e+001 5.000000e+000
      endloop
   endfacet
   facet normal 1.000000e+000 0.000000e+000 -0.000000e+000
      outer loop
         vertex 1.250000e+001 9.244849e+001 2.496412e+001
         vertex 1.250000e+001 9.250000e+001 5.000000e+000
         vertex 1.250000e+001 9.775000e+001 2.496412e+001
      endloop
   endfacet
   facet normal 1.000000e+000 0.000000e+000 0.000000e+000
      outer loop
         vertex 1.250000e+001 9.775000e+001 5.000000e+000
         vertex 1.250000e+001 9.250000e+001 0.000000e+000
         vertex 1.250000e+001 1.110000e+002 1.480297e-016
      endloop
   endfacet
   facet normal 1.000000e+000 0.000000e+000 0.000000e+000
      outer loop
         vertex 1.250000e+001 9.250000e+001 0.000000e+000
         vertex 1.250000e+001 9.775000e+001 5.000000e+000
         vertex 1.250000e+001 9.250000e+001 5.000000e+000
      endloop
   endfacet
   facet normal 2.387250e-001 -6.558920e-001 7.161117e-001
      outer loop
         vertex 5.824430e+000 4.122918e+001 5.000000e+000
         vertex 6.035819e+000 4.076021e+001 4.500000e+000
         vertex 7.000000e+000 4.111114e+001 4.500000e+000
      endloop
   endfacet
   facet normal 6.487777e-001 1.143971e-001 7.523303e-001
      outer loop
         vertex 5.097887e+000 3.899311e+001 5.000000e+000
         vertex 5.700962e+000 3.886114e+001 4.500000e+000
         vertex 5.522789e+000 3.987161e+001 4.500000e+000
      endloop
   endfacet
   facet normal 0.000000e+000 6.462273e-001 7.631450e-001
      outer loop
         vertex 7.000000e+000 3.761114e+001 5.000000e+000
         vertex 7.513030e+000 3.820160e+001 4.500000e+000
         vertex 6.486970e+000 3.820160e+001 4.500000e+000
      endloop
   endfacet
   facet normal -6.487777e-001 1.143974e-001 7.523302e-001
      outer loop
         vertex 8.902113e+000 3.899311e+001 5.000000e+000
         vertex 8.477212e+000 3.987161e+001 4.500000e+000
         vertex 8.299038e+000 3.886114e+001 4.500000e+000
      endloop
   endfacet
   facet normal -2.387250e-001 -6.558920e-001 7.161117e-001
      outer loop
         vertex 8.175570e+000 4.122918e+001 5.000000e+000
         vertex 7.000000e+000 4.111114e+001 4.500000e+000
         vertex 7.964181e+000 4.076021e+001 4.500000e+000
      endloop
   endfacet
   facet normal -2.239188e-001 -6.891518e-001 6.891518e-001
      outer loop
         vertex 7.000000e+000 4.111114e+001 4.500000e+000
         vertex 8.175570e+000 4.122918e+001 5.000000e+000
         vertex 7.000000e+000 4.161114e+001 5.000000e+000
      endloop
   endfacet
   facet normal -6.253841e-001 4.543681e-001 6.343851e-001
      outer loop
         vertex 8.299038e+000 3.886114e+001 4.500000e+000
         vertex 8.175570e+000 3.799311e+001 5.000000e+000
         vertex 8.902113e+000 3.899311e+001 5.000000e+000
      endloop
   endfacet
   facet normal 2.405892e-001 7.404582e-001 6.275655e-001
      outer loop
         vertex 6.486970e+000 3.820160e+001 4.500000e+000
         vertex 5.824430e+000 3.799311e+001 5.000000e+000
         vertex 7.000000e+000 3.761114e+001 5.000000e+000
      endloop
   endfacet
   facet normal 7.620134e-001 0.000000e+000 6.475613e-001
      outer loop
         vertex 5.522789e+000 3.987161e+001 4.500000e+000
         vertex 5.097887e+000 4.022918e+001 5.000000e+000
         vertex 5.097887e+000 3.899311e+001 5.000000e+000
      endloop
   endfacet
   facet normal 2.239188e-001 -6.891518e-001 6.891518e-001
      outer loop
         vertex 7.000000e+000 4.111114e+001 4.500000e+000
         vertex 7.000000e+000 4.161114e+001 5.000000e+000
         vertex 5.824430e+000 4.122918e+001 5.000000e+000
      endloop
   endfacet
   facet normal -7.620138e-001 0.000000e+000 6.475608e-001
      outer loop
         vertex 8.902113e+000 4.022918e+001 5.000000e+000
         vertex 8.477212e+000 3.987161e+001 4.500000e+000
         vertex 8.902113e+000 3.899311e+001 5.000000e+000
      endloop
   endfacet
   facet normal 5.844362e-001 -3.374239e-001 7.379562e-001
      outer loop
         vertex 5.097887e+000 4.022918e+001 5.000000e+000
         vertex 5.522789e+000 3.987161e+001 4.500000e+000
         vertex 6.035819e+000 4.076021e+001 4.500000e+000
      endloop
   endfacet
   facet normal -4.173889e-001 4.974252e-001 7.604964e-001
      outer loop
         vertex 8.175570e+000 3.799311e+001 5.000000e+000
         vertex 8.299038e+000 3.886114e+001 4.500000e+000
         vertex 7.513030e+000 3.820160e+001 4.500000e+000
      endloop
   endfacet
   facet normal -6.033318e-001 -4.383462e-001 6.662157e-001
      outer loop
         vertex 7.964181e+000 4.076021e+001 4.500000e+000
         vertex 8.902113e+000 4.022918e+001 5.000000e+000
         vertex 8.175570e+000 4.122918e+001 5.000000e+000
      endloop
   endfacet
   facet normal 6.253841e-001 4.543681e-001 6.343851e-001
      outer loop
         vertex 5.700962e+000 3.886114e+001 4.500000e+000
         vertex 5.097887e+000 3.899311e+001 5.000000e+000
         vertex 5.824430e+000 3.799311e+001 5.000000e+000
      endloop
   endfacet
   facet normal 6.033318e-001 -4.383462e-001 6.662157e-001
      outer loop
         vertex 5.824430e+000 4.122918e+001 5.000000e+000
         vertex 5.097887e+000 4.022918e+001 5.000000e+000
         vertex 6.035819e+000 4.076021e+001 4.500000e+000
      endloop
   endfacet
   facet normal 4.173889e-001 4.974252e-001 7.604964e-001
      outer loop
         vertex 5.824430e+000 3.799311e+001 5.000000e+000
         vertex 6.486970e+000 3.820160e+001 4.500000e+000
         vertex 5.700962e+000 3.886114e+001 4.500000e+000
      endloop
   endfacet
   facet normal -2.405892e-001 7.404582e-001 6.275655e-001
      outer loop
         vertex 7.513030e+000 3.820160e+001 4.500000e+000
         vertex 7.000000e+000 3.761114e+001 5.000000e+000
         vertex 8.175570e+000 3.799311e+001 5.000000e+000
      endloop
   endfacet
   facet normal -5.844363e-001 -3.374242e-001 7.379560e-001
      outer loop
         vertex 8.477212e+000 3.987161e+001 4.500000e+000
         vertex 8.902113e+000 4.022918e+001 5.000000e+000
         vertex 7.964181e+000 4.076021e+001 4.500000e+000
      endloop
   endfacet
   facet normal 1.800646e-001 -6.720095e-001 7.183175e-001
      outer loop
         vertex 6.701447e+001 1.126039e+002 5.000000e+000
         vertex 6.725000e+001 1.115981e+002 4.000000e+000
         vertex 6.875000e+001 1.120000e+002 4.000000e+000
      endloop
   endfacet
   facet normal 6.499379e-001 -1.741505e-001 7.397651e-001
      outer loop
         vertex 6.485029e+001 1.098901e+002 5.000000e+000
         vertex 6.575000e+001 1.090000e+002 4.000000e+000
         vertex 6.615192e+001 1.105000e+002 4.000000e+000
      endloop
   endfacet
   facet normal 4.811161e-001 4.811161e-001 7.328401e-001
      outer loop
         vertex 6.562267e+001 1.065060e+002 5.000000e+000
         vertex 6.725000e+001 1.064019e+002 4.000000e+000
         vertex 6.615192e+001 1.075000e+002 4.000000e+000
      endloop
   endfacet
   facet normal -1.800646e-001 6.720095e-001 7.183175e-001
      outer loop
         vertex 7.048553e+001 1.053961e+002 5.000000e+000
         vertex 7.025000e+001 1.064019e+002 4.000000e+000
         vertex 6.875000e+001 1.060000e+002 4.000000e+000
      endloop
   endfacet
   facet normal -6.499379e-001 1.741505e-001 7.397651e-001
      outer loop
         vertex 7.264971e+001 1.081099e+002 5.000000e+000
         vertex 7.175000e+001 1.090000e+002 4.000000e+000
         vertex 7.134808e+001 1.075000e+002 4.000000e+000
      endloop
   endfacet
   facet normal -4.811161e-001 -4.811161e-001 7.328401e-001
      outer loop
         vertex 7.187733e+001 1.114940e+002 5.000000e+000
         vertex 7.025000e+001 1.115981e+002 4.000000e+000
         vertex 7.134808e+001 1.105000e+002 4.000000e+000
      endloop
   endfacet
   facet normal -1.593313e-001 -6.980736e-001 6.980736e-001
      outer loop
         vertex 6.875000e+001 1.120000e+002 4.000000e+000
         vertex 7.048553e+001 1.126039e+002 5.000000e+000
         vertex 6.875000e+001 1.130000e+002 5.000000e+000
      endloop
   endfacet
   facet normal -7.434007e-001 0.000000e+000 6.688463e-001
      outer loop
         vertex 7.175000e+001 1.090000e+002 4.000000e+000
         vertex 7.264971e+001 1.081099e+002 5.000000e+000
         vertex 7.264971e+001 1.098901e+002 5.000000e+000
      endloop
   endfacet
   facet normal -4.558315e-001 5.715949e-001 6.822733e-001
      outer loop
         vertex 7.025000e+001 1.064019e+002 4.000000e+000
         vertex 7.048553e+001 1.053961e+002 5.000000e+000
         vertex 7.187733e+001 1.065060e+002 5.000000e+000
      endloop
   endfacet
   facet normal 1.593313e-001 6.980736e-001 6.980736e-001
      outer loop
         vertex 6.875000e+001 1.060000e+002 4.000000e+000
         vertex 6.701447e+001 1.053961e+002 5.000000e+000
         vertex 6.875000e+001 1.050000e+002 5.000000e+000
      endloop
   endfacet
   facet normal 6.669917e-001 3.212061e-001 6.722713e-001
      outer loop
         vertex 6.615192e+001 1.075000e+002 4.000000e+000
         vertex 6.485029e+001 1.081099e+002 5.000000e+000
         vertex 6.562267e+001 1.065060e+002 5.000000e+000
      endloop
   endfacet
   facet normal 6.669917e-001 -3.212061e-001 6.722713e-001
      outer loop
         vertex 6.615192e+001 1.105000e+002 4.000000e+000
         vertex 6.562267e+001 1.114940e+002 5.000000e+000
         vertex 6.485029e+001 1.098901e+002 5.000000e+000
      endloop
   endfacet
   facet normal 1.593313e-001 -6.980736e-001 6.980736e-001
      outer loop
         vertex 6.875000e+001 1.120000e+002 4.000000e+000
         vertex 6.875000e+001 1.130000e+002 5.000000e+000
         vertex 6.701447e+001 1.126039e+002 5.000000e+000
      endloop
   endfacet
   facet normal 4.558315e-001 5.715949e-001 6.822733e-001
      outer loop
         vertex 6.701447e+001 1.053961e+002 5.000000e+000
         vertex 6.725000e+001 1.064019e+002 4.000000e+000
         vertex 6.562267e+001 1.065060e+002 5.000000e+000
      endloop
   endfacet
   facet normal 1.800646e-001 6.720095e-001 7.183175e-001
      outer loop
         vertex 6.725000e+001 1.064019e+002 4.000000e+000
         vertex 6.701447e+001 1.053961e+002 5.000000e+000
         vertex 6.875000e+001 1.060000e+002 4.000000e+000
      endloop
   endfacet
   facet normal 4.811161e-001 -4.811161e-001 7.328401e-001
      outer loop
         vertex 6.562267e+001 1.114940e+002 5.000000e+000
         vertex 6.615192e+001 1.105000e+002 4.000000e+000
         vertex 6.725000e+001 1.115981e+002 4.000000e+000
      endloop
   endfacet
   facet normal -4.811161e-001 4.811161e-001 7.328401e-001
      outer loop
         vertex 7.187733e+001 1.065060e+002 5.000000e+000
         vertex 7.134808e+001 1.075000e+002 4.000000e+000
         vertex 7.025000e+001 1.064019e+002 4.000000e+000
      endloop
   endfacet
   facet normal -1.800646e-001 -6.720095e-001 7.183175e-001
      outer loop
         vertex 7.048553e+001 1.126039e+002 5.000000e+000
         vertex 6.875000e+001 1.120000e+002 4.000000e+000
         vertex 7.025000e+001 1.115981e+002 4.000000e+000
      endloop
   endfacet
   facet normal -6.669917e-001 -3.212061e-001 6.722713e-001
      outer loop
         vertex 7.134808e+001 1.105000e+002 4.000000e+000
         vertex 7.264971e+001 1.098901e+002 5.000000e+000
         vertex 7.187733e+001 1.114940e+002 5.000000e+000
      endloop
   endfacet
   facet normal -1.593313e-001 6.980736e-001 6.980736e-001
      outer loop
         vertex 6.875000e+001 1.060000e+002 4.000000e+000
         vertex 6.875000e+001 1.050000e+002 5.000000e+000
         vertex 7.048553e+001 1.053961e+002 5.000000e+000
      endloop
   endfacet
   facet normal 4.558315e-001 -5.715949e-001 6.822733e-001
      outer loop
         vertex 6.725000e+001 1.115981e+002 4.000000e+000
         vertex 6.701447e+001 1.126039e+002 5.000000e+000
         vertex 6.562267e+001 1.114940e+002 5.000000e+000
      endloop
   endfacet
   facet normal 6.499379e-001 1.741505e-001 7.397651e-001
      outer loop
         vertex 6.485029e+001 1.081099e+002 5.000000e+000
         vertex 6.615192e+001 1.075000e+002 4.000000e+000
         vertex 6.575000e+001 1.090000e+002 4.000000e+000
      endloop
   endfacet
   facet normal -4.558315e-001 -5.715949e-001 6.822733e-001
      outer loop
         vertex 7.025000e+001 1.115981e+002 4.000000e+000
         vertex 7.187733e+001 1.114940e+002 5.000000e+000
         vertex 7.048553e+001 1.126039e+002 5.000000e+000
      endloop
   endfacet
   facet normal 7.434007e-001 0.000000e+000 6.688463e-001
      outer loop
         vertex 6.575000e+001 1.090000e+002 4.000000e+000
         vertex 6.485029e+001 1.098901e+002 5.000000e+000
         vertex 6.485029e+001 1.081099e+002 5.000000e+000
      endloop
   endfacet
   facet normal -6.499379e-001 -1.741505e-001 7.397651e-001
      outer loop
         vertex 7.264971e+001 1.098901e+002 5.000000e+000
         vertex 7.134808e+001 1.105000e+002 4.000000e+000
         vertex 7.175000e+001 1.090000e+002 4.000000e+000
      endloop
   endfacet
   facet normal -6.669917e-001 3.212061e-001 6.722713e-001
      outer loop
         vertex 7.134808e+001 1.075000e+002 4.000000e+000
         vertex 7.187733e+001 1.065060e+002 5.000000e+000
         vertex 7.264971e+001 1.081099e+002 5.000000e+000
      endloop
   endfacet
   facet normal 1.800643e-001 -6.720093e-001 7.183177e-001
      outer loop
         vertex 4.514465e+000 8.603875e+000 5.000000e+000
         vertex 4.750000e+000 7.598076e+000 4.000000e+000
         vertex 6.250000e+000 8.000000e+000 4.000000e+000
      endloop
   endfacet
   facet normal 6.499379e-001 -1.741504e-001 7.397651e-001
      outer loop
         vertex 2.350288e+000 5.890084e+000 5.000000e+000
         vertex 3.250000e+000 5.000000e+000 4.000000e+000
         vertex 3.651924e+000 6.500000e+000 4.000000e+000
      endloop
   endfacet
   facet normal 4.811160e-001 4.811160e-001 7.328402e-001
      outer loop
         vertex 3.122674e+000 2.506041e+000 5.000000e+000
         vertex 4.750000e+000 2.401924e+000 4.000000e+000
         vertex 3.651924e+000 3.500000e+000 4.000000e+000
      endloop
   endfacet
   facet normal -1.800644e-001 6.720091e-001 7.183179e-001
      outer loop
         vertex 7.985535e+000 1.396124e+000 5.000000e+000
         vertex 7.750000e+000 2.401924e+000 4.000000e+000
         vertex 6.250000e+000 2.000000e+000 4.000000e+000
      endloop
   endfacet
   facet normal -6.499378e-001 1.741505e-001 7.397651e-001
      outer loop
         vertex 1.014971e+001 4.109916e+000 5.000000e+000
         vertex 9.250000e+000 5.000000e+000 4.000000e+000
         vertex 8.848076e+000 3.500000e+000 4.000000e+000
      endloop
   endfacet
   facet normal -4.811160e-001 -4.811158e-001 7.328403e-001
      outer loop
         vertex 9.377326e+000 7.493959e+000 5.000000e+000
         vertex 7.750000e+000 7.598076e+000 4.000000e+000
         vertex 8.848076e+000 6.500000e+000 4.000000e+000
      endloop
   endfacet
   facet normal -1.593309e-001 -6.980737e-001 6.980737e-001
      outer loop
         vertex 6.250000e+000 8.000000e+000 4.000000e+000
         vertex 7.985535e+000 8.603875e+000 5.000000e+000
         vertex 6.250000e+000 9.000000e+000 5.000000e+000
      endloop
   endfacet
   facet normal -7.434007e-001 0.000000e+000 6.688463e-001
      outer loop
         vertex 9.250000e+000 5.000000e+000 4.000000e+000
         vertex 1.014971e+001 4.109916e+000 5.000000e+000
         vertex 1.014971e+001 5.890084e+000 5.000000e+000
      endloop
   endfacet
   facet normal -4.558315e-001 5.715945e-001 6.822737e-001
      outer loop
         vertex 7.750000e+000 2.401924e+000 4.000000e+000
         vertex 7.985535e+000 1.396124e+000 5.000000e+000
         vertex 9.377326e+000 2.506041e+000 5.000000e+000
      endloop
   endfacet
   facet normal 1.593307e-001 6.980737e-001 6.980737e-001
      outer loop
         vertex 6.250000e+000 2.000000e+000 4.000000e+000
         vertex 4.514465e+000 1.396124e+000 5.000000e+000
         vertex 6.250000e+000 1.000000e+000 5.000000e+000
      endloop
   endfacet
   facet normal 6.669917e-001 3.212063e-001 6.722712e-001
      outer loop
         vertex 3.651924e+000 3.500000e+000 4.000000e+000
         vertex 2.350288e+000 4.109916e+000 5.000000e+000
         vertex 3.122674e+000 2.506041e+000 5.000000e+000
      endloop
   endfacet
   facet normal 6.669917e-001 -3.212062e-001 6.722712e-001
      outer loop
         vertex 3.651924e+000 6.500000e+000 4.000000e+000
         vertex 3.122674e+000 7.493959e+000 5.000000e+000
         vertex 2.350288e+000 5.890084e+000 5.000000e+000
      endloop
   endfacet
   facet normal 1.593309e-001 -6.980737e-001 6.980737e-001
      outer loop
         vertex 6.250000e+000 8.000000e+000 4.000000e+000
         vertex 6.250000e+000 9.000000e+000 5.000000e+000
         vertex 4.514465e+000 8.603875e+000 5.000000e+000
      endloop
   endfacet
   facet normal 4.558315e-001 5.715945e-001 6.822737e-001
      outer loop
         vertex 4.514465e+000 1.396124e+000 5.000000e+000
         vertex 4.750000e+000 2.401924e+000 4.000000e+000
         vertex 3.122674e+000 2.506041e+000 5.000000e+000
      endloop
   endfacet
   facet normal 1.800644e-001 6.720091e-001 7.183179e-001
      outer loop
         vertex 4.750000e+000 2.401924e+000 4.000000e+000
         vertex 4.514465e+000 1.396124e+000 5.000000e+000
         vertex 6.250000e+000 2.000000e+000 4.000000e+000
      endloop
   endfacet
   facet normal 4.811160e-001 -4.811159e-001 7.328403e-001
      outer loop
         vertex 3.122674e+000 7.493959e+000 5.000000e+000
         vertex 3.651924e+000 6.500000e+000 4.000000e+000
         vertex 4.750000e+000 7.598076e+000 4.000000e+000
      endloop
   endfacet
   facet normal -4.811160e-001 4.811159e-001 7.328403e-001
      outer loop
         vertex 9.377326e+000 2.506041e+000 5.000000e+000
         vertex 8.848076e+000 3.500000e+000 4.000000e+000
         vertex 7.750000e+000 2.401924e+000 4.000000e+000
      endloop
   endfacet
   facet normal -1.800643e-001 -6.720093e-001 7.183177e-001
      outer loop
         vertex 7.985535e+000 8.603875e+000 5.000000e+000
         vertex 6.250000e+000 8.000000e+000 4.000000e+000
         vertex 7.750000e+000 7.598076e+000 4.000000e+000
      endloop
   endfacet
   facet normal -6.669917e-001 -3.212062e-001 6.722713e-001
      outer loop
         vertex 8.848076e+000 6.500000e+000 4.000000e+000
         vertex 1.014971e+001 5.890084e+000 5.000000e+000
         vertex 9.377326e+000 7.493959e+000 5.000000e+000
      endloop
   endfacet
   facet normal -1.593307e-001 6.980737e-001 6.980737e-001
      outer loop
         vertex 6.250000e+000 2.000000e+000 4.000000e+000
         vertex 6.250000e+000 1.000000e+000 5.000000e+000
         vertex 7.985535e+000 1.396124e+000 5.000000e+000
      endloop
   endfacet
   facet normal 4.558314e-001 -5.715947e-001 6.822736e-001
      outer loop
         vertex 4.750000e+000 7.598076e+000 4.000000e+000
         vertex 4.514465e+000 8.603875e+000 5.000000e+000
         vertex 3.122674e+000 7.493959e+000 5.000000e+000
      endloop
   endfacet
   facet normal 6.499379e-001 1.741504e-001 7.397651e-001
      outer loop
         vertex 2.350288e+000 4.109916e+000 5.000000e+000
         vertex 3.651924e+000 3.500000e+000 4.000000e+000
         vertex 3.250000e+000 5.000000e+000 4.000000e+000
      endloop
   endfacet
   facet normal -4.558314e-001 -5.715947e-001 6.822736e-001
      outer loop
         vertex 7.750000e+000 7.598076e+000 4.000000e+000
         vertex 9.377326e+000 7.493959e+000 5.000000e+000
         vertex 7.985535e+000 8.603875e+000 5.000000e+000
      endloop
   endfacet
   facet normal 7.434007e-001 0.000000e+000 6.688463e-001
      outer loop
         vertex 3.250000e+000 5.000000e+000 4.000000e+000
         vertex 2.350288e+000 5.890084e+000 5.000000e+000
         vertex 2.350288e+000 4.109916e+000 5.000000e+000
      endloop
   endfacet
   facet normal -6.499378e-001 -1.741505e-001 7.397651e-001
      outer loop
         vertex 1.014971e+001 5.890084e+000 5.000000e+000
         vertex 8.848076e+000 6.500000e+000 4.000000e+000
         vertex 9.250000e+000 5.000000e+000 4.000000e+000
      endloop
   endfacet
   facet normal -6.669917e-001 3.212062e-001 6.722713e-001
      outer loop
         vertex 8.848076e+000 3.500000e+000 4.000000e+000
         vertex 9.377326e+000 2.506041e+000 5.000000e+000
         vertex 1.014971e+001 4.109916e+000 5.000000e+000
      endloop
   endfacet
   facet normal 1.800645e-001 -6.720092e-001 7.183178e-001
      outer loop
         vertex 6.701447e+001 9.603875e+000 5.000000e+000
         vertex 6.725000e+001 8.598076e+000 4.000000e+000
         vertex 6.875000e+001 9.000000e+000 4.000000e+000
      endloop
   endfacet
   facet normal 6.499378e-001 -1.741505e-001 7.397651e-001
      outer loop
         vertex 6.485029e+001 6.890084e+000 5.000000e+000
         vertex 6.575000e+001 6.000000e+000 4.000000e+000
         vertex 6.615192e+001 7.500000e+000 4.000000e+000
      endloop
   endfacet
   facet normal 4.811158e-001 4.811157e-001 7.328405e-001
      outer loop
         vertex 6.562267e+001 3.506041e+000 5.000000e+000
         vertex 6.725000e+001 3.401924e+000 4.000000e+000
         vertex 6.615192e+001 4.500000e+000 4.000000e+000
      endloop
   endfacet
   facet normal -1.800644e-001 6.720092e-001 7.183178e-001
      outer loop
         vertex 7.048553e+001 2.396125e+000 5.000000e+000
         vertex 7.025000e+001 3.401924e+000 4.000000e+000
         vertex 6.875000e+001 3.000000e+000 4.000000e+000
      endloop
   endfacet
   facet normal -6.499378e-001 1.741505e-001 7.397651e-001
      outer loop
         vertex 7.264971e+001 5.109916e+000 5.000000e+000
         vertex 7.175000e+001 6.000000e+000 4.000000e+000
         vertex 7.134808e+001 4.500000e+000 4.000000e+000
      endloop
   endfacet
   facet normal -4.811157e-001 -4.811157e-001 7.328406e-001
      outer loop
         vertex 7.187733e+001 8.493959e+000 5.000000e+000
         vertex 7.025000e+001 8.598076e+000 4.000000e+000
         vertex 7.134808e+001 7.500000e+000 4.000000e+000
      endloop
   endfacet
   facet normal -1.593309e-001 -6.980737e-001 6.980737e-001
      outer loop
         vertex 6.875000e+001 9.000000e+000 4.000000e+000
         vertex 7.048553e+001 9.603875e+000 5.000000e+000
         vertex 6.875000e+001 1.000000e+001 5.000000e+000
      endloop
   endfacet
   facet normal -7.434007e-001 0.000000e+000 6.688463e-001
      outer loop
         vertex 7.175000e+001 6.000000e+000 4.000000e+000
         vertex 7.264971e+001 5.109916e+000 5.000000e+000
         vertex 7.264971e+001 6.890084e+000 5.000000e+000
      endloop
   endfacet
   facet normal -4.558312e-001 5.715948e-001 6.822737e-001
      outer loop
         vertex 7.025000e+001 3.401924e+000 4.000000e+000
         vertex 7.048553e+001 2.396125e+000 5.000000e+000
         vertex 7.187733e+001 3.506041e+000 5.000000e+000
      endloop
   endfacet
   facet normal 1.593308e-001 6.980737e-001 6.980737e-001
      outer loop
         vertex 6.875000e+001 3.000000e+000 4.000000e+000
         vertex 6.701447e+001 2.396125e+000 5.000000e+000
         vertex 6.875000e+001 2.000000e+000 5.000000e+000
      endloop
   endfacet
   facet normal 6.669916e-001 3.212058e-001 6.722715e-001
      outer loop
         vertex 6.615192e+001 4.500000e+000 4.000000e+000
         vertex 6.485029e+001 5.109916e+000 5.000000e+000
         vertex 6.562267e+001 3.506041e+000 5.000000e+000
      endloop
   endfacet
   facet normal 6.669916e-001 -3.212058e-001 6.722715e-001
      outer loop
         vertex 6.615192e+001 7.500000e+000 4.000000e+000
         vertex 6.562267e+001 8.493959e+000 5.000000e+000
         vertex 6.485029e+001 6.890084e+000 5.000000e+000
      endloop
   endfacet
   facet normal 1.593309e-001 -6.980737e-001 6.980737e-001
      outer loop
         vertex 6.875000e+001 9.000000e+000 4.000000e+000
         vertex 6.875000e+001 1.000000e+001 5.000000e+000
         vertex 6.701447e+001 9.603875e+000 5.000000e+000
      endloop
   endfacet
   facet normal 4.558312e-001 5.715948e-001 6.822737e-001
      outer loop
         vertex 6.701447e+001 2.396125e+000 5.000000e+000
         vertex 6.725000e+001 3.401924e+000 4.000000e+000
         vertex 6.562267e+001 3.506041e+000 5.000000e+000
      endloop
   endfacet
   facet normal 1.800644e-001 6.720092e-001 7.183178e-001
      outer loop
         vertex 6.725000e+001 3.401924e+000 4.000000e+000
         vertex 6.701447e+001 2.396125e+000 5.000000e+000
         vertex 6.875000e+001 3.000000e+000 4.000000e+000
      endloop
   endfacet
   facet normal 4.811157e-001 -4.811157e-001 7.328406e-001
      outer loop
         vertex 6.562267e+001 8.493959e+000 5.000000e+000
         vertex 6.615192e+001 7.500000e+000 4.000000e+000
         vertex 6.725000e+001 8.598076e+000 4.000000e+000
      endloop
   endfacet
   facet normal -4.811158e-001 4.811157e-001 7.328405e-001
      outer loop
         vertex 7.187733e+001 3.506041e+000 5.000000e+000
         vertex 7.134808e+001 4.500000e+000 4.000000e+000
         vertex 7.025000e+001 3.401924e+000 4.000000e+000
      endloop
   endfacet
   facet normal -1.800645e-001 -6.720092e-001 7.183178e-001
      outer loop
         vertex 7.048553e+001 9.603875e+000 5.000000e+000
         vertex 6.875000e+001 9.000000e+000 4.000000e+000
         vertex 7.025000e+001 8.598076e+000 4.000000e+000
      endloop
   endfacet
   facet normal -6.669916e-001 -3.212058e-001 6.722715e-001
      outer loop
         vertex 7.134808e+001 7.500000e+000 4.000000e+000
         vertex 7.264971e+001 6.890084e+000 5.000000e+000
         vertex 7.187733e+001 8.493959e+000 5.000000e+000
      endloop
   endfacet
   facet normal -1.593308e-001 6.980737e-001 6.980737e-001
      outer loop
         vertex 6.875000e+001 3.000000e+000 4.000000e+000
         vertex 6.875000e+001 2.000000e+000 5.000000e+000
         vertex 7.048553e+001 2.396125e+000 5.000000e+000
      endloop
   endfacet
   facet normal 4.558310e-001 -5.715948e-001 6.822737e-001
      outer loop
         vertex 6.725000e+001 8.598076e+000 4.000000e+000
         vertex 6.701447e+001 9.603875e+000 5.000000e+000
         vertex 6.562267e+001 8.493959e+000 5.000000e+000
      endloop
   endfacet
   facet normal 6.499378e-001 1.741505e-001 7.397651e-001
      outer loop
         vertex 6.485029e+001 5.109916e+000 5.000000e+000
         vertex 6.615192e+001 4.500000e+000 4.000000e+000
         vertex 6.575000e+001 6.000000e+000 4.000000e+000
      endloop
   endfacet
   facet normal -4.558310e-001 -5.715948e-001 6.822737e-001
      outer loop
         vertex 7.025000e+001 8.598076e+000 4.000000e+000
         vertex 7.187733e+001 8.493959e+000 5.000000e+000
         vertex 7.048553e+001 9.603875e+000 5.000000e+000
      endloop
   endfacet
   facet normal 7.434007e-001 0.000000e+000 6.688463e-001
      outer loop
         vertex 6.575000e+001 6.000000e+000 4.000000e+000
         vertex 6.485029e+001 6.890084e+000 5.000000e+000
         vertex 6.485029e+001 5.109916e+000 5.000000e+000
      endloop
   endfacet
   facet normal -6.499378e-001 -1.741505e-001 7.397651e-001
      outer loop
         vertex 7.264971e+001 6.890084e+000 5.000000e+000
         vertex 7.134808e+001 7.500000e+000 4.000000e+000
         vertex 7.175000e+001 6.000000e+000 4.000000e+000
      endloop
   endfacet
   facet normal -6.669916e-001 3.212058e-001 6.722715e-001
      outer loop
         vertex 7.134808e+001 4.500000e+000 4.000000e+000
         vertex 7.187733e+001 3.506041e+000 5.000000e+000
         vertex 7.264971e+001 5.109916e+000 5.000000e+000
      endloop
   endfacet
   facet normal 2.387236e-001 -6.558953e-001 7.161092e-001
      outer loop
         vertex 5.824430e+000 7.722917e+001 5.000000e+000
         vertex 6.035819e+000 7.676021e+001 4.500000e+000
         vertex 7.000000e+000 7.711114e+001 4.500000e+000
      endloop
   endfacet
   facet normal 6.487777e-001 1.143967e-001 7.523303e-001
      outer loop
         vertex 5.097887e+000 7.499310e+001 5.000000e+000
         vertex 5.700962e+000 7.486114e+001 4.500000e+000
         vertex 5.522789e+000 7.587161e+001 4.500000e+000
      endloop
   endfacet
   facet normal 0.000000e+000 6.462273e-001 7.631450e-001
      outer loop
         vertex 7.000000e+000 7.361114e+001 5.000000e+000
         vertex 7.513030e+000 7.420160e+001 4.500000e+000
         vertex 6.486970e+000 7.420160e+001 4.500000e+000
      endloop
   endfacet
   facet normal -6.487777e-001 1.143970e-001 7.523303e-001
      outer loop
         vertex 8.902113e+000 7.499310e+001 5.000000e+000
         vertex 8.477212e+000 7.587161e+001 4.500000e+000
         vertex 8.299038e+000 7.486114e+001 4.500000e+000
      endloop
   endfacet
   facet normal -2.387236e-001 -6.558953e-001 7.161092e-001
      outer loop
         vertex 8.175570e+000 7.722917e+001 5.000000e+000
         vertex 7.000000e+000 7.711114e+001 4.500000e+000
         vertex 7.964181e+000 7.676021e+001 4.500000e+000
      endloop
   endfacet
   facet normal -2.239188e-001 -6.891518e-001 6.891518e-001
      outer loop
         vertex 7.000000e+000 7.711114e+001 4.500000e+000
         vertex 8.175570e+000 7.722917e+001 5.000000e+000
         vertex 7.000000e+000 7.761114e+001 5.000000e+000
      endloop
   endfacet
   facet normal -6.253841e-001 4.543681e-001 6.343851e-001
      outer loop
         vertex 8.299038e+000 7.486114e+001 4.500000e+000
         vertex 8.175570e+000 7.399310e+001 5.000000e+000
         vertex 8.902113e+000 7.499310e+001 5.000000e+000
      endloop
   endfacet
   facet normal 2.405892e-001 7.404582e-001 6.275655e-001
      outer loop
         vertex 6.486970e+000 7.420160e+001 4.500000e+000
         vertex 5.824430e+000 7.399310e+001 5.000000e+000
         vertex 7.000000e+000 7.361114e+001 5.000000e+000
      endloop
   endfacet
   facet normal 7.620134e-001 0.000000e+000 6.475613e-001
      outer loop
         vertex 5.522789e+000 7.587161e+001 4.500000e+000
         vertex 5.097887e+000 7.622917e+001 5.000000e+000
         vertex 5.097887e+000 7.499310e+001 5.000000e+000
      endloop
   endfacet
   facet normal 2.239188e-001 -6.891518e-001 6.891518e-001
      outer loop
         vertex 7.000000e+000 7.711114e+001 4.500000e+000
         vertex 7.000000e+000 7.761114e+001 5.000000e+000
         vertex 5.824430e+000 7.722917e+001 5.000000e+000
      endloop
   endfacet
   facet normal -7.620138e-001 0.000000e+000 6.475608e-001
      outer loop
         vertex 8.902113e+000 7.622917e+001 5.000000e+000
         vertex 8.477212e+000 7.587161e+001 4.500000e+000
         vertex 8.902113e+000 7.499310e+001 5.000000e+000
      endloop
   endfacet
   facet normal 5.844374e-001 -3.374245e-001 7.379551e-001
      outer loop
         vertex 5.097887e+000 7.622917e+001 5.000000e+000
         vertex 5.522789e+000 7.587161e+001 4.500000e+000
         vertex 6.035819e+000 7.676021e+001 4.500000e+000
      endloop
   endfacet
   facet normal -4.173889e-001 4.974252e-001 7.604964e-001
      outer loop
         vertex 8.175570e+000 7.399310e+001 5.000000e+000
         vertex 8.299038e+000 7.486114e+001 4.500000e+000
         vertex 7.513030e+000 7.420160e+001 4.500000e+000
      endloop
   endfacet
   facet normal -6.033332e-001 -4.383472e-001 6.662138e-001
      outer loop
         vertex 7.964181e+000 7.676021e+001 4.500000e+000
         vertex 8.902113e+000 7.622917e+001 5.000000e+000
         vertex 8.175570e+000 7.722917e+001 5.000000e+000
      endloop
   endfacet
   facet normal 6.253841e-001 4.543681e-001 6.343851e-001
      outer loop
         vertex 5.700962e+000 7.486114e+001 4.500000e+000
         vertex 5.097887e+000 7.499310e+001 5.000000e+000
         vertex 5.824430e+000 7.399310e+001 5.000000e+000
      endloop
   endfacet
   facet normal 6.033332e-001 -4.383472e-001 6.662138e-001
      outer loop
         vertex 5.824430e+000 7.722917e+001 5.000000e+000
         vertex 5.097887e+000 7.622917e+001 5.000000e+000
         vertex 6.035819e+000 7.676021e+001 4.500000e+000
      endloop
   endfacet
   facet normal 4.173889e-001 4.974252e-001 7.604964e-001
      outer loop
         vertex 5.824430e+000 7.399310e+001 5.000000e+000
         vertex 6.486970e+000 7.420160e+001 4.500000e+000
         vertex 5.700962e+000 7.486114e+001 4.500000e+000
      endloop
   endfacet
   facet normal -2.405892e-001 7.404582e-001 6.275655e-001
      outer loop
         vertex 7.513030e+000 7.420160e+001 4.500000e+000
         vertex 7.000000e+000 7.361114e+001 5.000000e+000
         vertex 8.175570e+000 7.399310e+001 5.000000e+000
      endloop
   endfacet
   facet normal -5.844374e-001 -3.374249e-001 7.379548e-001
      outer loop
         vertex 8.477212e+000 7.587161e+001 4.500000e+000
         vertex 8.902113e+000 7.622917e+001 5.000000e+000
         vertex 7.964181e+000 7.676021e+001 4.500000e+000
      endloop
   endfacet
   facet normal -2.239186e-001 -6.891518e-001 6.891518e-001
      outer loop
         vertex 5.500000e+001 4.111114e+001 4.500000e+000
         vertex 5.617557e+001 4.122918e+001 5.000000e+000
         vertex 5.500000e+001 4.161114e+001 5.000000e+000
      endloop
   endfacet
   facet normal -7.620116e-001 0.000000e+000 6.475634e-001
      outer loop
         vertex 5.647721e+001 3.987161e+001 4.500000e+000
         vertex 5.690211e+001 3.899311e+001 5.000000e+000
         vertex 5.690211e+001 4.022918e+001 5.000000e+000
      endloop
   endfacet
   facet normal -2.405891e-001 7.404584e-001 6.275654e-001
      outer loop
         vertex 5.551303e+001 3.820160e+001 4.500000e+000
         vertex 5.500000e+001 3.761114e+001 5.000000e+000
         vertex 5.617557e+001 3.799311e+001 5.000000e+000
      endloop
   endfacet
   facet normal 6.253830e-001 4.543679e-001 6.343862e-001
      outer loop
         vertex 5.370096e+001 3.886114e+001 4.500000e+000
         vertex 5.309789e+001 3.899311e+001 5.000000e+000
         vertex 5.382443e+001 3.799311e+001 5.000000e+000
      endloop
   endfacet
   facet normal 6.033303e-001 -4.383457e-001 6.662174e-001
      outer loop
         vertex 5.403582e+001 4.076021e+001 4.500000e+000
         vertex 5.382443e+001 4.122918e+001 5.000000e+000
         vertex 5.309789e+001 4.022918e+001 5.000000e+000
      endloop
   endfacet
   facet normal 2.387251e-001 -6.558914e-001 7.161123e-001
      outer loop
         vertex 5.382443e+001 4.122918e+001 5.000000e+000
         vertex 5.403582e+001 4.076021e+001 4.500000e+000
         vertex 5.500000e+001 4.111114e+001 4.500000e+000
      endloop
   endfacet
   facet normal 6.487765e-001 1.143966e-001 7.523314e-001
      outer loop
         vertex 5.309789e+001 3.899311e+001 5.000000e+000
         vertex 5.370096e+001 3.886114e+001 4.500000e+000
         vertex 5.352279e+001 3.987161e+001 4.500000e+000
      endloop
   endfacet
   facet normal 0.000000e+000 6.462273e-001 7.631450e-001
      outer loop
         vertex 5.500000e+001 3.761114e+001 5.000000e+000
         vertex 5.551303e+001 3.820160e+001 4.500000e+000
         vertex 5.448697e+001 3.820160e+001 4.500000e+000
      endloop
   endfacet
   facet normal -6.487765e-001 1.143966e-001 7.523314e-001
      outer loop
         vertex 5.690211e+001 3.899311e+001 5.000000e+000
         vertex 5.647721e+001 3.987161e+001 4.500000e+000
         vertex 5.629904e+001 3.886114e+001 4.500000e+000
      endloop
   endfacet
   facet normal -2.387251e-001 -6.558914e-001 7.161123e-001
      outer loop
         vertex 5.617557e+001 4.122918e+001 5.000000e+000
         vertex 5.500000e+001 4.111114e+001 4.500000e+000
         vertex 5.596418e+001 4.076021e+001 4.500000e+000
      endloop
   endfacet
   facet normal 5.844347e-001 -3.374236e-001 7.379576e-001
      outer loop
         vertex 5.352279e+001 3.987161e+001 4.500000e+000
         vertex 5.403582e+001 4.076021e+001 4.500000e+000
         vertex 5.309789e+001 4.022918e+001 5.000000e+000
      endloop
   endfacet
   facet normal -6.033303e-001 -4.383457e-001 6.662174e-001
      outer loop
         vertex 5.596418e+001 4.076021e+001 4.500000e+000
         vertex 5.690211e+001 4.022918e+001 5.000000e+000
         vertex 5.617557e+001 4.122918e+001 5.000000e+000
      endloop
   endfacet
   facet normal 2.405891e-001 7.404584e-001 6.275654e-001
      outer loop
         vertex 5.448697e+001 3.820160e+001 4.500000e+000
         vertex 5.382443e+001 3.799311e+001 5.000000e+000
         vertex 5.500000e+001 3.761114e+001 5.000000e+000
      endloop
   endfacet
   facet normal 2.239186e-001 -6.891518e-001 6.891518e-001
      outer loop
         vertex 5.500000e+001 4.111114e+001 4.500000e+000
         vertex 5.500000e+001 4.161114e+001 5.000000e+000
         vertex 5.382443e+001 4.122918e+001 5.000000e+000
      endloop
   endfacet
   facet normal -4.173891e-001 4.974248e-001 7.604965e-001
      outer loop
         vertex 5.617557e+001 3.799311e+001 5.000000e+000
         vertex 5.629904e+001 3.886114e+001 4.500000e+000
         vertex 5.551303e+001 3.820160e+001 4.500000e+000
      endloop
   endfacet
   facet normal 7.620116e-001 -0.000000e+000 6.475634e-001
      outer loop
         vertex 5.309789e+001 4.022918e+001 5.000000e+000
         vertex 5.309789e+001 3.899311e+001 5.000000e+000
         vertex 5.352279e+001 3.987161e+001 4.500000e+000
      endloop
   endfacet
   facet normal -6.253830e-001 4.543679e-001 6.343862e-001
      outer loop
         vertex 5.629904e+001 3.886114e+001 4.500000e+000
         vertex 5.617557e+001 3.799311e+001 5.000000e+000
         vertex 5.690211e+001 3.899311e+001 5.000000e+000
      endloop
   endfacet
   facet normal -5.844347e-001 -3.374236e-001 7.379576e-001
      outer loop
         vertex 5.690211e+001 4.022918e+001 5.000000e+000
         vertex 5.596418e+001 4.076021e+001 4.500000e+000
         vertex 5.647721e+001 3.987161e+001 4.500000e+000
      endloop
   endfacet
   facet normal 4.173891e-001 4.974248e-001 7.604965e-001
      outer loop
         vertex 5.382443e+001 3.799311e+001 5.000000e+000
         vertex 5.448697e+001 3.820160e+001 4.500000e+000
         vertex 5.370096e+001 3.886114e+001 4.500000e+000
      endloop
   endfacet
   facet normal 2.387237e-001 -6.558947e-001 7.161098e-001
      outer loop
         vertex 5.382443e+001 7.722917e+001 5.000000e+000
         vertex 5.403582e+001 7.676021e+001 4.500000e+000
         vertex 5.500000e+001 7.711114e+001 4.500000e+000
      endloop
   endfacet
   facet normal 6.487764e-001 1.143962e-001 7.523315e-001
      outer loop
         vertex 5.309789e+001 7.499310e+001 5.000000e+000
         vertex 5.370096e+001 7.486114e+001 4.500000e+000
         vertex 5.352279e+001 7.587161e+001 4.500000e+000
      endloop
   endfacet
   facet normal 0.000000e+000 6.462273e-001 7.631450e-001
      outer loop
         vertex 5.500000e+001 7.361114e+001 5.000000e+000
         vertex 5.551303e+001 7.420160e+001 4.500000e+000
         vertex 5.448697e+001 7.420160e+001 4.500000e+000
      endloop
   endfacet
   facet normal -6.487764e-001 1.143962e-001 7.523315e-001
      outer loop
         vertex 5.690211e+001 7.499310e+001 5.000000e+000
         vertex 5.647721e+001 7.587161e+001 4.500000e+000
         vertex 5.629904e+001 7.486114e+001 4.500000e+000
      endloop
   endfacet
   facet normal -2.387237e-001 -6.558947e-001 7.161098e-001
      outer loop
         vertex 5.617557e+001 7.722917e+001 5.000000e+000
         vertex 5.500000e+001 7.711114e+001 4.500000e+000
         vertex 5.596418e+001 7.676021e+001 4.500000e+000
      endloop
   endfacet
   facet normal -2.239186e-001 -6.891518e-001 6.891518e-001
      outer loop
         vertex 5.500000e+001 7.711114e+001 4.500000e+000
         vertex 5.617557e+001 7.722917e+001 5.000000e+000
         vertex 5.500000e+001 7.761114e+001 5.000000e+000
      endloop
   endfacet
   facet normal -6.253830e-001 4.543679e-001 6.343862e-001
      outer loop
         vertex 5.629904e+001 7.486114e+001 4.500000e+000
         vertex 5.617557e+001 7.399310e+001 5.000000e+000
         vertex 5.690211e+001 7.499310e+001 5.000000e+000
      endloop
   endfacet
   facet normal 2.405891e-001 7.404584e-001 6.275654e-001
      outer loop
         vertex 5.448697e+001 7.420160e+001 4.500000e+000
         vertex 5.382443e+001 7.399310e+001 5.000000e+000
         vertex 5.500000e+001 7.361114e+001 5.000000e+000
      endloop
   endfacet
   facet normal 7.620116e-001 0.000000e+000 6.475634e-001
      outer loop
         vertex 5.352279e+001 7.587161e+001 4.500000e+000
         vertex 5.309789e+001 7.622917e+001 5.000000e+000
         vertex 5.309789e+001 7.499310e+001 5.000000e+000
      endloop
   endfacet
   facet normal 2.239186e-001 -6.891518e-001 6.891518e-001
      outer loop
         vertex 5.500000e+001 7.711114e+001 4.500000e+000
         vertex 5.500000e+001 7.761114e+001 5.000000e+000
         vertex 5.382443e+001 7.722917e+001 5.000000e+000
      endloop
   endfacet
   facet normal -7.620116e-001 0.000000e+000 6.475634e-001
      outer loop
         vertex 5.690211e+001 7.622917e+001 5.000000e+000
         vertex 5.647721e+001 7.587161e+001 4.500000e+000
         vertex 5.690211e+001 7.499310e+001 5.000000e+000
      endloop
   endfacet
   facet normal 5.844358e-001 -3.374243e-001 7.379564e-001
      outer loop
         vertex 5.309789e+001 7.622917e+001 5.000000e+000
         vertex 5.352279e+001 7.587161e+001 4.500000e+000
         vertex 5.403582e+001 7.676021e+001 4.500000e+000
      endloop
   endfacet
   facet normal -4.173891e-001 4.974248e-001 7.604965e-001
      outer loop
         vertex 5.617557e+001 7.399310e+001 5.000000e+000
         vertex 5.629904e+001 7.486114e+001 4.500000e+000
         vertex 5.551303e+001 7.420160e+001 4.500000e+000
      endloop
   endfacet
   facet normal -6.033316e-001 -4.383466e-001 6.662156e-001
      outer loop
         vertex 5.596418e+001 7.676021e+001 4.500000e+000
         vertex 5.690211e+001 7.622917e+001 5.000000e+000
         vertex 5.617557e+001 7.722917e+001 5.000000e+000
      endloop
   endfacet
   facet normal 6.253830e-001 4.543679e-001 6.343862e-001
      outer loop
         vertex 5.370096e+001 7.486114e+001 4.500000e+000
         vertex 5.309789e+001 7.499310e+001 5.000000e+000
         vertex 5.382443e+001 7.399310e+001 5.000000e+000
      endloop
   endfacet
   facet normal 6.033316e-001 -4.383466e-001 6.662156e-001
      outer loop
         vertex 5.382443e+001 7.722917e+001 5.000000e+000
         vertex 5.309789e+001 7.622917e+001 5.000000e+000
         vertex 5.403582e+001 7.676021e+001 4.500000e+000
      endloop
   endfacet
   facet normal 4.173891e-001 4.974248e-001 7.604965e-001
      outer loop
         vertex 5.382443e+001 7.399310e+001 5.000000e+000
         vertex 5.448697e+001 7.420160e+001 4.500000e+000
         vertex 5.370096e+001 7.486114e+001 4.500000e+000
      endloop
   endfacet
   facet normal -2.405891e-001 7.404584e-001 6.275654e-001
      outer loop
         vertex 5.551303e+001 7.420160e+001 4.500000e+000
         vertex 5.500000e+001 7.361114e+001 5.000000e+000
         vertex 5.617557e+001 7.399310e+001 5.000000e+000
      endloop
   endfacet
   facet normal -5.844358e-001 -3.374243e-001 7.379564e-001
      outer loop
         vertex 5.647721e+001 7.587161e+001 4.500000e+000
         vertex 5.690211e+001 7.622917e+001 5.000000e+000
         vertex 5.596418e+001 7.676021e+001 4.500000e+000
      endloop
   endfacet
   facet normal 1.950901e-001 9.807853e-001 -0.000000e+000
      outer loop
         vertex 1.003073e+001 1.146955e+002 0.000000e+000
         vertex 8.500000e+000 1.150000e+002 0.000000e+000
         vertex 8.500000e+000 1.150000e+002 5.000000e+000
      endloop
   endfacet
   facet normal 5.555691e-001 8.314704e-001 0.000000e+000
      outer loop
         vertex 1.003073e+001 1.146955e+002 5.000000e+000
         vertex 1.132843e+001 1.138284e+002 5.000000e+000
         vertex 1.003073e+001 1.146955e+002 0.000000e+000
      endloop
   endfacet
   facet normal 9.807853e-001 1.950904e-001 0.000000e+000
      outer loop
         vertex 1.219552e+001 1.125307e+002 5.000000e+000
         vertex 1.250000e+001 1.110000e+002 5.000000e+000
         vertex 1.250000e+001 1.110000e+002 1.480297e-016
      endloop
   endfacet
   facet normal 8.314707e-001 5.555687e-001 -0.000000e+000
      outer loop
         vertex 1.219552e+001 1.125307e+002 0.000000e+000
         vertex 1.132843e+001 1.138284e+002 0.000000e+000
         vertex 1.132843e+001 1.138284e+002 5.000000e+000
      endloop
   endfacet
   facet normal 1.950901e-001 9.807853e-001 0.000000e+000
      outer loop
         vertex 1.003073e+001 1.146955e+002 0.000000e+000
         vertex 8.500000e+000 1.150000e+002 5.000000e+000
         vertex 1.003073e+001 1.146955e+002 5.000000e+000
      endloop
   endfacet
   facet normal 8.314707e-001 5.555687e-001 0.000000e+000
      outer loop
         vertex 1.219552e+001 1.125307e+002 0.000000e+000
         vertex 1.132843e+001 1.138284e+002 5.000000e+000
         vertex 1.219552e+001 1.125307e+002 5.000000e+000
      endloop
   endfacet
   facet normal 9.807853e-001 1.950904e-001 -0.000000e+000
      outer loop
         vertex 1.250000e+001 1.110000e+002 1.480297e-016
         vertex 1.219552e+001 1.125307e+002 0.000000e+000
         vertex 1.219552e+001 1.125307e+002 5.000000e+000
      endloop
   endfacet
   facet normal 5.555691e-001 8.314704e-001 0.000000e+000
      outer loop
         vertex 1.003073e+001 1.146955e+002 0.000000e+000
         vertex 1.132843e+001 1.138284e+002 5.000000e+000
         vertex 1.132843e+001 1.138284e+002 0.000000e+000
      endloop
   endfacet
   facet normal 0.000000e+000 1.000000e+000 0.000000e+000
      outer loop
         vertex 8.500000e+000 1.150000e+002 0.000000e+000
         vertex 4.000000e+000 1.150000e+002 0.000000e+000
         vertex 4.000000e+000 1.150000e+002 5.000000e+000
      endloop
   endfacet
   facet normal 0.000000e+000 1.000000e+000 -0.000000e+000
      outer loop
         vertex 8.500000e+000 1.150000e+002 5.000000e+000
         vertex 8.500000e+000 1.150000e+002 0.000000e+000
         vertex 4.000000e+000 1.150000e+002 5.000000e+000
      endloop
   endfacet
   facet normal -1.950901e-001 9.807853e-001 0.000000e+000
      outer loop
         vertex 2.469266e+000 1.146955e+002 0.000000e+000
         vertex 2.469266e+000 1.146955e+002 5.000000e+000
         vertex 4.000000e+000 1.150000e+002 5.000000e+000
      endloop
   endfacet
   facet normal -8.314707e-001 5.555686e-001 0.000000e+000
      outer loop
         vertex 3.044819e-001 1.125307e+002 0.000000e+000
         vertex 3.044819e-001 1.125307e+002 5.000000e+000
         vertex 1.171573e+000 1.138284e+002 5.000000e+000
      endloop
   endfacet
   facet normal -9.807852e-001 1.950906e-001 4.645932e-016
      outer loop
         vertex 3.044819e-001 1.125307e+002 5.000000e+000
         vertex 4.736952e-015 1.110000e+002 0.000000e+000
         vertex 7.105427e-015 1.110000e+002 5.000000e+000
      endloop
   endfacet
   facet normal -5.555691e-001 8.314704e-001 0.000000e+000
      outer loop
         vertex 2.469266e+000 1.146955e+002 5.000000e+000
         vertex 2.469266e+000 1.146955e+002 0.000000e+000
         vertex 1.171573e+000 1.138284e+002 0.000000e+000
      endloop
   endfacet
   facet normal -1.950901e-001 9.807853e-001 0.000000e+000
      outer loop
         vertex 2.469266e+000 1.146955e+002 0.000000e+000
         vertex 4.000000e+000 1.150000e+002 5.000000e+000
         vertex 4.000000e+000 1.150000e+002 0.000000e+000
      endloop
   endfacet
   facet normal -9.807852e-001 1.950906e-001 0.000000e+000
      outer loop
         vertex 3.044819e-001 1.125307e+002 0.000000e+000
         vertex 4.736952e-015 1.110000e+002 0.000000e+000
         vertex 3.044819e-001 1.125307e+002 5.000000e+000
      endloop
   endfacet
   facet normal -5.555691e-001 8.314704e-001 0.000000e+000
      outer loop
         vertex 1.171573e+000 1.138284e+002 0.000000e+000
         vertex 1.171573e+000 1.138284e+002 5.000000e+000
         vertex 2.469266e+000 1.146955e+002 5.000000e+000
      endloop
   endfacet
   facet normal -8.314707e-001 5.555686e-001 0.000000e+000
      outer loop
         vertex 1.171573e+000 1.138284e+002 0.000000e+000
         vertex 3.044819e-001 1.125307e+002 0.000000e+000
         vertex 1.171573e+000 1.138284e+002 5.000000e+000
      endloop
   endfacet
   facet normal 1.800645e-001 -6.720095e-001 7.183175e-001
      outer loop
         vertex 4.514465e+000 1.136039e+002 5.000000e+000
         vertex 4.750000e+000 1.125981e+002 4.000000e+000
         vertex 6.250000e+000 1.130000e+002 4.000000e+000
      endloop
   endfacet
   facet normal 6.499379e-001 -1.741504e-001 7.397651e-001
      outer loop
         vertex 2.350288e+000 1.108901e+002 5.000000e+000
         vertex 3.250000e+000 1.100000e+002 4.000000e+000
         vertex 3.651924e+000 1.115000e+002 4.000000e+000
      endloop
   endfacet
   facet normal 4.811162e-001 4.811163e-001 7.328399e-001
      outer loop
         vertex 3.122674e+000 1.075060e+002 5.000000e+000
         vertex 4.750000e+000 1.074019e+002 4.000000e+000
         vertex 3.651924e+000 1.085000e+002 4.000000e+000
      endloop
   endfacet
   facet normal -1.800645e-001 6.720095e-001 7.183175e-001
      outer loop
         vertex 7.985535e+000 1.063961e+002 5.000000e+000
         vertex 7.750000e+000 1.074019e+002 4.000000e+000
         vertex 6.250000e+000 1.070000e+002 4.000000e+000
      endloop
   endfacet
   facet normal -6.499379e-001 1.741505e-001 7.397651e-001
      outer loop
         vertex 1.014971e+001 1.091099e+002 5.000000e+000
         vertex 9.250000e+000 1.100000e+002 4.000000e+000
         vertex 8.848076e+000 1.085000e+002 4.000000e+000
      endloop
   endfacet
   facet normal -4.811162e-001 -4.811162e-001 7.328399e-001
      outer loop
         vertex 9.377326e+000 1.124940e+002 5.000000e+000
         vertex 7.750000e+000 1.125981e+002 4.000000e+000
         vertex 8.848076e+000 1.115000e+002 4.000000e+000
      endloop
   endfacet
   facet normal -1.593312e-001 -6.980736e-001 6.980736e-001
      outer loop
         vertex 6.250000e+000 1.130000e+002 4.000000e+000
         vertex 7.985535e+000 1.136039e+002 5.000000e+000
         vertex 6.250000e+000 1.140000e+002 5.000000e+000
      endloop
   endfacet
   facet normal -7.434007e-001 0.000000e+000 6.688463e-001
      outer loop
         vertex 9.250000e+000 1.100000e+002 4.000000e+000
         vertex 1.014971e+001 1.091099e+002 5.000000e+000
         vertex 1.014971e+001 1.108901e+002 5.000000e+000
      endloop
   endfacet
   facet normal -4.558317e-001 5.715947e-001 6.822734e-001
      outer loop
         vertex 7.750000e+000 1.074019e+002 4.000000e+000
         vertex 7.985535e+000 1.063961e+002 5.000000e+000
         vertex 9.377326e+000 1.075060e+002 5.000000e+000
      endloop
   endfacet
   facet normal 1.593312e-001 6.980736e-001 6.980736e-001
      outer loop
         vertex 6.250000e+000 1.070000e+002 4.000000e+000
         vertex 4.514465e+000 1.063961e+002 5.000000e+000
         vertex 6.250000e+000 1.060000e+002 5.000000e+000
      endloop
   endfacet
   facet normal 6.669918e-001 3.212065e-001 6.722710e-001
      outer loop
         vertex 3.651924e+000 1.085000e+002 4.000000e+000
         vertex 2.350288e+000 1.091099e+002 5.000000e+000
         vertex 3.122674e+000 1.075060e+002 5.000000e+000
      endloop
   endfacet
   facet normal 6.669918e-001 -3.212065e-001 6.722710e-001
      outer loop
         vertex 3.651924e+000 1.115000e+002 4.000000e+000
         vertex 3.122674e+000 1.124940e+002 5.000000e+000
         vertex 2.350288e+000 1.108901e+002 5.000000e+000
      endloop
   endfacet
   facet normal 1.593312e-001 -6.980736e-001 6.980736e-001
      outer loop
         vertex 6.250000e+000 1.130000e+002 4.000000e+000
         vertex 6.250000e+000 1.140000e+002 5.000000e+000
         vertex 4.514465e+000 1.136039e+002 5.000000e+000
      endloop
   endfacet
   facet normal 4.558317e-001 5.715947e-001 6.822734e-001
      outer loop
         vertex 4.514465e+000 1.063961e+002 5.000000e+000
         vertex 4.750000e+000 1.074019e+002 4.000000e+000
         vertex 3.122674e+000 1.075060e+002 5.000000e+000
      endloop
   endfacet
   facet normal 1.800645e-001 6.720095e-001 7.183175e-001
      outer loop
         vertex 4.750000e+000 1.074019e+002 4.000000e+000
         vertex 4.514465e+000 1.063961e+002 5.000000e+000
         vertex 6.250000e+000 1.070000e+002 4.000000e+000
      endloop
   endfacet
   facet normal 4.811162e-001 -4.811163e-001 7.328399e-001
      outer loop
         vertex 3.122674e+000 1.124940e+002 5.000000e+000
         vertex 3.651924e+000 1.115000e+002 4.000000e+000
         vertex 4.750000e+000 1.125981e+002 4.000000e+000
      endloop
   endfacet
   facet normal -4.811162e-001 4.811162e-001 7.328399e-001
      outer loop
         vertex 9.377326e+000 1.075060e+002 5.000000e+000
         vertex 8.848076e+000 1.085000e+002 4.000000e+000
         vertex 7.750000e+000 1.074019e+002 4.000000e+000
      endloop
   endfacet
   facet normal -1.800645e-001 -6.720095e-001 7.183175e-001
      outer loop
         vertex 7.985535e+000 1.136039e+002 5.000000e+000
         vertex 6.250000e+000 1.130000e+002 4.000000e+000
         vertex 7.750000e+000 1.125981e+002 4.000000e+000
      endloop
   endfacet
   facet normal -6.669917e-001 -3.212065e-001 6.722711e-001
      outer loop
         vertex 8.848076e+000 1.115000e+002 4.000000e+000
         vertex 1.014971e+001 1.108901e+002 5.000000e+000
         vertex 9.377326e+000 1.124940e+002 5.000000e+000
      endloop
   endfacet
   facet normal -1.593312e-001 6.980736e-001 6.980736e-001
      outer loop
         vertex 6.250000e+000 1.070000e+002 4.000000e+000
         vertex 6.250000e+000 1.060000e+002 5.000000e+000
         vertex 7.985535e+000 1.063961e+002 5.000000e+000
      endloop
   endfacet
   facet normal 4.558317e-001 -5.715947e-001 6.822734e-001
      outer loop
         vertex 4.750000e+000 1.125981e+002 4.000000e+000
         vertex 4.514465e+000 1.136039e+002 5.000000e+000
         vertex 3.122674e+000 1.124940e+002 5.000000e+000
      endloop
   endfacet
   facet normal 6.499379e-001 1.741504e-001 7.397651e-001
      outer loop
         vertex 2.350288e+000 1.091099e+002 5.000000e+000
         vertex 3.651924e+000 1.085000e+002 4.000000e+000
         vertex 3.250000e+000 1.100000e+002 4.000000e+000
      endloop
   endfacet
   facet normal -4.558317e-001 -5.715947e-001 6.822734e-001
      outer loop
         vertex 7.750000e+000 1.125981e+002 4.000000e+000
         vertex 9.377326e+000 1.124940e+002 5.000000e+000
         vertex 7.985535e+000 1.136039e+002 5.000000e+000
      endloop
   endfacet
   facet normal 7.434007e-001 0.000000e+000 6.688463e-001
      outer loop
         vertex 3.250000e+000 1.100000e+002 4.000000e+000
         vertex 2.350288e+000 1.108901e+002 5.000000e+000
         vertex 2.350288e+000 1.091099e+002 5.000000e+000
      endloop
   endfacet
   facet normal -6.499379e-001 -1.741505e-001 7.397651e-001
      outer loop
         vertex 1.014971e+001 1.108901e+002 5.000000e+000
         vertex 8.848076e+000 1.115000e+002 4.000000e+000
         vertex 9.250000e+000 1.100000e+002 4.000000e+000
      endloop
   endfacet
   facet normal -6.669917e-001 3.212065e-001 6.722711e-001
      outer loop
         vertex 8.848076e+000 1.085000e+002 4.000000e+000
         vertex 9.377326e+000 1.075060e+002 5.000000e+000
         vertex 1.014971e+001 1.091099e+002 5.000000e+000
      endloop
   endfacet
   facet normal 0.000000e+000 0.000000e+000 -1.000000e+000
      outer loop
         vertex 6.875000e+001 2.000000e+000 0.000000e+000
         vertex 7.100000e+001 0.000000e+000 0.000000e+000
         vertex 6.650000e+001 0.000000e+000 0.000000e+000
      endloop
   endfacet
   facet normal -2.039016e-017 3.051616e-017 -1.000000e+000
      outer loop
         vertex 7.187733e+001 3.506041e+000 1.110223e-016
         vertex 7.382843e+001 1.171573e+000 0.000000e+000
         vertex 7.253073e+001 3.044819e-001 0.000000e+000
      endloop
   endfacet
   facet normal -3.670864e-017 7.301794e-018 -1.000000e+000
      outer loop
         vertex 7.187733e+001 3.506041e+000 1.110223e-016
         vertex 7.500000e+001 4.000000e+000 0.000000e+000
         vertex 7.469552e+001 2.469266e+000 0.000000e+000
      endloop
   endfacet
   facet normal 3.670864e-017 7.301806e-018 -1.000000e+000
      outer loop
         vertex 7.187733e+001 1.114940e+002 -1.110223e-016
         vertex 7.469552e+001 1.125307e+002 0.000000e+000
         vertex 7.500000e+001 1.110000e+002 0.000000e+000
      endloop
   endfacet
   facet normal 2.039009e-017 3.051615e-017 -1.000000e+000
      outer loop
         vertex 7.187733e+001 1.114940e+002 -1.110223e-016
         vertex 7.253073e+001 1.146955e+002 0.000000e+000
         vertex 7.382843e+001 1.138284e+002 0.000000e+000
      endloop
   endfacet
   facet normal 0.000000e+000 0.000000e+000 -1.000000e+000
      outer loop
         vertex 6.875000e+001 1.130000e+002 0.000000e+000
         vertex 6.650000e+001 1.150000e+002 0.000000e+000
         vertex 7.100000e+001 1.150000e+002 0.000000e+000
      endloop
   endfacet
   facet normal 0.000000e+000 0.000000e+000 -1.000000e+000
      outer loop
         vertex 6.562267e+001 1.114940e+002 0.000000e+000
         vertex 6.367157e+001 1.138284e+002 0.000000e+000
         vertex 6.496927e+001 1.146955e+002 0.000000e+000
      endloop
   endfacet
   facet normal -3.315065e-017 -9.011117e-017 -1.000000e+000
      outer loop
         vertex 6.562267e+001 1.114940e+002 0.000000e+000
         vertex 6.250000e+001 1.110000e+002 1.480297e-016
         vertex 6.280448e+001 1.125307e+002 0.000000e+000
      endloop
   endfacet
   facet normal 0.000000e+000 0.000000e+000 -1.000000e+000
      outer loop
         vertex 5.403582e+001 7.676021e+001 0.000000e+000
         vertex 1.250000e+001 9.250000e+001 0.000000e+000
         vertex 6.250000e+001 9.250000e+001 0.000000e+000
      endloop
   endfacet
   facet normal 6.688410e-017 -8.340117e-017 -1.000000e+000
      outer loop
         vertex 1.014971e+001 1.108901e+002 0.000000e+000
         vertex 1.219552e+001 1.125307e+002 0.000000e+000
         vertex 1.250000e+001 1.110000e+002 1.480297e-016
      endloop
   endfacet
   facet normal 0.000000e+000 -0.000000e+000 -1.000000e+000
      outer loop
         vertex 9.377326e+000 1.124940e+002 0.000000e+000
         vertex 1.003073e+001 1.146955e+002 0.000000e+000
         vertex 1.132843e+001 1.138284e+002 0.000000e+000
      endloop
   endfacet
   facet normal 0.000000e+000 0.000000e+000 -1.000000e+000
      outer loop
         vertex 6.250000e+000 1.140000e+002 0.000000e+000
         vertex 4.000000e+000 1.150000e+002 0.000000e+000
         vertex 8.500000e+000 1.150000e+002 0.000000e+000
      endloop
   endfacet
   facet normal 0.000000e+000 0.000000e+000 -1.000000e+000
      outer loop
         vertex 3.122674e+000 1.124940e+002 0.000000e+000
         vertex 1.171573e+000 1.138284e+002 0.000000e+000
         vertex 2.469266e+000 1.146955e+002 0.000000e+000
      endloop
   endfacet
   facet normal 0.000000e+000 0.000000e+000 -1.000000e+000
      outer loop
         vertex 2.350288e+000 1.108901e+002 0.000000e+000
         vertex 4.736952e-015 1.110000e+002 0.000000e+000
         vertex 3.044819e-001 1.125307e+002 0.000000e+000
      endloop
   endfacet
   facet normal 0.000000e+000 0.000000e+000 -1.000000e+000
      outer loop
         vertex 2.350288e+000 4.109916e+000 0.000000e+000
         vertex 3.044819e-001 2.469266e+000 0.000000e+000
         vertex 0.000000e+000 4.000000e+000 0.000000e+000
      endloop
   endfacet
   facet normal 0.000000e+000 0.000000e+000 -1.000000e+000
      outer loop
         vertex 3.122674e+000 2.506041e+000 0.000000e+000
         vertex 2.469266e+000 3.044819e-001 0.000000e+000
         vertex 1.171573e+000 1.171573e+000 0.000000e+000
      endloop
   endfacet
   facet normal -0.000000e+000 0.000000e+000 -1.000000e+000
      outer loop
         vertex 6.250000e+000 1.000000e+000 0.000000e+000
         vertex 8.500000e+000 8.881784e-016 0.000000e+000
         vertex 4.000000e+000 0.000000e+000 0.000000e+000
      endloop
   endfacet
   facet normal -2.811920e-017 4.208336e-017 -1.000000e+000
      outer loop
         vertex 9.377326e+000 2.506041e+000 1.110223e-016
         vertex 1.132843e+001 1.171573e+000 0.000000e+000
         vertex 1.003073e+001 3.044819e-001 0.000000e+000
      endloop
   endfacet
   facet normal 6.688408e-017 8.340103e-017 -1.000000e+000
      outer loop
         vertex 1.014971e+001 4.109916e+000 0.000000e+000
         vertex 1.250000e+001 4.000000e+000 1.480297e-016
         vertex 1.219552e+001 2.469266e+000 0.000000e+000
      endloop
   endfacet
   facet normal 0.000000e+000 0.000000e+000 -1.000000e+000
      outer loop
         vertex 5.370096e+001 3.886114e+001 0.000000e+000
         vertex 6.250000e+001 2.250000e+001 0.000000e+000
         vertex 1.250000e+001 2.250000e+001 0.000000e+000
      endloop
   endfacet
   facet normal -3.315063e-017 9.011102e-017 -1.000000e+000
      outer loop
         vertex 6.562267e+001 3.506041e+000 0.000000e+000
         vertex 6.280448e+001 2.469266e+000 0.000000e+000
         vertex 6.250000e+001 4.000000e+000 1.480297e-016
      endloop
   endfacet
   facet normal 0.000000e+000 0.000000e+000 -1.000000e+000
      outer loop
         vertex 6.562267e+001 3.506041e+000 0.000000e+000
         vertex 6.496927e+001 3.044819e-001 0.000000e+000
         vertex 6.367157e+001 1.171573e+000 0.000000e+000
      endloop
   endfacet
   facet normal 0.000000e+000 0.000000e+000 -1.000000e+000
      outer loop
         vertex 7.513030e+000 7.420160e+001 0.000000e+000
         vertex 7.964181e+000 4.076021e+001 0.000000e+000
         vertex 7.000000e+000 4.111114e+001 0.000000e+000
      endloop
   endfacet
   facet normal 0.000000e+000 0.000000e+000 -1.000000e+000
      outer loop
         vertex 1.250000e+001 2.250000e+001 0.000000e+000
         vertex 8.299038e+000 3.886114e+001 0.000000e+000
         vertex 8.477212e+000 3.987161e+001 0.000000e+000
      endloop
   endfacet
   facet normal 0.000000e+000 0.000000e+000 -1.000000e+000
      outer loop
         vertex 1.250000e+001 2.250000e+001 0.000000e+000
         vertex 6.486970e+000 3.820160e+001 0.000000e+000
         vertex 7.513030e+000 3.820160e+001 0.000000e+000
      endloop
   endfacet
   facet normal 0.000000e+000 -0.000000e+000 -1.000000e+000
      outer loop
         vertex 0.000000e+000 4.000000e+000 0.000000e+000
         vertex 5.522789e+000 3.987161e+001 0.000000e+000
         vertex 5.700962e+000 3.886114e+001 0.000000e+000
      endloop
   endfacet
   facet normal -0.000000e+000 0.000000e+000 -1.000000e+000
      outer loop
         vertex 6.486970e+000 7.420160e+001 0.000000e+000
         vertex 7.000000e+000 4.111114e+001 0.000000e+000
         vertex 6.035819e+000 4.076021e+001 0.000000e+000
      endloop
   endfacet
   facet normal 0.000000e+000 0.000000e+000 -1.000000e+000
      outer loop
         vertex 5.629904e+001 7.486114e+001 0.000000e+000
         vertex 5.647721e+001 3.987161e+001 0.000000e+000
         vertex 5.596418e+001 4.076021e+001 0.000000e+000
      endloop
   endfacet
   facet normal 0.000000e+000 0.000000e+000 -1.000000e+000
      outer loop
         vertex 6.250000e+001 2.250000e+001 0.000000e+000
         vertex 5.551303e+001 3.820160e+001 0.000000e+000
         vertex 5.629904e+001 3.886114e+001 0.000000e+000
      endloop
   endfacet
   facet normal 0.000000e+000 0.000000e+000 -1.000000e+000
      outer loop
         vertex 6.250000e+001 2.250000e+001 0.000000e+000
         vertex 5.370096e+001 3.886114e+001 0.000000e+000
         vertex 5.448697e+001 3.820160e+001 0.000000e+000
      endloop
   endfacet
   facet normal -0.000000e+000 0.000000e+000 -1.000000e+000
      outer loop
         vertex 7.964181e+000 4.076021e+001 0.000000e+000
         vertex 5.403582e+001 4.076021e+001 0.000000e+000
         vertex 5.352279e+001 3.987161e+001 0.000000e+000
      endloop
   endfacet
   facet normal 0.000000e+000 0.000000e+000 -1.000000e+000
      outer loop
         vertex 1.250000e+001 2.250000e+001 0.000000e+000
         vertex 7.985535e+000 8.603875e+000 0.000000e+000
         vertex 6.250000e+000 9.000000e+000 0.000000e+000
      endloop
   endfacet
   facet normal 1.027933e-016 4.950262e-017 -1.000000e+000
      outer loop
         vertex 1.250000e+001 4.000000e+000 1.480297e-016
         vertex 1.014971e+001 5.890084e+000 0.000000e+000
         vertex 9.377326e+000 7.493959e+000 0.000000e+000
      endloop
   endfacet
   facet normal -4.004648e-017 -4.993591e-017 -1.000000e+000
      outer loop
         vertex 1.219552e+001 2.469266e+000 0.000000e+000
         vertex 9.377326e+000 2.506041e+000 1.110223e-016
         vertex 1.014971e+001 4.109916e+000 0.000000e+000
      endloop
   endfacet
   facet normal 0.000000e+000 0.000000e+000 -1.000000e+000
      outer loop
         vertex 8.500000e+000 8.881784e-016 0.000000e+000
         vertex 6.250000e+000 1.000000e+000 0.000000e+000
         vertex 7.985535e+000 1.396124e+000 0.000000e+000
      endloop
   endfacet
   facet normal 0.000000e+000 -0.000000e+000 -1.000000e+000
      outer loop
         vertex 2.469266e+000 3.044819e-001 0.000000e+000
         vertex 3.122674e+000 2.506041e+000 0.000000e+000
         vertex 4.514465e+000 1.396124e+000 0.000000e+000
      endloop
   endfacet
   facet normal 0.000000e+000 -0.000000e+000 -1.000000e+000
      outer loop
         vertex 0.000000e+000 4.000000e+000 0.000000e+000
         vertex 2.350288e+000 5.890084e+000 0.000000e+000
         vertex 2.350288e+000 4.109916e+000 0.000000e+000
      endloop
   endfacet
   facet normal -0.000000e+000 0.000000e+000 -1.000000e+000
      outer loop
         vertex 5.700962e+000 3.886114e+001 0.000000e+000
         vertex 4.514465e+000 8.603875e+000 0.000000e+000
         vertex 3.122674e+000 7.493959e+000 0.000000e+000
      endloop
   endfacet
   facet normal 0.000000e+000 0.000000e+000 -1.000000e+000
      outer loop
         vertex 8.500000e+000 1.150000e+002 0.000000e+000
         vertex 7.985535e+000 1.136039e+002 0.000000e+000
         vertex 6.250000e+000 1.140000e+002 0.000000e+000
      endloop
   endfacet
   facet normal 0.000000e+000 0.000000e+000 -1.000000e+000
      outer loop
         vertex 1.219552e+001 1.125307e+002 0.000000e+000
         vertex 1.014971e+001 1.108901e+002 0.000000e+000
         vertex 9.377326e+000 1.124940e+002 0.000000e+000
      endloop
   endfacet
   facet normal 1.936458e-016 -1.624763e-016 -1.000000e+000
      outer loop
         vertex 1.250000e+001 1.110000e+002 1.480297e-016
         vertex 9.377326e+000 1.075060e+002 1.110223e-016
         vertex 1.014971e+001 1.091099e+002 0.000000e+000
      endloop
   endfacet
   facet normal 0.000000e+000 0.000000e+000 -1.000000e+000
      outer loop
         vertex 1.250000e+001 9.250000e+001 0.000000e+000
         vertex 6.250000e+000 1.060000e+002 0.000000e+000
         vertex 7.985535e+000 1.063961e+002 0.000000e+000
      endloop
   endfacet
   facet normal 0.000000e+000 0.000000e+000 -1.000000e+000
      outer loop
         vertex 6.035819e+000 7.676021e+001 0.000000e+000
         vertex 3.122674e+000 1.075060e+002 0.000000e+000
         vertex 4.514465e+000 1.063961e+002 0.000000e+000
      endloop
   endfacet
   facet normal -0.000000e+000 -0.000000e+000 -1.000000e+000
      outer loop
         vertex 4.736952e-015 1.110000e+002 0.000000e+000
         vertex 2.350288e+000 1.108901e+002 0.000000e+000
         vertex 2.350288e+000 1.091099e+002 0.000000e+000
      endloop
   endfacet
   facet normal -0.000000e+000 0.000000e+000 -1.000000e+000
      outer loop
         vertex 2.469266e+000 1.146955e+002 0.000000e+000
         vertex 4.514465e+000 1.136039e+002 0.000000e+000
         vertex 3.122674e+000 1.124940e+002 0.000000e+000
      endloop
   endfacet
   facet normal 0.000000e+000 0.000000e+000 -1.000000e+000
      outer loop
         vertex 7.100000e+001 1.150000e+002 0.000000e+000
         vertex 7.048553e+001 1.126039e+002 0.000000e+000
         vertex 6.875000e+001 1.130000e+002 0.000000e+000
      endloop
   endfacet
   facet normal 3.848532e-017 1.853354e-017 -1.000000e+000
      outer loop
         vertex 7.500000e+001 1.110000e+002 0.000000e+000
         vertex 7.264971e+001 1.098901e+002 -1.110223e-016
         vertex 7.187733e+001 1.114940e+002 -1.110223e-016
      endloop
   endfacet
   facet normal 0.000000e+000 0.000000e+000 -1.000000e+000
      outer loop
         vertex 7.500000e+001 1.110000e+002 0.000000e+000
         vertex 7.187733e+001 1.065060e+002 0.000000e+000
         vertex 7.264971e+001 1.081099e+002 0.000000e+000
      endloop
   endfacet
   facet normal 0.000000e+000 -0.000000e+000 -1.000000e+000
      outer loop
         vertex 6.250000e+001 9.250000e+001 0.000000e+000
         vertex 6.875000e+001 1.050000e+002 0.000000e+000
         vertex 7.048553e+001 1.053961e+002 0.000000e+000
      endloop
   endfacet
   facet normal 0.000000e+000 -0.000000e+000 -1.000000e+000
      outer loop
         vertex 6.250000e+001 9.250000e+001 0.000000e+000
         vertex 6.562267e+001 1.065060e+002 0.000000e+000
         vertex 6.701447e+001 1.053961e+002 0.000000e+000
      endloop
   endfacet
   facet normal -1.396737e-016 -6.236624e-017 -1.000000e+000
      outer loop
         vertex 6.250000e+001 1.110000e+002 1.480297e-016
         vertex 6.485029e+001 1.098901e+002 -1.110223e-016
         vertex 6.485029e+001 1.081099e+002 0.000000e+000
      endloop
   endfacet
   facet normal -0.000000e+000 0.000000e+000 -1.000000e+000
      outer loop
         vertex 6.496927e+001 1.146955e+002 0.000000e+000
         vertex 6.701447e+001 1.126039e+002 0.000000e+000
         vertex 6.562267e+001 1.114940e+002 0.000000e+000
      endloop
   endfacet
   facet normal 0.000000e+000 0.000000e+000 -1.000000e+000
      outer loop
         vertex 6.250000e+001 2.250000e+001 0.000000e+000
         vertex 7.048553e+001 9.603875e+000 0.000000e+000
         vertex 6.875000e+001 1.000000e+001 0.000000e+000
      endloop
   endfacet
   facet normal 0.000000e+000 0.000000e+000 -1.000000e+000
      outer loop
         vertex 7.500000e+001 4.000000e+000 0.000000e+000
         vertex 7.264971e+001 6.890084e+000 0.000000e+000
         vertex 7.187733e+001 8.493959e+000 0.000000e+000
      endloop
   endfacet
   facet normal -2.663268e-017 -5.639567e-017 -1.000000e+000
      outer loop
         vertex 7.500000e+001 4.000000e+000 0.000000e+000
         vertex 7.187733e+001 3.506041e+000 1.110223e-016
         vertex 7.264971e+001 5.109916e+000 0.000000e+000
      endloop
   endfacet
   facet normal 0.000000e+000 0.000000e+000 -1.000000e+000
      outer loop
         vertex 7.100000e+001 0.000000e+000 0.000000e+000
         vertex 6.875000e+001 2.000000e+000 0.000000e+000
         vertex 7.048553e+001 2.396125e+000 0.000000e+000
      endloop
   endfacet
   facet normal 0.000000e+000 -0.000000e+000 -1.000000e+000
      outer loop
         vertex 6.496927e+001 3.044819e-001 0.000000e+000
         vertex 6.562267e+001 3.506041e+000 0.000000e+000
         vertex 6.701447e+001 2.396125e+000 0.000000e+000
      endloop
   endfacet
   facet normal -6.298365e-017 -0.000000e+000 -1.000000e+000
      outer loop
         vertex 6.250000e+001 4.000000e+000 1.480297e-016
         vertex 6.485029e+001 6.890084e+000 0.000000e+000
         vertex 6.485029e+001 5.109916e+000 0.000000e+000
      endloop
   endfacet
   facet normal -0.000000e+000 0.000000e+000 -1.000000e+000
      outer loop
         vertex 6.250000e+001 2.250000e+001 0.000000e+000
         vertex 6.701447e+001 9.603875e+000 0.000000e+000
         vertex 6.562267e+001 8.493959e+000 0.000000e+000
      endloop
   endfacet
   facet normal 0.000000e+000 0.000000e+000 -1.000000e+000
      outer loop
         vertex 6.250000e+001 9.250000e+001 0.000000e+000
         vertex 5.596418e+001 7.676021e+001 0.000000e+000
         vertex 5.500000e+001 7.711114e+001 0.000000e+000
      endloop
   endfacet
   facet normal 0.000000e+000 0.000000e+000 -1.000000e+000
      outer loop
         vertex 6.250000e+001 9.250000e+001 0.000000e+000
         vertex 5.629904e+001 7.486114e+001 0.000000e+000
         vertex 5.647721e+001 7.587161e+001 0.000000e+000
      endloop
   endfacet
   facet normal 0.000000e+000 0.000000e+000 -1.000000e+000
      outer loop
         vertex 5.500000e+001 4.111114e+001 0.000000e+000
         vertex 5.448697e+001 7.420160e+001 0.000000e+000
         vertex 5.551303e+001 7.420160e+001 0.000000e+000
      endloop
   endfacet
   facet normal 0.000000e+000 -0.000000e+000 -1.000000e+000
      outer loop
         vertex 8.299038e+000 7.486114e+001 0.000000e+000
         vertex 5.352279e+001 7.587161e+001 0.000000e+000
         vertex 5.370096e+001 7.486114e+001 0.000000e+000
      endloop
   endfacet
   facet normal -0.000000e+000 0.000000e+000 -1.000000e+000
      outer loop
         vertex 6.250000e+001 9.250000e+001 0.000000e+000
         vertex 5.500000e+001 7.711114e+001 0.000000e+000
         vertex 5.403582e+001 7.676021e+001 0.000000e+000
      endloop
   endfacet
   facet normal 0.000000e+000 0.000000e+000 -1.000000e+000
      outer loop
         vertex 1.250000e+001 9.250000e+001 0.000000e+000
         vertex 8.477212e+000 7.587161e+001 0.000000e+000
         vertex 7.964181e+000 7.676021e+001 0.000000e+000
      endloop
   endfacet
   facet normal 0.000000e+000 0.000000e+000 -1.000000e+000
      outer loop
         vertex 7.964181e+000 4.076021e+001 0.000000e+000
         vertex 7.513030e+000 7.420160e+001 0.000000e+000
         vertex 8.299038e+000 7.486114e+001 0.000000e+000
      endloop
   endfacet
   facet normal 0.000000e+000 0.000000e+000 -1.000000e+000
      outer loop
         vertex 6.035819e+000 4.076021e+001 0.000000e+000
         vertex 5.700962e+000 7.486114e+001 0.000000e+000
         vertex 6.486970e+000 7.420160e+001 0.000000e+000
      endloop
   endfacet
   facet normal -0.000000e+000 0.000000e+000 -1.000000e+000
      outer loop
         vertex 3.122674e+000 1.075060e+002 0.000000e+000
         vertex 6.035819e+000 7.676021e+001 0.000000e+000
         vertex 5.522789e+000 7.587161e+001 0.000000e+000
      endloop
   endfacet
   facet normal -0.000000e+000 0.000000e+000 -1.000000e+000
      outer loop
         vertex 6.701447e+001 2.396125e+000 0.000000e+000
         vertex 6.875000e+001 2.000000e+000 0.000000e+000
         vertex 6.650000e+001 0.000000e+000 0.000000e+000
      endloop
   endfacet
   facet normal -3.162182e-017 2.112896e-017 -1.000000e+000
      outer loop
         vertex 7.382843e+001 1.171573e+000 0.000000e+000
         vertex 7.187733e+001 3.506041e+000 1.110223e-016
         vertex 7.469552e+001 2.469266e+000 0.000000e+000
      endloop
   endfacet
   facet normal 0.000000e+000 0.000000e+000 -1.000000e+000
      outer loop
         vertex 6.701447e+001 1.126039e+002 0.000000e+000
         vertex 6.650000e+001 1.150000e+002 0.000000e+000
         vertex 6.875000e+001 1.130000e+002 0.000000e+000
      endloop
   endfacet
   facet normal -6.316639e-017 9.964064e-017 -1.000000e+000
      outer loop
         vertex 6.485029e+001 1.098901e+002 -1.110223e-016
         vertex 6.250000e+001 1.110000e+002 1.480297e-016
         vertex 6.562267e+001 1.114940e+002 0.000000e+000
      endloop
   endfacet
   facet normal 0.000000e+000 0.000000e+000 -1.000000e+000
      outer loop
         vertex 1.219552e+001 1.125307e+002 0.000000e+000
         vertex 9.377326e+000 1.124940e+002 0.000000e+000
         vertex 1.132843e+001 1.138284e+002 0.000000e+000
      endloop
   endfacet
   facet normal 0.000000e+000 -0.000000e+000 -1.000000e+000
      outer loop
         vertex 3.044819e-001 1.125307e+002 0.000000e+000
         vertex 1.171573e+000 1.138284e+002 0.000000e+000
         vertex 3.122674e+000 1.124940e+002 0.000000e+000
      endloop
   endfacet
   facet normal 0.000000e+000 0.000000e+000 -1.000000e+000
      outer loop
         vertex 3.044819e-001 2.469266e+000 0.000000e+000
         vertex 3.122674e+000 2.506041e+000 0.000000e+000
         vertex 1.171573e+000 1.171573e+000 0.000000e+000
      endloop
   endfacet
   facet normal -3.905434e-017 2.609529e-017 -1.000000e+000
      outer loop
         vertex 1.219552e+001 2.469266e+000 0.000000e+000
         vertex 1.132843e+001 1.171573e+000 0.000000e+000
         vertex 9.377326e+000 2.506041e+000 1.110223e-016
      endloop
   endfacet
   facet normal -5.131378e-017 -2.471138e-017 -1.000000e+000
      outer loop
         vertex 6.485029e+001 5.109916e+000 0.000000e+000
         vertex 6.562267e+001 3.506041e+000 0.000000e+000
         vertex 6.250000e+001 4.000000e+000 1.480297e-016
      endloop
   endfacet
   facet normal -0.000000e+000 0.000000e+000 -1.000000e+000
      outer loop
         vertex 6.486970e+000 7.420160e+001 0.000000e+000
         vertex 7.513030e+000 7.420160e+001 0.000000e+000
         vertex 7.000000e+000 4.111114e+001 0.000000e+000
      endloop
   endfacet
   facet normal 0.000000e+000 0.000000e+000 -1.000000e+000
      outer loop
         vertex 8.299038e+000 3.886114e+001 0.000000e+000
         vertex 1.250000e+001 2.250000e+001 0.000000e+000
         vertex 7.513030e+000 3.820160e+001 0.000000e+000
      endloop
   endfacet
   facet normal 0.000000e+000 0.000000e+000 -1.000000e+000
      outer loop
         vertex 5.551303e+001 7.420160e+001 0.000000e+000
         vertex 5.629904e+001 7.486114e+001 0.000000e+000
         vertex 5.596418e+001 4.076021e+001 0.000000e+000
      endloop
   endfacet
   facet normal -0.000000e+000 -0.000000e+000 -1.000000e+000
      outer loop
         vertex 5.448697e+001 3.820160e+001 0.000000e+000
         vertex 5.551303e+001 3.820160e+001 0.000000e+000
         vertex 6.250000e+001 2.250000e+001 0.000000e+000
      endloop
   endfacet
   facet normal 0.000000e+000 0.000000e+000 -1.000000e+000
      outer loop
         vertex 4.514465e+000 8.603875e+000 0.000000e+000
         vertex 1.250000e+001 2.250000e+001 0.000000e+000
         vertex 6.250000e+000 9.000000e+000 0.000000e+000
      endloop
   endfacet
   facet normal 6.298365e-017 0.000000e+000 -1.000000e+000
      outer loop
         vertex 1.014971e+001 4.109916e+000 0.000000e+000
         vertex 1.014971e+001 5.890084e+000 0.000000e+000
         vertex 1.250000e+001 4.000000e+000 1.480297e-016
      endloop
   endfacet
   facet normal 0.000000e+000 0.000000e+000 -1.000000e+000
      outer loop
         vertex 0.000000e+000 4.000000e+000 0.000000e+000
         vertex 5.700962e+000 3.886114e+001 0.000000e+000
         vertex 3.122674e+000 7.493959e+000 0.000000e+000
      endloop
   endfacet
   facet normal 6.298365e-017 0.000000e+000 -1.000000e+000
      outer loop
         vertex 1.014971e+001 1.108901e+002 0.000000e+000
         vertex 1.250000e+001 1.110000e+002 1.480297e-016
         vertex 1.014971e+001 1.091099e+002 0.000000e+000
      endloop
   endfacet
   facet normal 0.000000e+000 0.000000e+000 -1.000000e+000
      outer loop
         vertex 1.250000e+001 9.250000e+001 0.000000e+000
         vertex 6.035819e+000 7.676021e+001 0.000000e+000
         vertex 4.514465e+000 1.063961e+002 0.000000e+000
      endloop
   endfacet
   facet normal 0.000000e+000 0.000000e+000 -1.000000e+000
      outer loop
         vertex 4.000000e+000 1.150000e+002 0.000000e+000
         vertex 4.514465e+000 1.136039e+002 0.000000e+000
         vertex 2.469266e+000 1.146955e+002 0.000000e+000
      endloop
   endfacet
   facet normal 7.669001e-017 -6.236624e-017 -1.000000e+000
      outer loop
         vertex 7.264971e+001 1.098901e+002 -1.110223e-016
         vertex 7.500000e+001 1.110000e+002 0.000000e+000
         vertex 7.264971e+001 1.081099e+002 0.000000e+000
      endloop
   endfacet
   facet normal 0.000000e+000 0.000000e+000 -1.000000e+000
      outer loop
         vertex 6.875000e+001 1.050000e+002 0.000000e+000
         vertex 6.250000e+001 9.250000e+001 0.000000e+000
         vertex 6.701447e+001 1.053961e+002 0.000000e+000
      endloop
   endfacet
   facet normal 0.000000e+000 0.000000e+000 -1.000000e+000
      outer loop
         vertex 6.701447e+001 9.603875e+000 0.000000e+000
         vertex 6.250000e+001 2.250000e+001 0.000000e+000
         vertex 6.875000e+001 1.000000e+001 0.000000e+000
      endloop
   endfacet
   facet normal 0.000000e+000 0.000000e+000 -1.000000e+000
      outer loop
         vertex 7.264971e+001 5.109916e+000 0.000000e+000
         vertex 7.264971e+001 6.890084e+000 0.000000e+000
         vertex 7.500000e+001 4.000000e+000 0.000000e+000
      endloop
   endfacet
   facet normal -1.544390e-016 7.437381e-017 -1.000000e+000
      outer loop
         vertex 6.562267e+001 8.493959e+000 0.000000e+000
         vertex 6.485029e+001 6.890084e+000 0.000000e+000
         vertex 6.250000e+001 4.000000e+000 1.480297e-016
      endloop
   endfacet
   facet normal 0.000000e+000 0.000000e+000 -1.000000e+000
      outer loop
         vertex 5.596418e+001 7.676021e+001 0.000000e+000
         vertex 6.250000e+001 9.250000e+001 0.000000e+000
         vertex 5.647721e+001 7.587161e+001 0.000000e+000
      endloop
   endfacet
   facet normal 0.000000e+000 0.000000e+000 -1.000000e+000
      outer loop
         vertex 5.403582e+001 4.076021e+001 0.000000e+000
         vertex 8.299038e+000 7.486114e+001 0.000000e+000
         vertex 5.370096e+001 7.486114e+001 0.000000e+000
      endloop
   endfacet
   facet normal 0.000000e+000 0.000000e+000 -1.000000e+000
      outer loop
         vertex 7.000000e+000 7.711114e+001 0.000000e+000
         vertex 1.250000e+001 9.250000e+001 0.000000e+000
         vertex 7.964181e+000 7.676021e+001 0.000000e+000
      endloop
   endfacet
   facet normal 0.000000e+000 -0.000000e+000 -1.000000e+000
      outer loop
         vertex 5.522789e+000 3.987161e+001 0.000000e+000
         vertex 5.700962e+000 7.486114e+001 0.000000e+000
         vertex 6.035819e+000 4.076021e+001 0.000000e+000
      endloop
   endfacet
   facet normal 0.000000e+000 -0.000000e+000 -1.000000e+000
      outer loop
         vertex 6.496927e+001 1.146955e+002 0.000000e+000
         vertex 6.650000e+001 1.150000e+002 0.000000e+000
         vertex 6.701447e+001 1.126039e+002 0.000000e+000
      endloop
   endfacet
   facet normal -0.000000e+000 0.000000e+000 -1.000000e+000
      outer loop
         vertex 5.700962e+000 3.886114e+001 0.000000e+000
         vertex 1.250000e+001 2.250000e+001 0.000000e+000
         vertex 4.514465e+000 8.603875e+000 0.000000e+000
      endloop
   endfacet
   facet normal 0.000000e+000 0.000000e+000 -1.000000e+000
      outer loop
         vertex 7.000000e+000 7.711114e+001 0.000000e+000
         vertex 6.035819e+000 7.676021e+001 0.000000e+000
         vertex 1.250000e+001 9.250000e+001 0.000000e+000
      endloop
   endfacet
   facet normal 0.000000e+000 0.000000e+000 -1.000000e+000
      outer loop
         vertex 5.448697e+001 7.420160e+001 0.000000e+000
         vertex 5.403582e+001 4.076021e+001 0.000000e+000
         vertex 5.370096e+001 7.486114e+001 0.000000e+000
      endloop
   endfacet
   facet normal 0.000000e+000 0.000000e+000 -1.000000e+000
      outer loop
         vertex 6.486970e+000 3.820160e+001 0.000000e+000
         vertex 1.250000e+001 2.250000e+001 0.000000e+000
         vertex 5.700962e+000 3.886114e+001 0.000000e+000
      endloop
   endfacet
   facet normal -0.000000e+000 0.000000e+000 -1.000000e+000
      outer loop
         vertex 7.048553e+001 2.396125e+000 0.000000e+000
         vertex 7.253073e+001 3.044819e-001 0.000000e+000
         vertex 7.100000e+001 0.000000e+000 0.000000e+000
      endloop
   endfacet
   facet normal 3.162185e-017 2.112889e-017 -1.000000e+000
      outer loop
         vertex 7.187733e+001 1.114940e+002 -1.110223e-016
         vertex 7.382843e+001 1.138284e+002 0.000000e+000
         vertex 7.469552e+001 1.125307e+002 0.000000e+000
      endloop
   endfacet
   facet normal 0.000000e+000 0.000000e+000 -1.000000e+000
      outer loop
         vertex 6.562267e+001 1.114940e+002 0.000000e+000
         vertex 6.280448e+001 1.125307e+002 0.000000e+000
         vertex 6.367157e+001 1.138284e+002 0.000000e+000
      endloop
   endfacet
   facet normal 2.898209e-018 8.001608e-018 -1.000000e+000
      outer loop
         vertex 9.377326e+000 1.075060e+002 1.110223e-016
         vertex 1.250000e+001 1.110000e+002 1.480297e-016
         vertex 1.250000e+001 9.250000e+001 0.000000e+000
      endloop
   endfacet
   facet normal 0.000000e+000 0.000000e+000 -1.000000e+000
      outer loop
         vertex 5.522789e+000 3.987161e+001 0.000000e+000
         vertex 0.000000e+000 4.000000e+000 0.000000e+000
         vertex 4.736952e-015 1.110000e+002 0.000000e+000
      endloop
   endfacet
   facet normal -0.000000e+000 0.000000e+000 -1.000000e+000
      outer loop
         vertex 7.985535e+000 1.396124e+000 0.000000e+000
         vertex 1.003073e+001 3.044819e-001 0.000000e+000
         vertex 8.500000e+000 8.881784e-016 0.000000e+000
      endloop
   endfacet
   facet normal -3.588939e-017 -8.001608e-018 -1.000000e+000
      outer loop
         vertex 6.562267e+001 8.493959e+000 0.000000e+000
         vertex 6.250000e+001 4.000000e+000 1.480297e-016
         vertex 6.250000e+001 2.250000e+001 0.000000e+000
      endloop
   endfacet
   facet normal 0.000000e+000 0.000000e+000 -1.000000e+000
      outer loop
         vertex 6.701447e+001 2.396125e+000 0.000000e+000
         vertex 6.650000e+001 0.000000e+000 0.000000e+000
         vertex 6.496927e+001 3.044819e-001 0.000000e+000
      endloop
   endfacet
   facet normal 0.000000e+000 0.000000e+000 -1.000000e+000
      outer loop
         vertex 5.551303e+001 7.420160e+001 0.000000e+000
         vertex 5.596418e+001 4.076021e+001 0.000000e+000
         vertex 5.500000e+001 4.111114e+001 0.000000e+000
      endloop
   endfacet
   facet normal 0.000000e+000 -0.000000e+000 -1.000000e+000
      outer loop
         vertex 1.250000e+001 2.250000e+001 0.000000e+000
         vertex 5.352279e+001 3.987161e+001 0.000000e+000
         vertex 5.370096e+001 3.886114e+001 0.000000e+000
      endloop
   endfacet
   facet normal 0.000000e+000 0.000000e+000 -1.000000e+000
      outer loop
         vertex 1.250000e+001 2.250000e+001 0.000000e+000
         vertex 9.377326e+000 7.493959e+000 0.000000e+000
         vertex 7.985535e+000 8.603875e+000 0.000000e+000
      endloop
   endfacet
   facet normal 0.000000e+000 -0.000000e+000 -1.000000e+000
      outer loop
         vertex 4.000000e+000 0.000000e+000 0.000000e+000
         vertex 4.514465e+000 1.396124e+000 0.000000e+000
         vertex 6.250000e+000 1.000000e+000 0.000000e+000
      endloop
   endfacet
   facet normal 0.000000e+000 0.000000e+000 -1.000000e+000
      outer loop
         vertex 0.000000e+000 4.000000e+000 0.000000e+000
         vertex 3.122674e+000 7.493959e+000 0.000000e+000
         vertex 2.350288e+000 5.890084e+000 0.000000e+000
      endloop
   endfacet
   facet normal 6.335544e-017 2.058242e-017 -1.000000e+000
      outer loop
         vertex 1.250000e+001 9.250000e+001 0.000000e+000
         vertex 7.985535e+000 1.063961e+002 0.000000e+000
         vertex 9.377326e+000 1.075060e+002 1.110223e-016
      endloop
   endfacet
   facet normal -0.000000e+000 -0.000000e+000 -1.000000e+000
      outer loop
         vertex 4.736952e-015 1.110000e+002 0.000000e+000
         vertex 2.350288e+000 1.091099e+002 0.000000e+000
         vertex 3.122674e+000 1.075060e+002 0.000000e+000
      endloop
   endfacet
   facet normal -0.000000e+000 0.000000e+000 -1.000000e+000
      outer loop
         vertex 4.000000e+000 1.150000e+002 0.000000e+000
         vertex 6.250000e+000 1.140000e+002 0.000000e+000
         vertex 4.514465e+000 1.136039e+002 0.000000e+000
      endloop
   endfacet
   facet normal 0.000000e+000 -0.000000e+000 -1.000000e+000
      outer loop
         vertex 6.250000e+001 9.250000e+001 0.000000e+000
         vertex 7.048553e+001 1.053961e+002 0.000000e+000
         vertex 7.187733e+001 1.065060e+002 0.000000e+000
      endloop
   endfacet
   facet normal 0.000000e+000 0.000000e+000 -1.000000e+000
      outer loop
         vertex 6.250000e+001 2.250000e+001 0.000000e+000
         vertex 7.187733e+001 8.493959e+000 0.000000e+000
         vertex 7.048553e+001 9.603875e+000 0.000000e+000
      endloop
   endfacet
   facet normal -0.000000e+000 0.000000e+000 -1.000000e+000
      outer loop
         vertex 1.250000e+001 9.250000e+001 0.000000e+000
         vertex 5.403582e+001 7.676021e+001 0.000000e+000
         vertex 5.352279e+001 7.587161e+001 0.000000e+000
      endloop
   endfacet
   facet normal 0.000000e+000 0.000000e+000 -1.000000e+000
      outer loop
         vertex 5.522789e+000 3.987161e+001 0.000000e+000
         vertex 5.522789e+000 7.587161e+001 0.000000e+000
         vertex 5.700962e+000 7.486114e+001 0.000000e+000
      endloop
   endfacet
   facet normal -4.482016e-017 4.382487e-017 -1.000000e+000
      outer loop
         vertex 7.048553e+001 1.126039e+002 0.000000e+000
         vertex 7.253073e+001 1.146955e+002 0.000000e+000
         vertex 7.187733e+001 1.114940e+002 -1.110223e-016
      endloop
   endfacet
   facet normal 0.000000e+000 0.000000e+000 -1.000000e+000
      outer loop
         vertex 3.122674e+000 2.506041e+000 0.000000e+000
         vertex 3.044819e-001 2.469266e+000 0.000000e+000
         vertex 2.350288e+000 4.109916e+000 0.000000e+000
      endloop
   endfacet
   facet normal 0.000000e+000 0.000000e+000 -1.000000e+000
      outer loop
         vertex 6.280448e+001 2.469266e+000 0.000000e+000
         vertex 6.562267e+001 3.506041e+000 0.000000e+000
         vertex 6.367157e+001 1.171573e+000 0.000000e+000
      endloop
   endfacet
   facet normal 0.000000e+000 0.000000e+000 -1.000000e+000
      outer loop
         vertex 8.477212e+000 3.987161e+001 0.000000e+000
         vertex 7.964181e+000 4.076021e+001 0.000000e+000
         vertex 5.352279e+001 3.987161e+001 0.000000e+000
      endloop
   endfacet
   facet normal 0.000000e+000 0.000000e+000 -1.000000e+000
      outer loop
         vertex 4.000000e+000 0.000000e+000 0.000000e+000
         vertex 2.469266e+000 3.044819e-001 0.000000e+000
         vertex 4.514465e+000 1.396124e+000 0.000000e+000
      endloop
   endfacet
   facet normal 0.000000e+000 0.000000e+000 -1.000000e+000
      outer loop
         vertex 7.253073e+001 1.146955e+002 0.000000e+000
         vertex 7.048553e+001 1.126039e+002 0.000000e+000
         vertex 7.100000e+001 1.150000e+002 0.000000e+000
      endloop
   endfacet
   facet normal -1.544392e-016 -7.437396e-017 -1.000000e+000
      outer loop
         vertex 6.562267e+001 1.065060e+002 0.000000e+000
         vertex 6.250000e+001 1.110000e+002 1.480297e-016
         vertex 6.485029e+001 1.081099e+002 0.000000e+000
      endloop
   endfacet
   facet normal 0.000000e+000 -0.000000e+000 -1.000000e+000
      outer loop
         vertex 5.403582e+001 4.076021e+001 0.000000e+000
         vertex 5.448697e+001 7.420160e+001 0.000000e+000
         vertex 5.500000e+001 4.111114e+001 0.000000e+000
      endloop
   endfacet
   facet normal 0.000000e+000 0.000000e+000 -1.000000e+000
      outer loop
         vertex 5.403582e+001 4.076021e+001 0.000000e+000
         vertex 7.964181e+000 4.076021e+001 0.000000e+000
         vertex 8.299038e+000 7.486114e+001 0.000000e+000
      endloop
   endfacet
   facet normal 0.000000e+000 0.000000e+000 -1.000000e+000
      outer loop
         vertex 6.250000e+000 1.060000e+002 0.000000e+000
         vertex 1.250000e+001 9.250000e+001 0.000000e+000
         vertex 4.514465e+000 1.063961e+002 0.000000e+000
      endloop
   endfacet
   facet normal -0.000000e+000 0.000000e+000 -1.000000e+000
      outer loop
         vertex 8.477212e+000 3.987161e+001 0.000000e+000
         vertex 5.352279e+001 3.987161e+001 0.000000e+000
         vertex 1.250000e+001 2.250000e+001 0.000000e+000
      endloop
   endfacet
   facet normal 0.000000e+000 -0.000000e+000 -1.000000e+000
      outer loop
         vertex 5.629904e+001 7.486114e+001 0.000000e+000
         vertex 6.250000e+001 9.250000e+001 0.000000e+000
         vertex 7.187733e+001 1.065060e+002 0.000000e+000
      endloop
   endfacet
   facet normal -0.000000e+000 -0.000000e+000 -1.000000e+000
      outer loop
         vertex 4.736952e-015 1.110000e+002 0.000000e+000
         vertex 5.522789e+000 7.587161e+001 0.000000e+000
         vertex 5.522789e+000 3.987161e+001 0.000000e+000
      endloop
   endfacet
   facet normal 0.000000e+000 0.000000e+000 -1.000000e+000
      outer loop
         vertex 3.122674e+000 1.075060e+002 0.000000e+000
         vertex 5.522789e+000 7.587161e+001 0.000000e+000
         vertex 4.736952e-015 1.110000e+002 0.000000e+000
      endloop
   endfacet
   facet normal 0.000000e+000 -0.000000e+000 -1.000000e+000
      outer loop
         vertex 7.187733e+001 8.493959e+000 0.000000e+000
         vertex 7.500000e+001 1.110000e+002 0.000000e+000
         vertex 7.500000e+001 4.000000e+000 0.000000e+000
      endloop
   endfacet
   facet normal 0.000000e+000 -0.000000e+000 -1.000000e+000
      outer loop
         vertex 7.985535e+000 1.136039e+002 0.000000e+000
         vertex 8.500000e+000 1.150000e+002 0.000000e+000
         vertex 1.003073e+001 1.146955e+002 0.000000e+000
      endloop
   endfacet
   facet normal 0.000000e+000 0.000000e+000 -1.000000e+000
      outer loop
         vertex 6.250000e+001 2.250000e+001 0.000000e+000
         vertex 5.629904e+001 3.886114e+001 0.000000e+000
         vertex 5.647721e+001 3.987161e+001 0.000000e+000
      endloop
   endfacet
   facet normal 0.000000e+000 0.000000e+000 -1.000000e+000
      outer loop
         vertex 1.003073e+001 1.146955e+002 0.000000e+000
         vertex 9.377326e+000 1.124940e+002 0.000000e+000
         vertex 7.985535e+000 1.136039e+002 0.000000e+000
      endloop
   endfacet
   facet normal 4.482015e-017 4.382489e-017 -1.000000e+000
      outer loop
         vertex 7.253073e+001 3.044819e-001 0.000000e+000
         vertex 7.048553e+001 2.396125e+000 0.000000e+000
         vertex 7.187733e+001 3.506041e+000 1.110223e-016
      endloop
   endfacet
   facet normal 0.000000e+000 0.000000e+000 -1.000000e+000
      outer loop
         vertex 3.122674e+000 1.124940e+002 0.000000e+000
         vertex 2.350288e+000 1.108901e+002 0.000000e+000
         vertex 3.044819e-001 1.125307e+002 0.000000e+000
      endloop
   endfacet
   facet normal 3.845180e-017 -8.001608e-018 -1.000000e+000
      outer loop
         vertex 1.250000e+001 2.250000e+001 0.000000e+000
         vertex 1.250000e+001 4.000000e+000 1.480297e-016
         vertex 9.377326e+000 7.493959e+000 0.000000e+000
      endloop
   endfacet
   facet normal -0.000000e+000 0.000000e+000 -1.000000e+000
      outer loop
         vertex 8.477212e+000 7.587161e+001 0.000000e+000
         vertex 5.352279e+001 7.587161e+001 0.000000e+000
         vertex 8.299038e+000 7.486114e+001 0.000000e+000
      endloop
   endfacet
   facet normal 0.000000e+000 0.000000e+000 -1.000000e+000
      outer loop
         vertex 5.647721e+001 3.987161e+001 0.000000e+000
         vertex 7.187733e+001 8.493959e+000 0.000000e+000
         vertex 6.250000e+001 2.250000e+001 0.000000e+000
      endloop
   endfacet
   facet normal -3.588940e-017 8.001608e-018 -1.000000e+000
      outer loop
         vertex 6.250000e+001 9.250000e+001 0.000000e+000
         vertex 6.250000e+001 1.110000e+002 1.480297e-016
         vertex 6.562267e+001 1.065060e+002 0.000000e+000
      endloop
   endfacet
   facet normal 0.000000e+000 0.000000e+000 -1.000000e+000
      outer loop
         vertex 7.187733e+001 1.065060e+002 0.000000e+000
         vertex 7.187733e+001 8.493959e+000 0.000000e+000
         vertex 5.647721e+001 3.987161e+001 0.000000e+000
      endloop
   endfacet
   facet normal 0.000000e+000 0.000000e+000 -1.000000e+000
      outer loop
         vertex 7.500000e+001 1.110000e+002 0.000000e+000
         vertex 7.187733e+001 8.493959e+000 0.000000e+000
         vertex 7.187733e+001 1.065060e+002 0.000000e+000
      endloop
   endfacet
   facet normal 3.198360e-017 5.992147e-017 -1.000000e+000
      outer loop
         vertex 1.003073e+001 3.044819e-001 0.000000e+000
         vertex 7.985535e+000 1.396124e+000 0.000000e+000
         vertex 9.377326e+000 2.506041e+000 1.110223e-016
      endloop
   endfacet
   facet normal 0.000000e+000 0.000000e+000 -1.000000e+000
      outer loop
         vertex 5.352279e+001 7.587161e+001 0.000000e+000
         vertex 8.477212e+000 7.587161e+001 0.000000e+000
         vertex 1.250000e+001 9.250000e+001 0.000000e+000
      endloop
   endfacet
   facet normal 0.000000e+000 0.000000e+000 -1.000000e+000
      outer loop
         vertex 5.629904e+001 7.486114e+001 0.000000e+000
         vertex 7.187733e+001 1.065060e+002 0.000000e+000
         vertex 5.647721e+001 3.987161e+001 0.000000e+000
      endloop
   endfacet
   facet normal 9.874138e-001 0.000000e+000 1.581579e-001
      outer loop
         vertex 7.371861e+001 1.111140e+000 1.300000e+001
         vertex 7.371861e+001 3.461114e+001 1.300000e+001
         vertex 7.222004e+001 1.124993e+001 2.235587e+001
      endloop
   endfacet
   facet normal 9.874144e-001 -0.000000e+000 1.581543e-001
      outer loop
         vertex 7.373949e+001 3.604966e+001 1.286960e+001
         vertex 7.385112e+001 3.815411e+001 1.217268e+001
         vertex 7.385112e+001 7.706818e+001 1.217268e+001
      endloop
   endfacet
   facet normal 9.874139e-001 -0.000000e+000 1.581576e-001
      outer loop
         vertex 7.405097e+001 3.998650e+001 1.092499e+001
         vertex 7.432369e+001 4.140613e+001 9.222338e+000
         vertex 7.432369e+001 7.381615e+001 9.222338e+000
      endloop
   endfacet
   facet normal 9.874139e-001 0.000000e+000 1.581573e-001
      outer loop
         vertex 7.464835e+001 4.230399e+001 7.195460e+000
         vertex 7.500000e+001 4.261114e+001 5.000000e+000
         vertex 7.464835e+001 7.291829e+001 7.195460e+000
      endloop
   endfacet
   facet normal 9.874139e-001 0.000000e+000 1.581573e-001
      outer loop
         vertex 7.500000e+001 7.261114e+001 5.000000e+000
         vertex 7.464835e+001 7.291829e+001 7.195460e+000
         vertex 7.500000e+001 4.261114e+001 5.000000e+000
      endloop
   endfacet
   facet normal 9.874133e-001 0.000000e+000 1.581613e-001
      outer loop
         vertex 7.405097e+001 7.523579e+001 1.092499e+001
         vertex 7.385112e+001 7.706818e+001 1.217268e+001
         vertex 7.385112e+001 3.815411e+001 1.217268e+001
      endloop
   endfacet
   facet normal 9.874146e-001 2.591062e-006 1.581530e-001
      outer loop
         vertex 7.373949e+001 7.917262e+001 1.286960e+001
         vertex 7.371861e+001 8.061114e+001 1.300000e+001
         vertex 7.169566e+001 1.039518e+002 2.562972e+001
      endloop
   endfacet
   facet normal 9.874136e-001 -5.906013e-007 1.581594e-001
      outer loop
         vertex 7.371861e+001 1.141111e+002 1.300000e+001
         vertex 7.371267e+001 1.147770e+002 1.303706e+001
         vertex 7.361179e+001 1.168603e+002 1.366690e+001
      endloop
   endfacet
   facet normal 9.874138e-001 -1.569128e-007 1.581582e-001
      outer loop
         vertex 7.339841e+001 1.185824e+002 1.499902e+001
         vertex 7.310059e+001 1.197159e+002 1.685838e+001
         vertex 7.371861e+001 1.141111e+002 1.300000e+001
      endloop
   endfacet
   facet normal 9.874138e-001 2.691496e-007 1.581578e-001
      outer loop
         vertex 7.275756e+001 1.201111e+002 1.900000e+001
         vertex 7.115582e+001 1.201111e+002 2.900000e+001
         vertex 7.186327e+001 1.070242e+002 2.458330e+001
      endloop
   endfacet
   facet normal 9.874139e-001 -5.150118e-007 1.581572e-001
      outer loop
         vertex 7.088271e+001 1.198638e+002 3.070507e+001
         vertex 7.063213e+001 1.191420e+002 3.226955e+001
         vertex 7.019478e+001 1.141111e+002 3.500000e+001
      endloop
   endfacet
   facet normal 9.874123e-001 3.330367e-006 1.581677e-001
      outer loop
         vertex 7.042472e+001 1.180055e+002 3.356443e+001
         vertex 7.027760e+001 1.165478e+002 3.448294e+001
         vertex 7.019478e+001 1.141111e+002 3.500000e+001
      endloop
   endfacet
   facet normal 9.874188e-001 -5.629146e-006 1.581266e-001
      outer loop
         vertex 7.020290e+001 1.148892e+002 3.494934e+001
         vertex 7.019478e+001 1.141111e+002 3.500000e+001
         vertex 7.027760e+001 1.165478e+002 3.448294e+001
      endloop
   endfacet
   facet normal 9.874188e-001 5.629185e-006 1.581266e-001
      outer loop
         vertex 7.020290e+001 3.330600e-001 3.494934e+001
         vertex 7.027760e+001 -1.325537e+000 3.448294e+001
         vertex 7.019478e+001 1.111140e+000 3.500000e+001
      endloop
   endfacet
   facet normal 9.874139e-001 5.150103e-007 1.581572e-001
      outer loop
         vertex 7.063213e+001 -3.919767e+000 3.226955e+001
         vertex 7.088271e+001 -4.641487e+000 3.070507e+001
         vertex 7.019478e+001 1.111140e+000 3.500000e+001
      endloop
   endfacet
   facet normal 9.874138e-001 -3.867889e-008 1.581578e-001
      outer loop
         vertex 7.115582e+001 -4.888860e+000 2.900000e+001
         vertex 7.275756e+001 -4.888860e+000 1.900000e+001
         vertex 7.205396e+001 8.205551e+000 2.339277e+001
      endloop
   endfacet
   facet normal 9.874138e-001 1.569128e-007 1.581582e-001
      outer loop
         vertex 7.310059e+001 -4.493630e+000 1.685838e+001
         vertex 7.339841e+001 -3.360117e+000 1.499902e+001
         vertex 7.371861e+001 1.111140e+000 1.300000e+001
      endloop
   endfacet
   facet normal 9.874136e-001 5.906004e-007 1.581594e-001
      outer loop
         vertex 7.361179e+001 -1.638047e+000 1.366690e+001
         vertex 7.371267e+001 4.452994e-001 1.303706e+001
         vertex 7.371861e+001 1.111140e+000 1.300000e+001
      endloop
   endfacet
   facet normal 9.874144e-001 3.647059e-006 1.581545e-001
      outer loop
         vertex 7.227704e+001 1.011114e+001 2.200000e+001
         vertex 7.221527e+001 8.930497e+000 2.238566e+001
         vertex 7.371861e+001 1.111140e+000 1.300000e+001
      endloop
   endfacet
   facet normal 9.874142e-001 -8.967897e-007 1.581559e-001
      outer loop
         vertex 7.205396e+001 8.205551e+000 2.339277e+001
         vertex 7.185532e+001 8.213931e+000 2.463293e+001
         vertex 7.115582e+001 -4.888860e+000 2.900000e+001
      endloop
   endfacet
   facet normal 9.874134e-001 3.146393e-006 1.581609e-001
      outer loop
         vertex 7.169566e+001 8.951830e+000 2.562972e+001
         vertex 7.163637e+001 1.013626e+001 2.599984e+001
         vertex 7.019478e+001 1.111140e+000 3.500000e+001
      endloop
   endfacet
   facet normal 9.874125e-001 4.492106e-006 1.581662e-001
      outer loop
         vertex 7.170051e+001 1.131194e+001 2.559940e+001
         vertex 7.186327e+001 1.202419e+001 2.458330e+001
         vertex 7.371861e+001 3.461114e+001 1.300000e+001
      endloop
   endfacet
   facet normal 9.874142e-001 -7.921647e-007 1.581559e-001
      outer loop
         vertex 7.206187e+001 1.200027e+001 2.334335e+001
         vertex 7.222004e+001 1.124993e+001 2.235587e+001
         vertex 7.371861e+001 3.461114e+001 1.300000e+001
      endloop
   endfacet
   facet normal 9.874127e-001 7.185621e-006 1.581651e-001
      outer loop
         vertex 7.227704e+001 1.051111e+002 2.200000e+001
         vertex 7.221527e+001 1.039305e+002 2.238566e+001
         vertex 7.371861e+001 1.141111e+002 1.300000e+001
      endloop
   endfacet
   facet normal 9.874142e-001 9.718193e-007 1.581559e-001
      outer loop
         vertex 7.205396e+001 1.032056e+002 2.339277e+001
         vertex 7.185532e+001 1.032139e+002 2.463293e+001
         vertex 7.371861e+001 8.061114e+001 1.300000e+001
      endloop
   endfacet
   facet normal 9.874148e-001 6.002893e-006 1.581520e-001
      outer loop
         vertex 7.169566e+001 1.039518e+002 2.562972e+001
         vertex 7.163637e+001 1.051363e+002 2.599984e+001
         vertex 7.019478e+001 1.141111e+002 3.500000e+001
      endloop
   endfacet
   facet normal 9.874134e-001 -3.586318e-006 1.581607e-001
      outer loop
         vertex 7.170051e+001 1.063119e+002 2.559940e+001
         vertex 7.186327e+001 1.070242e+002 2.458330e+001
         vertex 7.019478e+001 1.141111e+002 3.500000e+001
      endloop
   endfacet
   facet normal 9.874141e-001 -1.612361e-006 1.581565e-001
      outer loop
         vertex 7.206187e+001 1.070003e+002 2.334335e+001
         vertex 7.222004e+001 1.062499e+002 2.235587e+001
         vertex 7.371861e+001 1.141111e+002 1.300000e+001
      endloop
   endfacet
   facet normal 9.874144e-001 0.000000e+000 1.581543e-001
      outer loop
         vertex 7.373949e+001 3.604966e+001 1.286960e+001
         vertex 7.385112e+001 7.706818e+001 1.217268e+001
         vertex 7.373949e+001 7.917262e+001 1.286960e+001
      endloop
   endfacet
   facet normal 9.874138e-001 0.000000e+000 1.581583e-001
      outer loop
         vertex 7.464835e+001 4.230399e+001 7.195460e+000
         vertex 7.464835e+001 7.291829e+001 7.195460e+000
         vertex 7.432369e+001 4.140613e+001 9.222338e+000
      endloop
   endfacet
   facet normal 9.874139e-001 6.301724e-008 1.581576e-001
      outer loop
         vertex 7.169566e+001 1.039518e+002 2.562972e+001
         vertex 7.371861e+001 8.061114e+001 1.300000e+001
         vertex 7.185532e+001 1.032139e+002 2.463293e+001
      endloop
   endfacet
   facet normal 9.874138e-001 -9.665845e-008 1.581582e-001
      outer loop
         vertex 7.371861e+001 1.141111e+002 1.300000e+001
         vertex 7.310059e+001 1.197159e+002 1.685838e+001
         vertex 7.275756e+001 1.201111e+002 1.900000e+001
      endloop
   endfacet
   facet normal 9.874137e-001 5.249170e-007 1.581586e-001
      outer loop
         vertex 7.088271e+001 1.198638e+002 3.070507e+001
         vertex 7.019478e+001 1.141111e+002 3.500000e+001
         vertex 7.115582e+001 1.201111e+002 2.900000e+001
      endloop
   endfacet
   facet normal 9.874123e-001 -3.330359e-006 1.581677e-001
      outer loop
         vertex 7.019478e+001 1.111140e+000 3.500000e+001
         vertex 7.027760e+001 -1.325537e+000 3.448294e+001
         vertex 7.042472e+001 -2.783211e+000 3.356443e+001
      endloop
   endfacet
   facet normal 9.874138e-001 -9.204202e-008 1.581580e-001
      outer loop
         vertex 7.205396e+001 8.205551e+000 2.339277e+001
         vertex 7.275756e+001 -4.888860e+000 1.900000e+001
         vertex 7.371861e+001 1.111140e+000 1.300000e+001
      endloop
   endfacet
   facet normal 9.874137e-001 4.757678e-007 1.581589e-001
      outer loop
         vertex 7.371861e+001 1.111140e+000 1.300000e+001
         vertex 7.339841e+001 -3.360117e+000 1.499902e+001
         vertex 7.361179e+001 -1.638047e+000 1.366690e+001
      endloop
   endfacet
   facet normal 9.874138e-001 -1.089049e-007 1.581582e-001
      outer loop
         vertex 7.115582e+001 -4.888860e+000 2.900000e+001
         vertex 7.185532e+001 8.213931e+000 2.463293e+001
         vertex 7.019478e+001 1.111140e+000 3.500000e+001
      endloop
   endfacet
   facet normal 9.874138e-001 3.996169e-007 1.581582e-001
      outer loop
         vertex 7.019478e+001 1.111140e+000 3.500000e+001
         vertex 7.163637e+001 1.013626e+001 2.599984e+001
         vertex 7.170051e+001 1.131194e+001 2.559940e+001
      endloop
   endfacet
   facet normal 9.874138e-001 1.927939e-007 1.581580e-001
      outer loop
         vertex 7.206187e+001 1.200027e+001 2.334335e+001
         vertex 7.371861e+001 3.461114e+001 1.300000e+001
         vertex 7.186327e+001 1.202419e+001 2.458330e+001
      endloop
   endfacet
   facet normal 9.874138e-001 -5.636329e-008 1.581584e-001
      outer loop
         vertex 7.169566e+001 1.039518e+002 2.562972e+001
         vertex 7.019478e+001 1.141111e+002 3.500000e+001
         vertex 7.170051e+001 1.131194e+001 2.559940e+001
      endloop
   endfacet
   facet normal 9.874139e-001 1.964151e-007 1.581576e-001
      outer loop
         vertex 7.170051e+001 1.063119e+002 2.559940e+001
         vertex 7.019478e+001 1.141111e+002 3.500000e+001
         vertex 7.163637e+001 1.051363e+002 2.599984e+001
      endloop
   endfacet
   facet normal 9.874138e-001 0.000000e+000 1.581583e-001
      outer loop
         vertex 7.373949e+001 3.604966e+001 1.286960e+001
         vertex 7.373949e+001 7.917262e+001 1.286960e+001
         vertex 7.170051e+001 1.131194e+001 2.559940e+001
      endloop
   endfacet
   facet normal 9.874138e-001 2.789013e-007 1.581578e-001
      outer loop
         vertex 7.371861e+001 1.141111e+002 1.300000e+001
         vertex 7.275756e+001 1.201111e+002 1.900000e+001
         vertex 7.206187e+001 1.070003e+002 2.334335e+001
      endloop
   endfacet
   facet normal 9.874135e-001 -3.015261e-006 1.581599e-001
      outer loop
         vertex 7.205396e+001 8.205551e+000 2.339277e+001
         vertex 7.371861e+001 1.111140e+000 1.300000e+001
         vertex 7.221527e+001 8.930497e+000 2.238566e+001
      endloop
   endfacet
   facet normal 9.874139e-001 0.000000e+000 1.581578e-001
      outer loop
         vertex 7.019478e+001 1.111140e+000 3.500000e+001
         vertex 7.170051e+001 1.131194e+001 2.559940e+001
         vertex 7.019478e+001 1.141111e+002 3.500000e+001
      endloop
   endfacet
   facet normal 9.874138e-001 -5.625017e-008 1.581580e-001
      outer loop
         vertex 7.170051e+001 1.131194e+001 2.559940e+001
         vertex 7.373949e+001 7.917262e+001 1.286960e+001
         vertex 7.169566e+001 1.039518e+002 2.562972e+001
      endloop
   endfacet
   facet normal 9.874145e-001 -2.546432e-006 1.581535e-001
      outer loop
         vertex 7.371861e+001 3.461114e+001 1.300000e+001
         vertex 7.373949e+001 3.604966e+001 1.286960e+001
         vertex 7.170051e+001 1.131194e+001 2.559940e+001
      endloop
   endfacet
   facet normal 9.874138e-001 0.000000e+000 1.581583e-001
      outer loop
         vertex 7.464835e+001 7.291829e+001 7.195460e+000
         vertex 7.432369e+001 7.381615e+001 9.222338e+000
         vertex 7.432369e+001 4.140613e+001 9.222338e+000
      endloop
   endfacet
   facet normal 9.874139e-001 0.000000e+000 1.581575e-001
      outer loop
         vertex 7.371861e+001 8.061114e+001 1.300000e+001
         vertex 7.371861e+001 1.141111e+002 1.300000e+001
         vertex 7.221527e+001 1.039305e+002 2.238566e+001
      endloop
   endfacet
   facet normal 9.874141e-001 -9.313029e-007 1.581565e-001
      outer loop
         vertex 7.063213e+001 1.191420e+002 3.226955e+001
         vertex 7.042472e+001 1.180055e+002 3.356443e+001
         vertex 7.019478e+001 1.141111e+002 3.500000e+001
      endloop
   endfacet
   facet normal 9.874137e-001 -5.249187e-007 1.581586e-001
      outer loop
         vertex 7.088271e+001 -4.641487e+000 3.070507e+001
         vertex 7.115582e+001 -4.888860e+000 2.900000e+001
         vertex 7.019478e+001 1.111140e+000 3.500000e+001
      endloop
   endfacet
   facet normal 9.874134e-001 -2.680815e-006 1.581607e-001
      outer loop
         vertex 7.222004e+001 1.124993e+001 2.235587e+001
         vertex 7.227704e+001 1.011114e+001 2.200000e+001
         vertex 7.371861e+001 1.111140e+000 1.300000e+001
      endloop
   endfacet
   facet normal 9.874140e-001 -1.404234e-006 1.581567e-001
      outer loop
         vertex 7.222004e+001 1.062499e+002 2.235587e+001
         vertex 7.227704e+001 1.051111e+002 2.200000e+001
         vertex 7.371861e+001 1.141111e+002 1.300000e+001
      endloop
   endfacet
   facet normal 9.874138e-001 3.539699e-007 1.581580e-001
      outer loop
         vertex 7.186327e+001 1.070242e+002 2.458330e+001
         vertex 7.206187e+001 1.070003e+002 2.334335e+001
         vertex 7.275756e+001 1.201111e+002 1.900000e+001
      endloop
   endfacet
   facet normal 9.874133e-001 0.000000e+000 1.581613e-001
      outer loop
         vertex 7.405097e+001 7.523579e+001 1.092499e+001
         vertex 7.385112e+001 3.815411e+001 1.217268e+001
         vertex 7.405097e+001 3.998650e+001 1.092499e+001
      endloop
   endfacet
   facet normal 9.874138e-001 1.378717e-007 1.581582e-001
      outer loop
         vertex 7.186327e+001 1.070242e+002 2.458330e+001
         vertex 7.115582e+001 1.201111e+002 2.900000e+001
         vertex 7.019478e+001 1.141111e+002 3.500000e+001
      endloop
   endfacet
   facet normal 9.874138e-001 9.665869e-008 1.581582e-001
      outer loop
         vertex 7.310059e+001 -4.493630e+000 1.685838e+001
         vertex 7.371861e+001 1.111140e+000 1.300000e+001
         vertex 7.275756e+001 -4.888860e+000 1.900000e+001
      endloop
   endfacet
   facet normal 9.874141e-001 9.313063e-007 1.581565e-001
      outer loop
         vertex 7.019478e+001 1.111140e+000 3.500000e+001
         vertex 7.042472e+001 -2.783211e+000 3.356443e+001
         vertex 7.063213e+001 -3.919767e+000 3.226955e+001
      endloop
   endfacet
   facet normal 9.874139e-001 0.000000e+000 1.581576e-001
      outer loop
         vertex 7.432369e+001 7.381615e+001 9.222338e+000
         vertex 7.405097e+001 7.523579e+001 1.092499e+001
         vertex 7.405097e+001 3.998650e+001 1.092499e+001
      endloop
   endfacet
   facet normal 9.874138e-001 -4.481012e-007 1.581579e-001
      outer loop
         vertex 7.185532e+001 8.213931e+000 2.463293e+001
         vertex 7.169566e+001 8.951830e+000 2.562972e+001
         vertex 7.019478e+001 1.111140e+000 3.500000e+001
      endloop
   endfacet
   facet normal 9.874137e-001 -4.757664e-007 1.581589e-001
      outer loop
         vertex 7.371861e+001 1.141111e+002 1.300000e+001
         vertex 7.361179e+001 1.168603e+002 1.366690e+001
         vertex 7.339841e+001 1.185824e+002 1.499902e+001
      endloop
   endfacet
   facet normal 9.874133e-001 -1.461285e-006 1.581610e-001
      outer loop
         vertex 7.221527e+001 1.039305e+002 2.238566e+001
         vertex 7.205396e+001 1.032056e+002 2.339277e+001
         vertex 7.371861e+001 8.061114e+001 1.300000e+001
      endloop
   endfacet
   facet normal 0.000000e+000 0.000000e+000 -1.000000e+000
      outer loop
         vertex 6.500000e+001 1.111140e+000 1.300000e+001
         vertex 6.500000e+001 3.461114e+001 1.300000e+001
         vertex 7.371861e+001 1.111140e+000 1.300000e+001
      endloop
   endfacet
   facet normal 0.000000e+000 0.000000e+000 -1.000000e+000
      outer loop
         vertex 7.371861e+001 3.461114e+001 1.300000e+001
         vertex 7.371861e+001 1.111140e+000 1.300000e+001
         vertex 6.500000e+001 3.461114e+001 1.300000e+001
      endloop
   endfacet
   facet normal -1.963573e-002 -9.998072e-001 0.000000e+000
      outer loop
         vertex 5.700000e+001 4.261114e+001 3.166432e+001
         vertex 5.700000e+001 4.261114e+001 5.000000e+000
         vertex 5.731408e+001 4.260497e+001 5.314078e+000
      endloop
   endfacet
   facet normal -9.664716e-002 -9.953177e-001 -1.387136e-003
      outer loop
         vertex 5.762767e+001 4.258648e+001 5.627673e+000
         vertex 5.794030e+001 4.255569e+001 5.940299e+000
         vertex 5.700000e+001 4.261114e+001 3.166432e+001
      endloop
   endfacet
   facet normal -1.749589e-001 -9.845754e-001 -8.551037e-004
      outer loop
         vertex 5.825148e+001 4.251265e+001 6.251476e+000
         vertex 5.856072e+001 4.245742e+001 6.560722e+000
         vertex 5.900505e+001 4.235580e+001 3.265991e+001
      endloop
   endfacet
   facet normal -2.525389e-001 -9.675867e-001 5.948278e-005
      outer loop
         vertex 5.886756e+001 4.239010e+001 6.867563e+000
         vertex 5.917152e+001 4.231078e+001 7.171524e+000
         vertex 5.900505e+001 4.235580e+001 3.265991e+001
      endloop
   endfacet
   facet normal -3.267818e-001 -9.450993e-001 -9.491518e-004
      outer loop
         vertex 5.947214e+001 4.221959e+001 7.472136e+000
         vertex 5.976894e+001 4.211667e+001 7.768937e+000
         vertex 5.900505e+001 4.235580e+001 3.265991e+001
      endloop
   endfacet
   facet normal -4.004610e-001 -9.163137e-001 -3.473390e-004
      outer loop
         vertex 6.006147e+001 4.200218e+001 8.061467e+000
         vertex 6.034928e+001 4.187629e+001 8.349277e+000
         vertex 6.057070e+001 4.177006e+001 3.329997e+001
      endloop
   endfacet
   facet normal -4.713508e-001 -8.819458e-001 -6.632326e-005
      outer loop
         vertex 6.063192e+001 4.173919e+001 8.631924e+000
         vertex 6.090897e+001 4.159111e+001 8.908970e+000
         vertex 6.057070e+001 4.177006e+001 3.329997e+001
      endloop
   endfacet
   facet normal -5.391599e-001 -8.422034e-001 2.630637e-005
      outer loop
         vertex 6.117999e+001 4.143226e+001 9.179989e+000
         vertex 6.144456e+001 4.126290e+001 9.444562e+000
         vertex 6.141397e+001 4.128324e+001 3.359844e+001
      endloop
   endfacet
   facet normal -6.031681e-001 -7.976139e-001 -6.029981e-004
      outer loop
         vertex 6.170228e+001 4.108327e+001 9.702282e+000
         vertex 6.195275e+001 4.089368e+001 9.952751e+000
         vertex 6.141397e+001 4.128324e+001 3.359844e+001
      endloop
   endfacet
   facet normal -6.641098e-001 -7.476350e-001 -2.562138e-004
      outer loop
         vertex 6.219558e+001 4.069439e+001 1.019558e+001
         vertex 6.243040e+001 4.048572e+001 1.043041e+001
         vertex 6.256844e+001 4.035505e+001 3.395712e+001
      endloop
   endfacet
   facet normal -7.207805e-001 -6.931633e-001 -1.453077e-004
      outer loop
         vertex 6.265685e+001 4.026799e+001 1.065685e+001
         vertex 6.287458e+001 4.004155e+001 1.087458e+001
         vertex 6.256844e+001 4.035505e+001 3.395712e+001
      endloop
   endfacet
   facet normal -7.725996e-001 -6.348928e-001 -1.018804e-003
      outer loop
         vertex 6.308325e+001 3.980672e+001 1.108325e+001
         vertex 6.328254e+001 3.956389e+001 1.128254e+001
         vertex 6.356282e+001 3.918600e+001 3.422142e+001
      endloop
   endfacet
   facet normal -8.204277e-001 -5.717504e-001 6.801289e-005
      outer loop
         vertex 6.347214e+001 3.931342e+001 1.147214e+001
         vertex 6.365176e+001 3.905570e+001 1.165176e+001
         vertex 6.356282e+001 3.918600e+001 3.422142e+001
      endloop
   endfacet
   facet normal -8.625568e-001 -5.059597e-001 -6.889296e-004
      outer loop
         vertex 6.382112e+001 3.879113e+001 1.182112e+001
         vertex 6.397997e+001 3.852011e+001 1.197997e+001
         vertex 6.414951e+001 3.820061e+001 3.435852e+001
      endloop
   endfacet
   facet normal -8.997558e-001 -4.363938e-001 3.501208e-005
      outer loop
         vertex 6.412805e+001 3.824306e+001 1.212805e+001
         vertex 6.426514e+001 3.796042e+001 1.226515e+001
         vertex 6.414951e+001 3.820061e+001 3.435852e+001
      endloop
   endfacet
   facet normal -9.310190e-001 -3.649677e-001 -1.464191e-003
      outer loop
         vertex 6.439104e+001 3.767261e+001 1.239104e+001
         vertex 6.450553e+001 3.738008e+001 1.250553e+001
         vertex 6.414951e+001 3.820061e+001 3.435852e+001
      endloop
   endfacet
   facet normal -9.569404e-001 -2.902843e-001 -2.398351e-005
      outer loop
         vertex 6.460845e+001 3.708327e+001 1.260845e+001
         vertex 6.469964e+001 3.678267e+001 1.269964e+001
         vertex 6.470634e+001 3.675876e+001 3.447598e+001
      endloop
   endfacet
   facet normal -9.767696e-001 -2.142922e-001 6.942272e-005
      outer loop
         vertex 6.477896e+001 3.647870e+001 1.277896e+001
         vertex 6.484628e+001 3.617186e+001 1.284628e+001
         vertex 6.481108e+001 3.633933e+001 3.449670e+001
      endloop
   endfacet
   facet normal -9.905651e-001 -1.370426e-001 -1.278836e-004
      outer loop
         vertex 6.490150e+001 3.586262e+001 1.290151e+001
         vertex 6.494455e+001 3.555144e+001 1.294455e+001
         vertex 6.495625e+001 3.544671e+001 3.452472e+001
      endloop
   endfacet
   facet normal -9.982644e-001 -5.889009e-002 -3.161358e-004
      outer loop
         vertex 6.497534e+001 3.523881e+001 1.297534e+001
         vertex 6.499384e+001 3.492522e+001 1.299383e+001
         vertex 6.495625e+001 3.544671e+001 3.452472e+001
      endloop
   endfacet
   facet normal -9.999803e-001 -6.271127e-003 -0.000000e+000
      outer loop
         vertex 6.500000e+001 3.461114e+001 1.300000e+001
         vertex 6.500000e+001 3.461114e+001 3.453300e+001
         vertex 6.499937e+001 3.471212e+001 3.453288e+001
      endloop
   endfacet
   facet normal -9.870285e-001 -1.605441e-001 -5.888741e-004
      outer loop
         vertex 6.495625e+001 3.544671e+001 3.452472e+001
         vertex 6.481108e+001 3.633933e+001 3.449670e+001
         vertex 6.490150e+001 3.586262e+001 1.290151e+001
      endloop
   endfacet
   facet normal -9.328038e-001 -3.603807e-001 -1.665505e-003
      outer loop
         vertex 6.470634e+001 3.675876e+001 3.447598e+001
         vertex 6.414951e+001 3.820061e+001 3.435852e+001
         vertex 6.450553e+001 3.738008e+001 1.250553e+001
      endloop
   endfacet
   facet normal -7.615355e-001 -6.481212e-001 -1.602997e-003
      outer loop
         vertex 6.356282e+001 3.918600e+001 3.422142e+001
         vertex 6.256844e+001 4.035505e+001 3.395712e+001
         vertex 6.308325e+001 3.980672e+001 1.108325e+001
      endloop
   endfacet
   facet normal -4.998164e-001 -8.661312e-001 -5.771291e-004
      outer loop
         vertex 6.141397e+001 4.128324e+001 3.359844e+001
         vertex 6.057070e+001 4.177006e+001 3.329997e+001
         vertex 6.090897e+001 4.159111e+001 8.908970e+000
      endloop
   endfacet
   facet normal -1.251382e-001 -9.921363e-001 -2.435439e-003
      outer loop
         vertex 5.900505e+001 4.235580e+001 3.265991e+001
         vertex 5.700000e+001 4.261114e+001 3.166432e+001
         vertex 5.794030e+001 4.255569e+001 5.940299e+000
      endloop
   endfacet
   facet normal -5.840987e-002 -9.982926e-001 -4.625193e-004
      outer loop
         vertex 5.762767e+001 4.258648e+001 5.627673e+000
         vertex 5.700000e+001 4.261114e+001 3.166432e+001
         vertex 5.731408e+001 4.260497e+001 5.314078e+000
      endloop
   endfacet
   facet normal -2.900981e-001 -9.569969e-001 -2.045388e-004
      outer loop
         vertex 5.900505e+001 4.235580e+001 3.265991e+001
         vertex 5.917152e+001 4.231078e+001 7.171524e+000
         vertex 5.947214e+001 4.221959e+001 7.472136e+000
      endloop
   endfacet
   facet normal -4.364420e-001 -8.997324e-001 4.256909e-005
      outer loop
         vertex 6.057070e+001 4.177006e+001 3.329997e+001
         vertex 6.034928e+001 4.187629e+001 8.349277e+000
         vertex 6.063192e+001 4.173919e+001 8.631924e+000
      endloop
   endfacet
   facet normal -5.717680e-001 -8.204154e-001 -3.334357e-005
      outer loop
         vertex 6.170228e+001 4.108327e+001 9.702282e+000
         vertex 6.141397e+001 4.128324e+001 3.359844e+001
         vertex 6.144456e+001 4.126290e+001 9.444562e+000
      endloop
   endfacet
   facet normal -6.931235e-001 -7.208189e-001 6.296047e-005
      outer loop
         vertex 6.265685e+001 4.026799e+001 1.065685e+001
         vertex 6.256844e+001 4.035505e+001 3.395712e+001
         vertex 6.243040e+001 4.048572e+001 1.043041e+001
      endloop
   endfacet
   facet normal -8.421557e-001 -5.392344e-001 -2.053321e-004
      outer loop
         vertex 6.356282e+001 3.918600e+001 3.422142e+001
         vertex 6.365176e+001 3.905570e+001 1.165176e+001
         vertex 6.382112e+001 3.879113e+001 1.182112e+001
      endloop
   endfacet
   facet normal -8.819124e-001 -4.714133e-001 -4.907898e-005
      outer loop
         vertex 6.412805e+001 3.824306e+001 1.212805e+001
         vertex 6.414951e+001 3.820061e+001 3.435852e+001
         vertex 6.397997e+001 3.852011e+001 1.197997e+001
      endloop
   endfacet
   facet normal -9.675967e-001 -2.525009e-001 2.077803e-005
      outer loop
         vertex 6.470634e+001 3.675876e+001 3.447598e+001
         vertex 6.469964e+001 3.678267e+001 1.269964e+001
         vertex 6.477896e+001 3.647870e+001 1.277896e+001
      endloop
   endfacet
   facet normal -9.951851e-001 -9.801373e-002 6.403636e-005
      outer loop
         vertex 6.495625e+001 3.544671e+001 3.452472e+001
         vertex 6.494455e+001 3.555144e+001 1.294455e+001
         vertex 6.497534e+001 3.523881e+001 1.297534e+001
      endloop
   endfacet
   facet normal -9.844206e-001 -1.758293e-001 -2.405329e-004
      outer loop
         vertex 6.490150e+001 3.586262e+001 1.290151e+001
         vertex 6.481108e+001 3.633933e+001 3.449670e+001
         vertex 6.484628e+001 3.617186e+001 1.284628e+001
      endloop
   endfacet
   facet normal -1.350189e-001 -9.908409e-001 -2.032011e-003
      outer loop
         vertex 5.900505e+001 4.235580e+001 3.265991e+001
         vertex 5.794030e+001 4.255569e+001 5.940299e+000
         vertex 5.825148e+001 4.251265e+001 6.251476e+000
      endloop
   endfacet
   facet normal -2.141682e-001 -9.767968e-001 -1.572985e-004
      outer loop
         vertex 5.856072e+001 4.245742e+001 6.560722e+000
         vertex 5.886756e+001 4.239010e+001 6.867563e+000
         vertex 5.900505e+001 4.235580e+001 3.265991e+001
      endloop
   endfacet
   facet normal -5.053344e-001 -8.629235e-001 -4.242636e-004
      outer loop
         vertex 6.090897e+001 4.159111e+001 8.908970e+000
         vertex 6.117999e+001 4.143226e+001 9.179989e+000
         vertex 6.141397e+001 4.128324e+001 3.359844e+001
      endloop
   endfacet
   facet normal -7.471185e-001 -6.646903e-001 -8.813371e-004
      outer loop
         vertex 6.287458e+001 4.004155e+001 1.087458e+001
         vertex 6.308325e+001 3.980672e+001 1.108325e+001
         vertex 6.256844e+001 4.035505e+001 3.395712e+001
      endloop
   endfacet
   facet normal -9.161161e-001 -4.009128e-001 -4.363650e-004
      outer loop
         vertex 6.426514e+001 3.796042e+001 1.226515e+001
         vertex 6.439104e+001 3.767261e+001 1.239104e+001
         vertex 6.414951e+001 3.820061e+001 3.435852e+001
      endloop
   endfacet
   facet normal -9.998075e-001 -1.962236e-002 6.261360e-005
      outer loop
         vertex 6.499384e+001 3.492522e+001 1.299383e+001
         vertex 6.500000e+001 3.461114e+001 1.300000e+001
         vertex 6.499937e+001 3.471212e+001 3.453288e+001
      endloop
   endfacet
   facet normal -9.702065e-001 -2.422796e-001 -1.198885e-004
      outer loop
         vertex 6.481108e+001 3.633933e+001 3.449670e+001
         vertex 6.470634e+001 3.675876e+001 3.447598e+001
         vertex 6.477896e+001 3.647870e+001 1.277896e+001
      endloop
   endfacet
   facet normal -6.263224e-001 -7.795628e-001 -1.427976e-003
      outer loop
         vertex 6.256844e+001 4.035505e+001 3.395712e+001
         vertex 6.141397e+001 4.128324e+001 3.359844e+001
         vertex 6.195275e+001 4.089368e+001 9.952751e+000
      endloop
   endfacet
   facet normal -3.497783e-001 -9.368309e-001 -1.734335e-003
      outer loop
         vertex 5.900505e+001 4.235580e+001 3.265991e+001
         vertex 5.976894e+001 4.211667e+001 7.768937e+000
         vertex 6.057070e+001 4.177006e+001 3.329997e+001
      endloop
   endfacet
   facet normal -7.972441e-001 -6.036570e-001 -2.031103e-004
      outer loop
         vertex 6.356282e+001 3.918600e+001 3.422142e+001
         vertex 6.328254e+001 3.956389e+001 1.128254e+001
         vertex 6.347214e+001 3.931342e+001 1.147214e+001
      endloop
   endfacet
   facet normal -9.982819e-001 -5.859341e-002 -3.233521e-004
      outer loop
         vertex 6.495625e+001 3.544671e+001 3.452472e+001
         vertex 6.499384e+001 3.492522e+001 1.299383e+001
         vertex 6.499937e+001 3.471212e+001 3.453288e+001
      endloop
   endfacet
   facet normal -6.337340e-001 -7.735503e-001 -1.102962e-003
      outer loop
         vertex 6.256844e+001 4.035505e+001 3.395712e+001
         vertex 6.195275e+001 4.089368e+001 9.952751e+000
         vertex 6.219558e+001 4.069439e+001 1.019558e+001
      endloop
   endfacet
   facet normal -3.633989e-001 -9.316328e-001 -1.236029e-003
      outer loop
         vertex 5.976894e+001 4.211667e+001 7.768937e+000
         vertex 6.006147e+001 4.200218e+001 8.061467e+000
         vertex 6.057070e+001 4.177006e+001 3.329997e+001
      endloop
   endfacet
   facet normal -8.591832e-001 -5.116673e-001 -8.876339e-004
      outer loop
         vertex 6.414951e+001 3.820061e+001 3.435852e+001
         vertex 6.356282e+001 3.918600e+001 3.422142e+001
         vertex 6.382112e+001 3.879113e+001 1.182112e+001
      endloop
   endfacet
   facet normal -9.447392e-001 -3.278223e-001 -6.356710e-004
      outer loop
         vertex 6.470634e+001 3.675876e+001 3.447598e+001
         vertex 6.450553e+001 3.738008e+001 1.250553e+001
         vertex 6.460845e+001 3.708327e+001 1.260845e+001
      endloop
   endfacet
   facet normal -5.575089e-001 0.000000e+000 8.301709e-001
      outer loop
         vertex 5.301378e+001 4.261114e+001 2.898734e+001
         vertex 5.700000e+001 4.261114e+001 3.166432e+001
         vertex 5.301378e+001 7.261114e+001 2.898734e+001
      endloop
   endfacet
   facet normal -3.784127e-001 0.000000e+000 9.256370e-001
      outer loop
         vertex 5.900505e+001 4.235580e+001 3.265991e+001
         vertex 6.057070e+001 4.177006e+001 3.329997e+001
         vertex 5.900505e+001 7.286648e+001 3.265991e+001
      endloop
   endfacet
   facet normal -2.966953e-001 0.000000e+000 9.549722e-001
      outer loop
         vertex 6.141397e+001 4.128324e+001 3.359844e+001
         vertex 6.256844e+001 4.035505e+001 3.395712e+001
         vertex 6.256844e+001 7.486723e+001 3.395712e+001
      endloop
   endfacet
   facet normal -2.275675e-001 0.000000e+000 9.737623e-001
      outer loop
         vertex 6.356282e+001 3.918600e+001 3.422142e+001
         vertex 6.414951e+001 3.820061e+001 3.435852e+001
         vertex 6.414951e+001 7.702167e+001 3.435852e+001
      endloop
   endfacet
   facet normal -1.941163e-001 0.000000e+000 9.809785e-001
      outer loop
         vertex 6.470634e+001 3.675876e+001 3.447598e+001
         vertex 6.481108e+001 3.633933e+001 3.449670e+001
         vertex 6.470634e+001 7.846352e+001 3.447598e+001
      endloop
   endfacet
   facet normal -1.859575e-001 0.000000e+000 9.825578e-001
      outer loop
         vertex 6.495625e+001 3.544671e+001 3.452472e+001
         vertex 6.499937e+001 3.471212e+001 3.453288e+001
         vertex 6.495625e+001 7.977557e+001 3.452472e+001
      endloop
   endfacet
   facet normal -1.392415e-001 0.000000e+000 9.902584e-001
      outer loop
         vertex 6.500000e+001 3.461114e+001 3.453300e+001
         vertex 6.500000e+001 1.111140e+000 3.453300e+001
         vertex 6.748912e+001 1.111140e+000 3.488300e+001
      endloop
   endfacet
   facet normal -4.654846e-002 0.000000e+000 9.989160e-001
      outer loop
         vertex 7.000000e+001 1.111140e+000 3.500000e+001
         vertex 7.000000e+001 1.141111e+002 3.500000e+001
         vertex 6.748912e+001 1.141111e+002 3.488300e+001
      endloop
   endfacet
   facet normal -1.392415e-001 0.000000e+000 9.902584e-001
      outer loop
         vertex 6.500000e+001 1.141111e+002 3.453300e+001
         vertex 6.500000e+001 8.061114e+001 3.453300e+001
         vertex 6.748912e+001 1.141111e+002 3.488300e+001
      endloop
   endfacet
   facet normal -1.895076e-001 0.000000e+000 9.818792e-001
      outer loop
         vertex 6.495625e+001 7.977557e+001 3.452472e+001
         vertex 6.481108e+001 7.888295e+001 3.449670e+001
         vertex 6.495625e+001 3.544671e+001 3.452472e+001
      endloop
   endfacet
   facet normal -2.063831e-001 0.000000e+000 9.784713e-001
      outer loop
         vertex 6.470634e+001 7.846352e+001 3.447598e+001
         vertex 6.414951e+001 7.702167e+001 3.435852e+001
         vertex 6.414951e+001 3.820061e+001 3.435852e+001
      endloop
   endfacet
   facet normal -2.568759e-001 0.000000e+000 9.664444e-001
      outer loop
         vertex 6.356282e+001 7.603628e+001 3.422142e+001
         vertex 6.256844e+001 7.486723e+001 3.395712e+001
         vertex 6.256844e+001 4.035505e+001 3.395712e+001
      endloop
   endfacet
   facet normal -3.336614e-001 0.000000e+000 9.426930e-001
      outer loop
         vertex 6.141397e+001 7.393904e+001 3.359844e+001
         vertex 6.057070e+001 7.345222e+001 3.329997e+001
         vertex 6.141397e+001 4.128324e+001 3.359844e+001
      endloop
   endfacet
   facet normal -4.447335e-001 0.000000e+000 8.956629e-001
      outer loop
         vertex 5.900505e+001 7.286648e+001 3.265991e+001
         vertex 5.700000e+001 7.261114e+001 3.166432e+001
         vertex 5.900505e+001 4.235580e+001 3.265991e+001
      endloop
   endfacet
   facet normal -6.957457e-001 0.000000e+000 7.182882e-001
      outer loop
         vertex 5.301378e+001 7.261114e+001 2.898734e+001
         vertex 4.956479e+001 7.261114e+001 2.564659e+001
         vertex 5.301378e+001 4.261114e+001 2.898734e+001
      endloop
   endfacet
   facet normal -9.025297e-001 0.000000e+000 4.306276e-001
      outer loop
         vertex 4.676210e+001 7.261114e+001 2.174773e+001
         vertex 4.469436e+001 7.261114e+001 1.741406e+001
         vertex 4.676210e+001 4.261114e+001 2.174773e+001
      endloop
   endfacet
   facet normal -9.960387e-001 0.000000e+000 8.892039e-002
      outer loop
         vertex 4.342697e+001 7.261114e+001 1.278266e+001
         vertex 4.300000e+001 7.261114e+001 8.000000e+000
         vertex 4.342697e+001 4.261114e+001 1.278266e+001
      endloop
   endfacet
   facet normal -9.960387e-001 0.000000e+000 8.892039e-002
      outer loop
         vertex 4.300000e+001 4.261114e+001 8.000000e+000
         vertex 4.342697e+001 4.261114e+001 1.278266e+001
         vertex 4.300000e+001 7.261114e+001 8.000000e+000
      endloop
   endfacet
   facet normal -8.119776e-001 0.000000e+000 5.836885e-001
      outer loop
         vertex 4.676210e+001 4.261114e+001 2.174773e+001
         vertex 4.956479e+001 4.261114e+001 2.564659e+001
         vertex 4.676210e+001 7.261114e+001 2.174773e+001
      endloop
   endfacet
   facet normal -5.575089e-001 0.000000e+000 8.301709e-001
      outer loop
         vertex 5.301378e+001 7.261114e+001 2.898734e+001
         vertex 5.700000e+001 4.261114e+001 3.166432e+001
         vertex 5.700000e+001 7.261114e+001 3.166432e+001
      endloop
   endfacet
   facet normal -2.275675e-001 0.000000e+000 9.737623e-001
      outer loop
         vertex 6.356282e+001 3.918600e+001 3.422142e+001
         vertex 6.414951e+001 7.702167e+001 3.435852e+001
         vertex 6.356282e+001 7.603628e+001 3.422142e+001
      endloop
   endfacet
   facet normal -1.859575e-001 0.000000e+000 9.825578e-001
      outer loop
         vertex 6.495625e+001 7.977557e+001 3.452472e+001
         vertex 6.499937e+001 3.471212e+001 3.453288e+001
         vertex 6.499937e+001 8.051016e+001 3.453288e+001
      endloop
   endfacet
   facet normal -1.392415e-001 0.000000e+000 9.902584e-001
      outer loop
         vertex 6.748912e+001 1.141111e+002 3.488300e+001
         vertex 6.500000e+001 8.061114e+001 3.453300e+001
         vertex 6.748912e+001 1.111140e+000 3.488300e+001
      endloop
   endfacet
   facet normal -2.063831e-001 0.000000e+000 9.784713e-001
      outer loop
         vertex 6.470634e+001 7.846352e+001 3.447598e+001
         vertex 6.414951e+001 3.820061e+001 3.435852e+001
         vertex 6.470634e+001 3.675876e+001 3.447598e+001
      endloop
   endfacet
   facet normal -4.447335e-001 0.000000e+000 8.956629e-001
      outer loop
         vertex 5.900505e+001 4.235580e+001 3.265991e+001
         vertex 5.700000e+001 7.261114e+001 3.166432e+001
         vertex 5.700000e+001 4.261114e+001 3.166432e+001
      endloop
   endfacet
   facet normal -9.645369e-001 0.000000e+000 2.639480e-001
      outer loop
         vertex 4.342697e+001 7.261114e+001 1.278266e+001
         vertex 4.342697e+001 4.261114e+001 1.278266e+001
         vertex 4.469436e+001 4.261114e+001 1.741406e+001
      endloop
   endfacet
   facet normal -1.835734e-001 0.000000e+000 9.830060e-001
      outer loop
         vertex 6.499937e+001 8.051016e+001 3.453288e+001
         vertex 6.499937e+001 3.471212e+001 3.453288e+001
         vertex 6.500000e+001 3.461114e+001 3.453300e+001
      endloop
   endfacet
   facet normal -9.645369e-001 0.000000e+000 2.639480e-001
      outer loop
         vertex 4.342697e+001 7.261114e+001 1.278266e+001
         vertex 4.469436e+001 4.261114e+001 1.741406e+001
         vertex 4.469436e+001 7.261114e+001 1.741406e+001
      endloop
   endfacet
   facet normal -3.336614e-001 0.000000e+000 9.426930e-001
      outer loop
         vertex 6.057070e+001 4.177006e+001 3.329997e+001
         vertex 6.141397e+001 4.128324e+001 3.359844e+001
         vertex 6.057070e+001 7.345222e+001 3.329997e+001
      endloop
   endfacet
   facet normal -1.895076e-001 0.000000e+000 9.818792e-001
      outer loop
         vertex 6.481108e+001 3.633933e+001 3.449670e+001
         vertex 6.495625e+001 3.544671e+001 3.452472e+001
         vertex 6.481108e+001 7.888295e+001 3.449670e+001
      endloop
   endfacet
   facet normal -1.835734e-001 0.000000e+000 9.830060e-001
      outer loop
         vertex 6.500000e+001 8.061114e+001 3.453300e+001
         vertex 6.499937e+001 8.051016e+001 3.453288e+001
         vertex 6.500000e+001 3.461114e+001 3.453300e+001
      endloop
   endfacet
   facet normal -2.966953e-001 0.000000e+000 9.549722e-001
      outer loop
         vertex 6.256844e+001 7.486723e+001 3.395712e+001
         vertex 6.141397e+001 7.393904e+001 3.359844e+001
         vertex 6.141397e+001 4.128324e+001 3.359844e+001
      endloop
   endfacet
   facet normal -8.119776e-001 0.000000e+000 5.836885e-001
      outer loop
         vertex 4.956479e+001 7.261114e+001 2.564659e+001
         vertex 4.676210e+001 7.261114e+001 2.174773e+001
         vertex 4.956479e+001 4.261114e+001 2.564659e+001
      endloop
   endfacet
   facet normal -6.957457e-001 0.000000e+000 7.182882e-001
      outer loop
         vertex 4.956479e+001 4.261114e+001 2.564659e+001
         vertex 5.301378e+001 4.261114e+001 2.898734e+001
         vertex 4.956479e+001 7.261114e+001 2.564659e+001
      endloop
   endfacet
   facet normal -1.941163e-001 0.000000e+000 9.809785e-001
      outer loop
         vertex 6.470634e+001 7.846352e+001 3.447598e+001
         vertex 6.481108e+001 3.633933e+001 3.449670e+001
         vertex 6.481108e+001 7.888295e+001 3.449670e+001
      endloop
   endfacet
   facet normal -2.568759e-001 0.000000e+000 9.664444e-001
      outer loop
         vertex 6.356282e+001 7.603628e+001 3.422142e+001
         vertex 6.256844e+001 4.035505e+001 3.395712e+001
         vertex 6.356282e+001 3.918600e+001 3.422142e+001
      endloop
   endfacet
   facet normal -1.392415e-001 0.000000e+000 9.902584e-001
      outer loop
         vertex 6.748912e+001 1.111140e+000 3.488300e+001
         vertex 6.500000e+001 8.061114e+001 3.453300e+001
         vertex 6.500000e+001 3.461114e+001 3.453300e+001
      endloop
   endfacet
   facet normal -4.654846e-002 0.000000e+000 9.989160e-001
      outer loop
         vertex 6.748912e+001 1.111140e+000 3.488300e+001
         vertex 7.000000e+001 1.111140e+000 3.500000e+001
         vertex 6.748912e+001 1.141111e+002 3.488300e+001
      endloop
   endfacet
   facet normal -9.025297e-001 0.000000e+000 4.306276e-001
      outer loop
         vertex 4.469436e+001 4.261114e+001 1.741406e+001
         vertex 4.676210e+001 4.261114e+001 2.174773e+001
         vertex 4.469436e+001 7.261114e+001 1.741406e+001
      endloop
   endfacet
   facet normal -3.784127e-001 0.000000e+000 9.256370e-001
      outer loop
         vertex 6.057070e+001 4.177006e+001 3.329997e+001
         vertex 6.057070e+001 7.345222e+001 3.329997e+001
         vertex 5.900505e+001 7.286648e+001 3.265991e+001
      endloop
   endfacet
   facet normal -9.999803e-001 6.271127e-003 0.000000e+000
      outer loop
         vertex 6.500000e+001 8.061114e+001 3.453300e+001
         vertex 6.500000e+001 8.061114e+001 1.300000e+001
         vertex 6.499937e+001 8.051016e+001 3.453288e+001
      endloop
   endfacet
   facet normal -9.982644e-001 5.889009e-002 -3.161254e-004
      outer loop
         vertex 6.499384e+001 8.029706e+001 1.299383e+001
         vertex 6.497534e+001 7.998347e+001 1.297534e+001
         vertex 6.495625e+001 7.977557e+001 3.452472e+001
      endloop
   endfacet
   facet normal -9.905649e-001 1.370443e-001 -1.278675e-004
      outer loop
         vertex 6.494455e+001 7.967084e+001 1.294455e+001
         vertex 6.490150e+001 7.935966e+001 1.290151e+001
         vertex 6.495625e+001 7.977557e+001 3.452472e+001
      endloop
   endfacet
   facet normal -9.767696e-001 2.142922e-001 6.938503e-005
      outer loop
         vertex 6.484628e+001 7.905042e+001 1.284628e+001
         vertex 6.477896e+001 7.874358e+001 1.277896e+001
         vertex 6.481108e+001 7.888295e+001 3.449670e+001
      endloop
   endfacet
   facet normal -9.569394e-001 2.902877e-001 -2.403840e-005
      outer loop
         vertex 6.469964e+001 7.843961e+001 1.269964e+001
         vertex 6.460845e+001 7.813901e+001 1.260845e+001
         vertex 6.470634e+001 7.846352e+001 3.447598e+001
      endloop
   endfacet
   facet normal -9.310174e-001 3.649718e-001 -1.464075e-003
      outer loop
         vertex 6.450553e+001 7.784220e+001 1.250553e+001
         vertex 6.439104e+001 7.754967e+001 1.239104e+001
         vertex 6.414951e+001 7.702167e+001 3.435852e+001
      endloop
   endfacet
   facet normal -8.997558e-001 4.363938e-001 3.501208e-005
      outer loop
         vertex 6.426514e+001 7.726186e+001 1.226515e+001
         vertex 6.412805e+001 7.697922e+001 1.212805e+001
         vertex 6.414951e+001 7.702167e+001 3.435852e+001
      endloop
   endfacet
   facet normal -8.625568e-001 5.059597e-001 -6.889296e-004
      outer loop
         vertex 6.397997e+001 7.670217e+001 1.197997e+001
         vertex 6.382112e+001 7.643115e+001 1.182112e+001
         vertex 6.414951e+001 7.702167e+001 3.435852e+001
      endloop
   endfacet
   facet normal -8.204277e-001 5.717504e-001 6.801289e-005
      outer loop
         vertex 6.365176e+001 7.616658e+001 1.165176e+001
         vertex 6.347214e+001 7.590886e+001 1.147214e+001
         vertex 6.356282e+001 7.603628e+001 3.422142e+001
      endloop
   endfacet
   facet normal -7.725946e-001 6.348989e-001 -1.019071e-003
      outer loop
         vertex 6.328254e+001 7.565839e+001 1.128254e+001
         vertex 6.308325e+001 7.541556e+001 1.108325e+001
         vertex 6.356282e+001 7.603628e+001 3.422142e+001
      endloop
   endfacet
   facet normal -7.207805e-001 6.931633e-001 -1.453077e-004
      outer loop
         vertex 6.287458e+001 7.518073e+001 1.087458e+001
         vertex 6.265685e+001 7.495428e+001 1.065685e+001
         vertex 6.256844e+001 7.486723e+001 3.395712e+001
      endloop
   endfacet
   facet normal -6.641030e-001 7.476410e-001 -2.562876e-004
      outer loop
         vertex 6.243040e+001 7.473656e+001 1.043041e+001
         vertex 6.219558e+001 7.452789e+001 1.019558e+001
         vertex 6.256844e+001 7.486723e+001 3.395712e+001
      endloop
   endfacet
   facet normal -6.031682e-001 7.976138e-001 -6.028723e-004
      outer loop
         vertex 6.195275e+001 7.432861e+001 9.952751e+000
         vertex 6.170228e+001 7.413901e+001 9.702282e+000
         vertex 6.141397e+001 7.393904e+001 3.359844e+001
      endloop
   endfacet
   facet normal -5.391599e-001 8.422034e-001 2.630637e-005
      outer loop
         vertex 6.144456e+001 7.395938e+001 9.444562e+000
         vertex 6.117999e+001 7.379002e+001 9.179989e+000
         vertex 6.141397e+001 7.393904e+001 3.359844e+001
      endloop
   endfacet
   facet normal -4.713507e-001 8.819459e-001 -6.645931e-005
      outer loop
         vertex 6.090897e+001 7.363117e+001 8.908970e+000
         vertex 6.063192e+001 7.348309e+001 8.631924e+000
         vertex 6.057070e+001 7.345222e+001 3.329997e+001
      endloop
   endfacet
   facet normal -4.004609e-001 9.163138e-001 -3.474804e-004
      outer loop
         vertex 6.034928e+001 7.334599e+001 8.349277e+000
         vertex 6.006147e+001 7.322010e+001 8.061467e+000
         vertex 6.057070e+001 7.345222e+001 3.329997e+001
      endloop
   endfacet
   facet normal -3.267818e-001 9.450993e-001 -9.491518e-004
      outer loop
         vertex 5.976894e+001 7.310561e+001 7.768937e+000
         vertex 5.947214e+001 7.300269e+001 7.472136e+000
         vertex 5.900505e+001 7.286648e+001 3.265991e+001
      endloop
   endfacet
   facet normal -2.525390e-001 9.675867e-001 5.962666e-005
      outer loop
         vertex 5.917152e+001 7.291150e+001 7.171524e+000
         vertex 5.886756e+001 7.283218e+001 6.867563e+000
         vertex 5.900505e+001 7.286648e+001 3.265991e+001
      endloop
   endfacet
   facet normal -1.749589e-001 9.845754e-001 -8.551037e-004
      outer loop
         vertex 5.856072e+001 7.276485e+001 6.560722e+000
         vertex 5.825148e+001 7.270963e+001 6.251476e+000
         vertex 5.900505e+001 7.286648e+001 3.265991e+001
      endloop
   endfacet
   facet normal -9.664730e-002 9.953177e-001 -1.386994e-003
      outer loop
         vertex 5.794030e+001 7.266660e+001 5.940299e+000
         vertex 5.762767e+001 7.263580e+001 5.627673e+000
         vertex 5.700000e+001 7.261114e+001 3.166432e+001
      endloop
   endfacet
   facet normal -1.964787e-002 9.998070e-001 0.000000e+000
      outer loop
         vertex 5.731408e+001 7.261731e+001 5.314078e+000
         vertex 5.700000e+001 7.261114e+001 5.000000e+000
         vertex 5.700000e+001 7.261114e+001 3.166432e+001
      endloop
   endfacet
   facet normal -3.497803e-001 9.368302e-001 -1.734403e-003
      outer loop
         vertex 5.900505e+001 7.286648e+001 3.265991e+001
         vertex 6.057070e+001 7.345222e+001 3.329997e+001
         vertex 5.976894e+001 7.310561e+001 7.768937e+000
      endloop
   endfacet
   facet normal -6.263224e-001 7.795628e-001 -1.427851e-003
      outer loop
         vertex 6.141397e+001 7.393904e+001 3.359844e+001
         vertex 6.256844e+001 7.486723e+001 3.395712e+001
         vertex 6.195275e+001 7.432861e+001 9.952751e+000
      endloop
   endfacet
   facet normal -8.591832e-001 5.116673e-001 -8.876339e-004
      outer loop
         vertex 6.356282e+001 7.603628e+001 3.422142e+001
         vertex 6.414951e+001 7.702167e+001 3.435852e+001
         vertex 6.382112e+001 7.643115e+001 1.182112e+001
      endloop
   endfacet
   facet normal -9.702065e-001 2.422796e-001 -1.199310e-004
      outer loop
         vertex 6.470634e+001 7.846352e+001 3.447598e+001
         vertex 6.481108e+001 7.888295e+001 3.449670e+001
         vertex 6.477896e+001 7.874358e+001 1.277896e+001
      endloop
   endfacet
   facet normal -9.982819e-001 5.859310e-002 -3.233491e-004
      outer loop
         vertex 6.495625e+001 7.977557e+001 3.452472e+001
         vertex 6.499937e+001 8.051016e+001 3.453288e+001
         vertex 6.499384e+001 8.029706e+001 1.299383e+001
      endloop
   endfacet
   facet normal -9.951851e-001 9.801372e-002 6.405370e-005
      outer loop
         vertex 6.495625e+001 7.977557e+001 3.452472e+001
         vertex 6.497534e+001 7.998347e+001 1.297534e+001
         vertex 6.494455e+001 7.967084e+001 1.294455e+001
      endloop
   endfacet
   facet normal -9.675967e-001 2.525009e-001 2.073378e-005
      outer loop
         vertex 6.469964e+001 7.843961e+001 1.269964e+001
         vertex 6.470634e+001 7.846352e+001 3.447598e+001
         vertex 6.477896e+001 7.874358e+001 1.277896e+001
      endloop
   endfacet
   facet normal -9.161161e-001 4.009128e-001 -4.363650e-004
      outer loop
         vertex 6.414951e+001 7.702167e+001 3.435852e+001
         vertex 6.439104e+001 7.754967e+001 1.239104e+001
         vertex 6.426514e+001 7.726186e+001 1.226515e+001
      endloop
   endfacet
   facet normal -8.421557e-001 5.392344e-001 -2.053321e-004
      outer loop
         vertex 6.365176e+001 7.616658e+001 1.165176e+001
         vertex 6.356282e+001 7.603628e+001 3.422142e+001
         vertex 6.382112e+001 7.643115e+001 1.182112e+001
      endloop
   endfacet
   facet normal -7.615366e-001 6.481200e-001 -1.602942e-003
      outer loop
         vertex 6.356282e+001 7.603628e+001 3.422142e+001
         vertex 6.308325e+001 7.541556e+001 1.108325e+001
         vertex 6.256844e+001 7.486723e+001 3.395712e+001
      endloop
   endfacet
   facet normal -6.931235e-001 7.208189e-001 6.296047e-005
      outer loop
         vertex 6.243040e+001 7.473656e+001 1.043041e+001
         vertex 6.256844e+001 7.486723e+001 3.395712e+001
         vertex 6.265685e+001 7.495428e+001 1.065685e+001
      endloop
   endfacet
   facet normal -5.053344e-001 8.629235e-001 -4.242636e-004
      outer loop
         vertex 6.141397e+001 7.393904e+001 3.359844e+001
         vertex 6.117999e+001 7.379002e+001 9.179989e+000
         vertex 6.090897e+001 7.363117e+001 8.908970e+000
      endloop
   endfacet
   facet normal -4.364419e-001 8.997324e-001 4.243030e-005
      outer loop
         vertex 6.034928e+001 7.334599e+001 8.349277e+000
         vertex 6.057070e+001 7.345222e+001 3.329997e+001
         vertex 6.063192e+001 7.348309e+001 8.631924e+000
      endloop
   endfacet
   facet normal -2.141800e-001 9.767942e-001 -1.570877e-004
      outer loop
         vertex 5.900505e+001 7.286648e+001 3.265991e+001
         vertex 5.886756e+001 7.283218e+001 6.867563e+000
         vertex 5.856072e+001 7.276485e+001 6.560722e+000
      endloop
   endfacet
   facet normal -5.841001e-002 9.982926e-001 -4.623765e-004
      outer loop
         vertex 5.700000e+001 7.261114e+001 3.166432e+001
         vertex 5.762767e+001 7.263580e+001 5.627673e+000
         vertex 5.731408e+001 7.261731e+001 5.314078e+000
      endloop
   endfacet
   facet normal -9.998075e-001 1.962236e-002 6.261360e-005
      outer loop
         vertex 6.499384e+001 8.029706e+001 1.299383e+001
         vertex 6.499937e+001 8.051016e+001 3.453288e+001
         vertex 6.500000e+001 8.061114e+001 1.300000e+001
      endloop
   endfacet
   facet normal -9.844210e-001 1.758272e-001 -2.405806e-004
      outer loop
         vertex 6.490150e+001 7.935966e+001 1.290151e+001
         vertex 6.484628e+001 7.905042e+001 1.284628e+001
         vertex 6.481108e+001 7.888295e+001 3.449670e+001
      endloop
   endfacet
   facet normal -8.819124e-001 4.714133e-001 -4.907898e-005
      outer loop
         vertex 6.412805e+001 7.697922e+001 1.212805e+001
         vertex 6.397997e+001 7.670217e+001 1.197997e+001
         vertex 6.414951e+001 7.702167e+001 3.435852e+001
      endloop
   endfacet
   facet normal -7.471238e-001 6.646843e-001 -8.814883e-004
      outer loop
         vertex 6.308325e+001 7.541556e+001 1.108325e+001
         vertex 6.287458e+001 7.518073e+001 1.087458e+001
         vertex 6.256844e+001 7.486723e+001 3.395712e+001
      endloop
   endfacet
   facet normal -5.717762e-001 8.204097e-001 -3.335870e-005
      outer loop
         vertex 6.170228e+001 7.413901e+001 9.702282e+000
         vertex 6.144456e+001 7.395938e+001 9.444562e+000
         vertex 6.141397e+001 7.393904e+001 3.359844e+001
      endloop
   endfacet
   facet normal -2.900872e-001 9.570002e-001 -2.043184e-004
      outer loop
         vertex 5.947214e+001 7.300269e+001 7.472136e+000
         vertex 5.917152e+001 7.291150e+001 7.171524e+000
         vertex 5.900505e+001 7.286648e+001 3.265991e+001
      endloop
   endfacet
   facet normal -1.251383e-001 9.921363e-001 -2.435294e-003
      outer loop
         vertex 5.700000e+001 7.261114e+001 3.166432e+001
         vertex 5.900505e+001 7.286648e+001 3.265991e+001
         vertex 5.794030e+001 7.266660e+001 5.940299e+000
      endloop
   endfacet
   facet normal -9.328038e-001 3.603807e-001 -1.665567e-003
      outer loop
         vertex 6.414951e+001 7.702167e+001 3.435852e+001
         vertex 6.470634e+001 7.846352e+001 3.447598e+001
         vertex 6.450553e+001 7.784220e+001 1.250553e+001
      endloop
   endfacet
   facet normal -9.870283e-001 1.605455e-001 -5.888437e-004
      outer loop
         vertex 6.495625e+001 7.977557e+001 3.452472e+001
         vertex 6.490150e+001 7.935966e+001 1.290151e+001
         vertex 6.481108e+001 7.888295e+001 3.449670e+001
      endloop
   endfacet
   facet normal -7.972485e-001 6.036512e-001 -2.030597e-004
      outer loop
         vertex 6.328254e+001 7.565839e+001 1.128254e+001
         vertex 6.356282e+001 7.603628e+001 3.422142e+001
         vertex 6.347214e+001 7.590886e+001 1.147214e+001
      endloop
   endfacet
   facet normal -1.350067e-001 9.908426e-001 -2.032372e-003
      outer loop
         vertex 5.900505e+001 7.286648e+001 3.265991e+001
         vertex 5.825148e+001 7.270963e+001 6.251476e+000
         vertex 5.794030e+001 7.266660e+001 5.940299e+000
      endloop
   endfacet
   facet normal -4.998134e-001 8.661329e-001 -5.772109e-004
      outer loop
         vertex 6.141397e+001 7.393904e+001 3.359844e+001
         vertex 6.090897e+001 7.363117e+001 8.908970e+000
         vertex 6.057070e+001 7.345222e+001 3.329997e+001
      endloop
   endfacet
   facet normal -9.447405e-001 3.278185e-001 -6.356090e-004
      outer loop
         vertex 6.460845e+001 7.813901e+001 1.260845e+001
         vertex 6.450553e+001 7.784220e+001 1.250553e+001
         vertex 6.470634e+001 7.846352e+001 3.447598e+001
      endloop
   endfacet
   facet normal -3.633987e-001 9.316329e-001 -1.236173e-003
      outer loop
         vertex 6.006147e+001 7.322010e+001 8.061467e+000
         vertex 5.976894e+001 7.310561e+001 7.768937e+000
         vertex 6.057070e+001 7.345222e+001 3.329997e+001
      endloop
   endfacet
   facet normal -6.337340e-001 7.735502e-001 -1.102836e-003
      outer loop
         vertex 6.195275e+001 7.432861e+001 9.952751e+000
         vertex 6.256844e+001 7.486723e+001 3.395712e+001
         vertex 6.219558e+001 7.452789e+001 1.019558e+001
      endloop
   endfacet
   facet normal 0.000000e+000 0.000000e+000 -1.000000e+000
      outer loop
         vertex 7.371861e+001 1.141111e+002 1.300000e+001
         vertex 7.371861e+001 8.061114e+001 1.300000e+001
         vertex 6.500000e+001 1.141111e+002 1.300000e+001
      endloop
   endfacet
   facet normal 0.000000e+000 0.000000e+000 -1.000000e+000
      outer loop
         vertex 6.500000e+001 8.061114e+001 1.300000e+001
         vertex 6.500000e+001 1.141111e+002 1.300000e+001
         vertex 7.371861e+001 8.061114e+001 1.300000e+001
      endloop
   endfacet
   facet normal -3.420199e-001 -9.396927e-001 -0.000000e+000
      outer loop
         vertex 7.964181e+000 4.076021e+001 4.500000e+000
         vertex 7.000000e+000 4.111114e+001 4.500000e+000
         vertex 7.000000e+000 4.111114e+001 0.000000e+000
      endloop
   endfacet
   facet normal -9.848076e-001 1.736488e-001 0.000000e+000
      outer loop
         vertex 8.477212e+000 3.987161e+001 0.000000e+000
         vertex 8.299038e+000 3.886114e+001 4.500000e+000
         vertex 8.477212e+000 3.987161e+001 4.500000e+000
      endloop
   endfacet
   facet normal -0.000000e+000 1.000000e+000 0.000000e+000
      outer loop
         vertex 6.486970e+000 3.820160e+001 0.000000e+000
         vertex 6.486970e+000 3.820160e+001 4.500000e+000
         vertex 7.513030e+000 3.820160e+001 4.500000e+000
      endloop
   endfacet
   facet normal 9.848077e-001 1.736483e-001 0.000000e+000
      outer loop
         vertex 5.522789e+000 3.987161e+001 0.000000e+000
         vertex 5.522789e+000 3.987161e+001 4.500000e+000
         vertex 5.700962e+000 3.886114e+001 4.500000e+000
      endloop
   endfacet
   facet normal 3.420199e-001 -9.396927e-001 0.000000e+000
      outer loop
         vertex 7.000000e+000 4.111114e+001 0.000000e+000
         vertex 7.000000e+000 4.111114e+001 4.500000e+000
         vertex 6.035819e+000 4.076021e+001 4.500000e+000
      endloop
   endfacet
   facet normal 8.660258e-001 -4.999994e-001 0.000000e+000
      outer loop
         vertex 5.522789e+000 3.987161e+001 4.500000e+000
         vertex 5.522789e+000 3.987161e+001 0.000000e+000
         vertex 6.035819e+000 4.076021e+001 0.000000e+000
      endloop
   endfacet
   facet normal 6.427872e-001 7.660448e-001 -0.000000e+000
      outer loop
         vertex 6.486970e+000 3.820160e+001 4.500000e+000
         vertex 6.486970e+000 3.820160e+001 0.000000e+000
         vertex 5.700962e+000 3.886114e+001 0.000000e+000
      endloop
   endfacet
   facet normal -6.427872e-001 7.660448e-001 0.000000e+000
      outer loop
         vertex 7.513030e+000 3.820160e+001 4.500000e+000
         vertex 8.299038e+000 3.886114e+001 0.000000e+000
         vertex 7.513030e+000 3.820160e+001 0.000000e+000
      endloop
   endfacet
   facet normal -8.660256e-001 -4.999997e-001 0.000000e+000
      outer loop
         vertex 8.477212e+000 3.987161e+001 4.500000e+000
         vertex 7.964181e+000 4.076021e+001 0.000000e+000
         vertex 8.477212e+000 3.987161e+001 0.000000e+000
      endloop
   endfacet
   facet normal -3.420199e-001 -9.396927e-001 -0.000000e+000
      outer loop
         vertex 7.964181e+000 4.076021e+001 0.000000e+000
         vertex 7.964181e+000 4.076021e+001 4.500000e+000
         vertex 7.000000e+000 4.111114e+001 0.000000e+000
      endloop
   endfacet
   facet normal 9.848077e-001 1.736483e-001 0.000000e+000
      outer loop
         vertex 5.700962e+000 3.886114e+001 0.000000e+000
         vertex 5.522789e+000 3.987161e+001 0.000000e+000
         vertex 5.700962e+000 3.886114e+001 4.500000e+000
      endloop
   endfacet
   facet normal 6.427872e-001 7.660448e-001 0.000000e+000
      outer loop
         vertex 5.700962e+000 3.886114e+001 4.500000e+000
         vertex 6.486970e+000 3.820160e+001 4.500000e+000
         vertex 5.700962e+000 3.886114e+001 0.000000e+000
      endloop
   endfacet
   facet normal -8.660256e-001 -4.999997e-001 0.000000e+000
      outer loop
         vertex 7.964181e+000 4.076021e+001 4.500000e+000
         vertex 7.964181e+000 4.076021e+001 0.000000e+000
         vertex 8.477212e+000 3.987161e+001 4.500000e+000
      endloop
   endfacet
   facet normal -6.427872e-001 7.660448e-001 0.000000e+000
      outer loop
         vertex 8.299038e+000 3.886114e+001 0.000000e+000
         vertex 7.513030e+000 3.820160e+001 4.500000e+000
         vertex 8.299038e+000 3.886114e+001 4.500000e+000
      endloop
   endfacet
   facet normal 3.420199e-001 -9.396927e-001 0.000000e+000
      outer loop
         vertex 6.035819e+000 4.076021e+001 4.500000e+000
         vertex 6.035819e+000 4.076021e+001 0.000000e+000
         vertex 7.000000e+000 4.111114e+001 0.000000e+000
      endloop
   endfacet
   facet normal -9.848076e-001 1.736488e-001 0.000000e+000
      outer loop
         vertex 8.299038e+000 3.886114e+001 4.500000e+000
         vertex 8.477212e+000 3.987161e+001 0.000000e+000
         vertex 8.299038e+000 3.886114e+001 0.000000e+000
      endloop
   endfacet
   facet normal 8.660258e-001 -4.999994e-001 0.000000e+000
      outer loop
         vertex 6.035819e+000 4.076021e+001 4.500000e+000
         vertex 5.522789e+000 3.987161e+001 4.500000e+000
         vertex 6.035819e+000 4.076021e+001 0.000000e+000
      endloop
   endfacet
   facet normal 0.000000e+000 1.000000e+000 -0.000000e+000
      outer loop
         vertex 7.513030e+000 3.820160e+001 4.500000e+000
         vertex 7.513030e+000 3.820160e+001 0.000000e+000
         vertex 6.486970e+000 3.820160e+001 0.000000e+000
      endloop
   endfacet
   facet normal -2.588193e-001 -9.659258e-001 -0.000000e+000
      outer loop
         vertex 7.025000e+001 1.115981e+002 4.000000e+000
         vertex 6.875000e+001 1.120000e+002 4.000000e+000
         vertex 6.875000e+001 1.120000e+002 1.000000e+000
      endloop
   endfacet
   facet normal -9.659258e-001 -2.588193e-001 -0.000000e+000
      outer loop
         vertex 7.175000e+001 1.090000e+002 1.000000e+000
         vertex 7.175000e+001 1.090000e+002 4.000000e+000
         vertex 7.134808e+001 1.105000e+002 4.000000e+000
      endloop
   endfacet
   facet normal -7.071068e-001 7.071068e-001 0.000000e+000
      outer loop
         vertex 7.025000e+001 1.064019e+002 1.000000e+000
         vertex 7.025000e+001 1.064019e+002 4.000000e+000
         vertex 7.134808e+001 1.075000e+002 4.000000e+000
      endloop
   endfacet
   facet normal 2.588193e-001 9.659258e-001 0.000000e+000
      outer loop
         vertex 6.725000e+001 1.064019e+002 1.000000e+000
         vertex 6.725000e+001 1.064019e+002 4.000000e+000
         vertex 6.875000e+001 1.060000e+002 4.000000e+000
      endloop
   endfacet
   facet normal 9.659258e-001 2.588193e-001 0.000000e+000
      outer loop
         vertex 6.575000e+001 1.090000e+002 1.000000e+000
         vertex 6.575000e+001 1.090000e+002 4.000000e+000
         vertex 6.615192e+001 1.075000e+002 4.000000e+000
      endloop
   endfacet
   facet normal 7.071068e-001 -7.071068e-001 0.000000e+000
      outer loop
         vertex 6.615192e+001 1.105000e+002 1.000000e+000
         vertex 6.725000e+001 1.115981e+002 4.000000e+000
         vertex 6.615192e+001 1.105000e+002 4.000000e+000
      endloop
   endfacet
   facet normal 2.588193e-001 -9.659258e-001 0.000000e+000
      outer loop
         vertex 6.725000e+001 1.115981e+002 1.000000e+000
         vertex 6.875000e+001 1.120000e+002 1.000000e+000
         vertex 6.875000e+001 1.120000e+002 4.000000e+000
      endloop
   endfacet
   facet normal 9.659258e-001 -2.588193e-001 0.000000e+000
      outer loop
         vertex 6.615192e+001 1.105000e+002 4.000000e+000
         vertex 6.575000e+001 1.090000e+002 1.000000e+000
         vertex 6.615192e+001 1.105000e+002 1.000000e+000
      endloop
   endfacet
   facet normal 7.071068e-001 7.071068e-001 -0.000000e+000
      outer loop
         vertex 6.725000e+001 1.064019e+002 4.000000e+000
         vertex 6.725000e+001 1.064019e+002 1.000000e+000
         vertex 6.615192e+001 1.075000e+002 1.000000e+000
      endloop
   endfacet
   facet normal -2.588193e-001 9.659258e-001 0.000000e+000
      outer loop
         vertex 7.025000e+001 1.064019e+002 4.000000e+000
         vertex 7.025000e+001 1.064019e+002 1.000000e+000
         vertex 6.875000e+001 1.060000e+002 1.000000e+000
      endloop
   endfacet
   facet normal -9.659258e-001 2.588193e-001 0.000000e+000
      outer loop
         vertex 7.175000e+001 1.090000e+002 4.000000e+000
         vertex 7.175000e+001 1.090000e+002 1.000000e+000
         vertex 7.134808e+001 1.075000e+002 1.000000e+000
      endloop
   endfacet
   facet normal -7.071068e-001 -7.071068e-001 0.000000e+000
      outer loop
         vertex 7.134808e+001 1.105000e+002 4.000000e+000
         vertex 7.025000e+001 1.115981e+002 1.000000e+000
         vertex 7.134808e+001 1.105000e+002 1.000000e+000
      endloop
   endfacet
   facet normal -2.588193e-001 -9.659258e-001 -0.000000e+000
      outer loop
         vertex 7.025000e+001 1.115981e+002 1.000000e+000
         vertex 7.025000e+001 1.115981e+002 4.000000e+000
         vertex 6.875000e+001 1.120000e+002 1.000000e+000
      endloop
   endfacet
   facet normal 2.588193e-001 9.659258e-001 0.000000e+000
      outer loop
         vertex 6.875000e+001 1.060000e+002 1.000000e+000
         vertex 6.725000e+001 1.064019e+002 1.000000e+000
         vertex 6.875000e+001 1.060000e+002 4.000000e+000
      endloop
   endfacet
   facet normal 7.071068e-001 -7.071068e-001 0.000000e+000
      outer loop
         vertex 6.725000e+001 1.115981e+002 1.000000e+000
         vertex 6.725000e+001 1.115981e+002 4.000000e+000
         vertex 6.615192e+001 1.105000e+002 1.000000e+000
      endloop
   endfacet
   facet normal 7.071068e-001 7.071068e-001 0.000000e+000
      outer loop
         vertex 6.615192e+001 1.075000e+002 4.000000e+000
         vertex 6.725000e+001 1.064019e+002 4.000000e+000
         vertex 6.615192e+001 1.075000e+002 1.000000e+000
      endloop
   endfacet
   facet normal -9.659258e-001 -2.588193e-001 -0.000000e+000
      outer loop
         vertex 7.175000e+001 1.090000e+002 1.000000e+000
         vertex 7.134808e+001 1.105000e+002 4.000000e+000
         vertex 7.134808e+001 1.105000e+002 1.000000e+000
      endloop
   endfacet
   facet normal 2.588193e-001 -9.659258e-001 0.000000e+000
      outer loop
         vertex 6.875000e+001 1.120000e+002 4.000000e+000
         vertex 6.725000e+001 1.115981e+002 4.000000e+000
         vertex 6.725000e+001 1.115981e+002 1.000000e+000
      endloop
   endfacet
   facet normal -7.071068e-001 -7.071068e-001 0.000000e+000
      outer loop
         vertex 7.025000e+001 1.115981e+002 1.000000e+000
         vertex 7.134808e+001 1.105000e+002 4.000000e+000
         vertex 7.025000e+001 1.115981e+002 4.000000e+000
      endloop
   endfacet
   facet normal -2.588193e-001 9.659258e-001 0.000000e+000
      outer loop
         vertex 6.875000e+001 1.060000e+002 1.000000e+000
         vertex 6.875000e+001 1.060000e+002 4.000000e+000
         vertex 7.025000e+001 1.064019e+002 4.000000e+000
      endloop
   endfacet
   facet normal 9.659258e-001 2.588193e-001 -0.000000e+000
      outer loop
         vertex 6.615192e+001 1.075000e+002 4.000000e+000
         vertex 6.615192e+001 1.075000e+002 1.000000e+000
         vertex 6.575000e+001 1.090000e+002 1.000000e+000
      endloop
   endfacet
   facet normal -7.071068e-001 7.071068e-001 0.000000e+000
      outer loop
         vertex 7.134808e+001 1.075000e+002 1.000000e+000
         vertex 7.025000e+001 1.064019e+002 1.000000e+000
         vertex 7.134808e+001 1.075000e+002 4.000000e+000
      endloop
   endfacet
   facet normal -9.659258e-001 2.588193e-001 0.000000e+000
      outer loop
         vertex 7.134808e+001 1.075000e+002 4.000000e+000
         vertex 7.175000e+001 1.090000e+002 4.000000e+000
         vertex 7.134808e+001 1.075000e+002 1.000000e+000
      endloop
   endfacet
   facet normal 9.659258e-001 -2.588193e-001 0.000000e+000
      outer loop
         vertex 6.575000e+001 1.090000e+002 1.000000e+000
         vertex 6.615192e+001 1.105000e+002 4.000000e+000
         vertex 6.575000e+001 1.090000e+002 4.000000e+000
      endloop
   endfacet
   facet normal -2.588190e-001 -9.659258e-001 -0.000000e+000
      outer loop
         vertex 7.750000e+000 7.598076e+000 4.000000e+000
         vertex 6.250000e+000 8.000000e+000 4.000000e+000
         vertex 6.250000e+000 8.000000e+000 1.000000e+000
      endloop
   endfacet
   facet normal -9.659258e-001 -2.588193e-001 -0.000000e+000
      outer loop
         vertex 9.250000e+000 5.000000e+000 1.000000e+000
         vertex 9.250000e+000 5.000000e+000 4.000000e+000
         vertex 8.848076e+000 6.500000e+000 4.000000e+000
      endloop
   endfacet
   facet normal -7.071069e-001 7.071067e-001 0.000000e+000
      outer loop
         vertex 7.750000e+000 2.401924e+000 1.000000e+000
         vertex 7.750000e+000 2.401924e+000 4.000000e+000
         vertex 8.848076e+000 3.500000e+000 4.000000e+000
      endloop
   endfacet
   facet normal 2.588191e-001 9.659258e-001 0.000000e+000
      outer loop
         vertex 4.750000e+000 2.401924e+000 1.000000e+000
         vertex 4.750000e+000 2.401924e+000 4.000000e+000
         vertex 6.250000e+000 2.000000e+000 4.000000e+000
      endloop
   endfacet
   facet normal 9.659258e-001 2.588191e-001 0.000000e+000
      outer loop
         vertex 3.250000e+000 5.000000e+000 1.000000e+000
         vertex 3.250000e+000 5.000000e+000 4.000000e+000
         vertex 3.651924e+000 3.500000e+000 4.000000e+000
      endloop
   endfacet
   facet normal 7.071069e-001 -7.071067e-001 0.000000e+000
      outer loop
         vertex 3.651924e+000 6.500000e+000 1.000000e+000
         vertex 4.750000e+000 7.598076e+000 4.000000e+000
         vertex 3.651924e+000 6.500000e+000 4.000000e+000
      endloop
   endfacet
   facet normal 2.588190e-001 -9.659258e-001 0.000000e+000
      outer loop
         vertex 4.750000e+000 7.598076e+000 1.000000e+000
         vertex 6.250000e+000 8.000000e+000 1.000000e+000
         vertex 6.250000e+000 8.000000e+000 4.000000e+000
      endloop
   endfacet
   facet normal 9.659258e-001 -2.588191e-001 0.000000e+000
      outer loop
         vertex 3.651924e+000 6.500000e+000 4.000000e+000
         vertex 3.250000e+000 5.000000e+000 1.000000e+000
         vertex 3.651924e+000 6.500000e+000 1.000000e+000
      endloop
   endfacet
   facet normal 7.071068e-001 7.071068e-001 -0.000000e+000
      outer loop
         vertex 4.750000e+000 2.401924e+000 4.000000e+000
         vertex 4.750000e+000 2.401924e+000 1.000000e+000
         vertex 3.651924e+000 3.500000e+000 1.000000e+000
      endloop
   endfacet
   facet normal -2.588191e-001 9.659258e-001 0.000000e+000
      outer loop
         vertex 7.750000e+000 2.401924e+000 4.000000e+000
         vertex 7.750000e+000 2.401924e+000 1.000000e+000
         vertex 6.250000e+000 2.000000e+000 1.000000e+000
      endloop
   endfacet
   facet normal -9.659258e-001 2.588193e-001 0.000000e+000
      outer loop
         vertex 9.250000e+000 5.000000e+000 4.000000e+000
         vertex 9.250000e+000 5.000000e+000 1.000000e+000
         vertex 8.848076e+000 3.500000e+000 1.000000e+000
      endloop
   endfacet
   facet normal -7.071069e-001 -7.071066e-001 0.000000e+000
      outer loop
         vertex 8.848076e+000 6.500000e+000 4.000000e+000
         vertex 7.750000e+000 7.598076e+000 1.000000e+000
         vertex 8.848076e+000 6.500000e+000 1.000000e+000
      endloop
   endfacet
   facet normal -2.588190e-001 -9.659258e-001 -0.000000e+000
      outer loop
         vertex 7.750000e+000 7.598076e+000 1.000000e+000
         vertex 7.750000e+000 7.598076e+000 4.000000e+000
         vertex 6.250000e+000 8.000000e+000 1.000000e+000
      endloop
   endfacet
   facet normal 2.588191e-001 9.659258e-001 0.000000e+000
      outer loop
         vertex 6.250000e+000 2.000000e+000 1.000000e+000
         vertex 4.750000e+000 2.401924e+000 1.000000e+000
         vertex 6.250000e+000 2.000000e+000 4.000000e+000
      endloop
   endfacet
   facet normal 7.071069e-001 -7.071067e-001 0.000000e+000
      outer loop
         vertex 4.750000e+000 7.598076e+000 1.000000e+000
         vertex 4.750000e+000 7.598076e+000 4.000000e+000
         vertex 3.651924e+000 6.500000e+000 1.000000e+000
      endloop
   endfacet
   facet normal 7.071068e-001 7.071068e-001 0.000000e+000
      outer loop
         vertex 3.651924e+000 3.500000e+000 4.000000e+000
         vertex 4.750000e+000 2.401924e+000 4.000000e+000
         vertex 3.651924e+000 3.500000e+000 1.000000e+000
      endloop
   endfacet
   facet normal -9.659258e-001 -2.588193e-001 -0.000000e+000
      outer loop
         vertex 9.250000e+000 5.000000e+000 1.000000e+000
         vertex 8.848076e+000 6.500000e+000 4.000000e+000
         vertex 8.848076e+000 6.500000e+000 1.000000e+000
      endloop
   endfacet
   facet normal 2.588190e-001 -9.659258e-001 0.000000e+000
      outer loop
         vertex 6.250000e+000 8.000000e+000 4.000000e+000
         vertex 4.750000e+000 7.598076e+000 4.000000e+000
         vertex 4.750000e+000 7.598076e+000 1.000000e+000
      endloop
   endfacet
   facet normal -7.071069e-001 -7.071066e-001 0.000000e+000
      outer loop
         vertex 7.750000e+000 7.598076e+000 1.000000e+000
         vertex 8.848076e+000 6.500000e+000 4.000000e+000
         vertex 7.750000e+000 7.598076e+000 4.000000e+000
      endloop
   endfacet
   facet normal -2.588191e-001 9.659258e-001 0.000000e+000
      outer loop
         vertex 6.250000e+000 2.000000e+000 1.000000e+000
         vertex 6.250000e+000 2.000000e+000 4.000000e+000
         vertex 7.750000e+000 2.401924e+000 4.000000e+000
      endloop
   endfacet
   facet normal 9.659258e-001 2.588191e-001 -0.000000e+000
      outer loop
         vertex 3.651924e+000 3.500000e+000 4.000000e+000
         vertex 3.651924e+000 3.500000e+000 1.000000e+000
         vertex 3.250000e+000 5.000000e+000 1.000000e+000
      endloop
   endfacet
   facet normal -7.071069e-001 7.071067e-001 0.000000e+000
      outer loop
         vertex 8.848076e+000 3.500000e+000 1.000000e+000
         vertex 7.750000e+000 2.401924e+000 1.000000e+000
         vertex 8.848076e+000 3.500000e+000 4.000000e+000
      endloop
   endfacet
   facet normal -9.659258e-001 2.588193e-001 0.000000e+000
      outer loop
         vertex 8.848076e+000 3.500000e+000 4.000000e+000
         vertex 9.250000e+000 5.000000e+000 4.000000e+000
         vertex 8.848076e+000 3.500000e+000 1.000000e+000
      endloop
   endfacet
   facet normal 9.659258e-001 -2.588191e-001 0.000000e+000
      outer loop
         vertex 3.250000e+000 5.000000e+000 1.000000e+000
         vertex 3.651924e+000 6.500000e+000 4.000000e+000
         vertex 3.250000e+000 5.000000e+000 4.000000e+000
      endloop
   endfacet
   facet normal -2.588193e-001 -9.659258e-001 -0.000000e+000
      outer loop
         vertex 7.025000e+001 8.598076e+000 4.000000e+000
         vertex 6.875000e+001 9.000000e+000 4.000000e+000
         vertex 6.875000e+001 9.000000e+000 1.000000e+000
      endloop
   endfacet
   facet normal -9.659258e-001 -2.588193e-001 -0.000000e+000
      outer loop
         vertex 7.175000e+001 6.000000e+000 1.000000e+000
         vertex 7.175000e+001 6.000000e+000 4.000000e+000
         vertex 7.134808e+001 7.500000e+000 4.000000e+000
      endloop
   endfacet
   facet normal -7.071069e-001 7.071067e-001 0.000000e+000
      outer loop
         vertex 7.025000e+001 3.401924e+000 1.000000e+000
         vertex 7.025000e+001 3.401924e+000 4.000000e+000
         vertex 7.134808e+001 4.500000e+000 4.000000e+000
      endloop
   endfacet
   facet normal 2.588191e-001 9.659258e-001 0.000000e+000
      outer loop
         vertex 6.725000e+001 3.401924e+000 1.000000e+000
         vertex 6.725000e+001 3.401924e+000 4.000000e+000
         vertex 6.875000e+001 3.000000e+000 4.000000e+000
      endloop
   endfacet
   facet normal 9.659258e-001 2.588193e-001 0.000000e+000
      outer loop
         vertex 6.575000e+001 6.000000e+000 1.000000e+000
         vertex 6.575000e+001 6.000000e+000 4.000000e+000
         vertex 6.615192e+001 4.500000e+000 4.000000e+000
      endloop
   endfacet
   facet normal 7.071068e-001 -7.071068e-001 0.000000e+000
      outer loop
         vertex 6.615192e+001 7.500000e+000 1.000000e+000
         vertex 6.725000e+001 8.598076e+000 4.000000e+000
         vertex 6.615192e+001 7.500000e+000 4.000000e+000
      endloop
   endfacet
   facet normal 2.588193e-001 -9.659258e-001 0.000000e+000
      outer loop
         vertex 6.725000e+001 8.598076e+000 1.000000e+000
         vertex 6.875000e+001 9.000000e+000 1.000000e+000
         vertex 6.875000e+001 9.000000e+000 4.000000e+000
      endloop
   endfacet
   facet normal 9.659258e-001 -2.588193e-001 0.000000e+000
      outer loop
         vertex 6.615192e+001 7.500000e+000 4.000000e+000
         vertex 6.575000e+001 6.000000e+000 1.000000e+000
         vertex 6.615192e+001 7.500000e+000 1.000000e+000
      endloop
   endfacet
   facet normal 7.071069e-001 7.071067e-001 -0.000000e+000
      outer loop
         vertex 6.725000e+001 3.401924e+000 4.000000e+000
         vertex 6.725000e+001 3.401924e+000 1.000000e+000
         vertex 6.615192e+001 4.500000e+000 1.000000e+000
      endloop
   endfacet
   facet normal -2.588191e-001 9.659258e-001 0.000000e+000
      outer loop
         vertex 7.025000e+001 3.401924e+000 4.000000e+000
         vertex 7.025000e+001 3.401924e+000 1.000000e+000
         vertex 6.875000e+001 3.000000e+000 1.000000e+000
      endloop
   endfacet
   facet normal -9.659258e-001 2.588193e-001 0.000000e+000
      outer loop
         vertex 7.175000e+001 6.000000e+000 4.000000e+000
         vertex 7.175000e+001 6.000000e+000 1.000000e+000
         vertex 7.134808e+001 4.500000e+000 1.000000e+000
      endloop
   endfacet
   facet normal -7.071068e-001 -7.071068e-001 0.000000e+000
      outer loop
         vertex 7.134808e+001 7.500000e+000 4.000000e+000
         vertex 7.025000e+001 8.598076e+000 1.000000e+000
         vertex 7.134808e+001 7.500000e+000 1.000000e+000
      endloop
   endfacet
   facet normal -2.588193e-001 -9.659258e-001 -0.000000e+000
      outer loop
         vertex 7.025000e+001 8.598076e+000 1.000000e+000
         vertex 7.025000e+001 8.598076e+000 4.000000e+000
         vertex 6.875000e+001 9.000000e+000 1.000000e+000
      endloop
   endfacet
   facet normal 2.588191e-001 9.659258e-001 0.000000e+000
      outer loop
         vertex 6.875000e+001 3.000000e+000 1.000000e+000
         vertex 6.725000e+001 3.401924e+000 1.000000e+000
         vertex 6.875000e+001 3.000000e+000 4.000000e+000
      endloop
   endfacet
   facet normal 7.071068e-001 -7.071068e-001 0.000000e+000
      outer loop
         vertex 6.725000e+001 8.598076e+000 1.000000e+000
         vertex 6.725000e+001 8.598076e+000 4.000000e+000
         vertex 6.615192e+001 7.500000e+000 1.000000e+000
      endloop
   endfacet
   facet normal 7.071069e-001 7.071067e-001 0.000000e+000
      outer loop
         vertex 6.615192e+001 4.500000e+000 4.000000e+000
         vertex 6.725000e+001 3.401924e+000 4.000000e+000
         vertex 6.615192e+001 4.500000e+000 1.000000e+000
      endloop
   endfacet
   facet normal -9.659258e-001 -2.588193e-001 -0.000000e+000
      outer loop
         vertex 7.175000e+001 6.000000e+000 1.000000e+000
         vertex 7.134808e+001 7.500000e+000 4.000000e+000
         vertex 7.134808e+001 7.500000e+000 1.000000e+000
      endloop
   endfacet
   facet normal 2.588193e-001 -9.659258e-001 0.000000e+000
      outer loop
         vertex 6.875000e+001 9.000000e+000 4.000000e+000
         vertex 6.725000e+001 8.598076e+000 4.000000e+000
         vertex 6.725000e+001 8.598076e+000 1.000000e+000
      endloop
   endfacet
   facet normal -7.071068e-001 -7.071068e-001 0.000000e+000
      outer loop
         vertex 7.025000e+001 8.598076e+000 1.000000e+000
         vertex 7.134808e+001 7.500000e+000 4.000000e+000
         vertex 7.025000e+001 8.598076e+000 4.000000e+000
      endloop
   endfacet
   facet normal -2.588191e-001 9.659258e-001 0.000000e+000
      outer loop
         vertex 6.875000e+001 3.000000e+000 1.000000e+000
         vertex 6.875000e+001 3.000000e+000 4.000000e+000
         vertex 7.025000e+001 3.401924e+000 4.000000e+000
      endloop
   endfacet
   facet normal 9.659258e-001 2.588193e-001 -0.000000e+000
      outer loop
         vertex 6.615192e+001 4.500000e+000 4.000000e+000
         vertex 6.615192e+001 4.500000e+000 1.000000e+000
         vertex 6.575000e+001 6.000000e+000 1.000000e+000
      endloop
   endfacet
   facet normal -7.071069e-001 7.071067e-001 0.000000e+000
      outer loop
         vertex 7.134808e+001 4.500000e+000 1.000000e+000
         vertex 7.025000e+001 3.401924e+000 1.000000e+000
         vertex 7.134808e+001 4.500000e+000 4.000000e+000
      endloop
   endfacet
   facet normal -9.659258e-001 2.588193e-001 0.000000e+000
      outer loop
         vertex 7.134808e+001 4.500000e+000 4.000000e+000
         vertex 7.175000e+001 6.000000e+000 4.000000e+000
         vertex 7.134808e+001 4.500000e+000 1.000000e+000
      endloop
   endfacet
   facet normal 9.659258e-001 -2.588193e-001 0.000000e+000
      outer loop
         vertex 6.575000e+001 6.000000e+000 1.000000e+000
         vertex 6.615192e+001 7.500000e+000 4.000000e+000
         vertex 6.575000e+001 6.000000e+000 4.000000e+000
      endloop
   endfacet
   facet normal -3.420166e-001 -9.396939e-001 -0.000000e+000
      outer loop
         vertex 7.964181e+000 7.676021e+001 4.500000e+000
         vertex 7.000000e+000 7.711114e+001 4.500000e+000
         vertex 7.000000e+000 7.711114e+001 0.000000e+000
      endloop
   endfacet
   facet normal -9.848078e-001 1.736482e-001 0.000000e+000
      outer loop
         vertex 8.477212e+000 7.587161e+001 0.000000e+000
         vertex 8.299038e+000 7.486114e+001 4.500000e+000
         vertex 8.477212e+000 7.587161e+001 4.500000e+000
      endloop
   endfacet
   facet normal -0.000000e+000 1.000000e+000 0.000000e+000
      outer loop
         vertex 6.486970e+000 7.420160e+001 0.000000e+000
         vertex 6.486970e+000 7.420160e+001 4.500000e+000
         vertex 7.513030e+000 7.420160e+001 4.500000e+000
      endloop
   endfacet
   facet normal 9.848078e-001 1.736477e-001 0.000000e+000
      outer loop
         vertex 5.522789e+000 7.587161e+001 0.000000e+000
         vertex 5.522789e+000 7.587161e+001 4.500000e+000
         vertex 5.700962e+000 7.486114e+001 4.500000e+000
      endloop
   endfacet
   facet normal 3.420166e-001 -9.396939e-001 0.000000e+000
      outer loop
         vertex 7.000000e+000 7.711114e+001 0.000000e+000
         vertex 7.000000e+000 7.711114e+001 4.500000e+000
         vertex 6.035819e+000 7.676021e+001 4.500000e+000
      endloop
   endfacet
   facet normal 8.660258e-001 -4.999994e-001 0.000000e+000
      outer loop
         vertex 5.522789e+000 7.587161e+001 4.500000e+000
         vertex 5.522789e+000 7.587161e+001 0.000000e+000
         vertex 6.035819e+000 7.676021e+001 0.000000e+000
      endloop
   endfacet
   facet normal 6.427872e-001 7.660448e-001 -0.000000e+000
      outer loop
         vertex 6.486970e+000 7.420160e+001 4.500000e+000
         vertex 6.486970e+000 7.420160e+001 0.000000e+000
         vertex 5.700962e+000 7.486114e+001 0.000000e+000
      endloop
   endfacet
   facet normal -6.427872e-001 7.660448e-001 0.000000e+000
      outer loop
         vertex 7.513030e+000 7.420160e+001 4.500000e+000
         vertex 8.299038e+000 7.486114e+001 0.000000e+000
         vertex 7.513030e+000 7.420160e+001 0.000000e+000
      endloop
   endfacet
   facet normal -8.660256e-001 -4.999997e-001 0.000000e+000
      outer loop
         vertex 8.477212e+000 7.587161e+001 4.500000e+000
         vertex 7.964181e+000 7.676021e+001 0.000000e+000
         vertex 8.477212e+000 7.587161e+001 0.000000e+000
      endloop
   endfacet
   facet normal -3.420166e-001 -9.396939e-001 -0.000000e+000
      outer loop
         vertex 7.964181e+000 7.676021e+001 0.000000e+000
         vertex 7.964181e+000 7.676021e+001 4.500000e+000
         vertex 7.000000e+000 7.711114e+001 0.000000e+000
      endloop
   endfacet
   facet normal 9.848078e-001 1.736477e-001 0.000000e+000
      outer loop
         vertex 5.700962e+000 7.486114e+001 0.000000e+000
         vertex 5.522789e+000 7.587161e+001 0.000000e+000
         vertex 5.700962e+000 7.486114e+001 4.500000e+000
      endloop
   endfacet
   facet normal 6.427872e-001 7.660448e-001 0.000000e+000
      outer loop
         vertex 5.700962e+000 7.486114e+001 4.500000e+000
         vertex 6.486970e+000 7.420160e+001 4.500000e+000
         vertex 5.700962e+000 7.486114e+001 0.000000e+000
      endloop
   endfacet
   facet normal -8.660256e-001 -4.999997e-001 0.000000e+000
      outer loop
         vertex 7.964181e+000 7.676021e+001 4.500000e+000
         vertex 7.964181e+000 7.676021e+001 0.000000e+000
         vertex 8.477212e+000 7.587161e+001 4.500000e+000
      endloop
   endfacet
   facet normal -6.427872e-001 7.660448e-001 0.000000e+000
      outer loop
         vertex 8.299038e+000 7.486114e+001 0.000000e+000
         vertex 7.513030e+000 7.420160e+001 4.500000e+000
         vertex 8.299038e+000 7.486114e+001 4.500000e+000
      endloop
   endfacet
   facet normal 3.420166e-001 -9.396939e-001 0.000000e+000
      outer loop
         vertex 6.035819e+000 7.676021e+001 4.500000e+000
         vertex 6.035819e+000 7.676021e+001 0.000000e+000
         vertex 7.000000e+000 7.711114e+001 0.000000e+000
      endloop
   endfacet
   facet normal -9.848078e-001 1.736482e-001 0.000000e+000
      outer loop
         vertex 8.299038e+000 7.486114e+001 4.500000e+000
         vertex 8.477212e+000 7.587161e+001 0.000000e+000
         vertex 8.299038e+000 7.486114e+001 0.000000e+000
      endloop
   endfacet
   facet normal 8.660258e-001 -4.999994e-001 0.000000e+000
      outer loop
         vertex 6.035819e+000 7.676021e+001 4.500000e+000
         vertex 5.522789e+000 7.587161e+001 4.500000e+000
         vertex 6.035819e+000 7.676021e+001 0.000000e+000
      endloop
   endfacet
   facet normal 0.000000e+000 1.000000e+000 -0.000000e+000
      outer loop
         vertex 7.513030e+000 7.420160e+001 4.500000e+000
         vertex 7.513030e+000 7.420160e+001 0.000000e+000
         vertex 6.486970e+000 7.420160e+001 0.000000e+000
      endloop
   endfacet
   facet normal -3.420204e-001 -9.396925e-001 -0.000000e+000
      outer loop
         vertex 5.596418e+001 4.076021e+001 4.500000e+000
         vertex 5.500000e+001 4.111114e+001 4.500000e+000
         vertex 5.500000e+001 4.111114e+001 0.000000e+000
      endloop
   endfacet
   facet normal -9.848078e-001 1.736479e-001 0.000000e+000
      outer loop
         vertex 5.647721e+001 3.987161e+001 0.000000e+000
         vertex 5.629904e+001 3.886114e+001 4.500000e+000
         vertex 5.647721e+001 3.987161e+001 4.500000e+000
      endloop
   endfacet
   facet normal -0.000000e+000 1.000000e+000 0.000000e+000
      outer loop
         vertex 5.448697e+001 3.820160e+001 0.000000e+000
         vertex 5.448697e+001 3.820160e+001 4.500000e+000
         vertex 5.551303e+001 3.820160e+001 4.500000e+000
      endloop
   endfacet
   facet normal 9.848078e-001 1.736479e-001 0.000000e+000
      outer loop
         vertex 5.352279e+001 3.987161e+001 0.000000e+000
         vertex 5.352279e+001 3.987161e+001 4.500000e+000
         vertex 5.370096e+001 3.886114e+001 4.500000e+000
      endloop
   endfacet
   facet normal 3.420204e-001 -9.396925e-001 0.000000e+000
      outer loop
         vertex 5.500000e+001 4.111114e+001 0.000000e+000
         vertex 5.500000e+001 4.111114e+001 4.500000e+000
         vertex 5.403582e+001 4.076021e+001 4.500000e+000
      endloop
   endfacet
   facet normal 8.660254e-001 -5.000001e-001 0.000000e+000
      outer loop
         vertex 5.352279e+001 3.987161e+001 4.500000e+000
         vertex 5.352279e+001 3.987161e+001 0.000000e+000
         vertex 5.403582e+001 4.076021e+001 0.000000e+000
      endloop
   endfacet
   facet normal 6.427877e-001 7.660444e-001 -0.000000e+000
      outer loop
         vertex 5.448697e+001 3.820160e+001 4.500000e+000
         vertex 5.448697e+001 3.820160e+001 0.000000e+000
         vertex 5.370096e+001 3.886114e+001 0.000000e+000
      endloop
   endfacet
   facet normal -6.427877e-001 7.660444e-001 0.000000e+000
      outer loop
         vertex 5.551303e+001 3.820160e+001 4.500000e+000
         vertex 5.629904e+001 3.886114e+001 0.000000e+000
         vertex 5.551303e+001 3.820160e+001 0.000000e+000
      endloop
   endfacet
   facet normal -8.660254e-001 -5.000001e-001 0.000000e+000
      outer loop
         vertex 5.647721e+001 3.987161e+001 4.500000e+000
         vertex 5.596418e+001 4.076021e+001 0.000000e+000
         vertex 5.647721e+001 3.987161e+001 0.000000e+000
      endloop
   endfacet
   facet normal -3.420204e-001 -9.396925e-001 -0.000000e+000
      outer loop
         vertex 5.596418e+001 4.076021e+001 0.000000e+000
         vertex 5.596418e+001 4.076021e+001 4.500000e+000
         vertex 5.500000e+001 4.111114e+001 0.000000e+000
      endloop
   endfacet
   facet normal 9.848078e-001 1.736479e-001 0.000000e+000
      outer loop
         vertex 5.370096e+001 3.886114e+001 0.000000e+000
         vertex 5.352279e+001 3.987161e+001 0.000000e+000
         vertex 5.370096e+001 3.886114e+001 4.500000e+000
      endloop
   endfacet
   facet normal 6.427877e-001 7.660444e-001 0.000000e+000
      outer loop
         vertex 5.370096e+001 3.886114e+001 4.500000e+000
         vertex 5.448697e+001 3.820160e+001 4.500000e+000
         vertex 5.370096e+001 3.886114e+001 0.000000e+000
      endloop
   endfacet
   facet normal -8.660254e-001 -5.000001e-001 0.000000e+000
      outer loop
         vertex 5.596418e+001 4.076021e+001 4.500000e+000
         vertex 5.596418e+001 4.076021e+001 0.000000e+000
         vertex 5.647721e+001 3.987161e+001 4.500000e+000
      endloop
   endfacet
   facet normal -6.427877e-001 7.660444e-001 0.000000e+000
      outer loop
         vertex 5.629904e+001 3.886114e+001 0.000000e+000
         vertex 5.551303e+001 3.820160e+001 4.500000e+000
         vertex 5.629904e+001 3.886114e+001 4.500000e+000
      endloop
   endfacet
   facet normal 3.420204e-001 -9.396925e-001 0.000000e+000
      outer loop
         vertex 5.403582e+001 4.076021e+001 4.500000e+000
         vertex 5.403582e+001 4.076021e+001 0.000000e+000
         vertex 5.500000e+001 4.111114e+001 0.000000e+000
      endloop
   endfacet
   facet normal -9.848078e-001 1.736479e-001 0.000000e+000
      outer loop
         vertex 5.629904e+001 3.886114e+001 4.500000e+000
         vertex 5.647721e+001 3.987161e+001 0.000000e+000
         vertex 5.629904e+001 3.886114e+001 0.000000e+000
      endloop
   endfacet
   facet normal 8.660254e-001 -5.000001e-001 0.000000e+000
      outer loop
         vertex 5.403582e+001 4.076021e+001 4.500000e+000
         vertex 5.352279e+001 3.987161e+001 4.500000e+000
         vertex 5.403582e+001 4.076021e+001 0.000000e+000
      endloop
   endfacet
   facet normal 0.000000e+000 1.000000e+000 -0.000000e+000
      outer loop
         vertex 5.551303e+001 3.820160e+001 4.500000e+000
         vertex 5.551303e+001 3.820160e+001 0.000000e+000
         vertex 5.448697e+001 3.820160e+001 0.000000e+000
      endloop
   endfacet
   facet normal -3.420171e-001 -9.396937e-001 -0.000000e+000
      outer loop
         vertex 5.596418e+001 7.676021e+001 4.500000e+000
         vertex 5.500000e+001 7.711114e+001 4.500000e+000
         vertex 5.500000e+001 7.711114e+001 0.000000e+000
      endloop
   endfacet
   facet normal -9.848079e-001 1.736473e-001 0.000000e+000
      outer loop
         vertex 5.647721e+001 7.587161e+001 0.000000e+000
         vertex 5.629904e+001 7.486114e+001 4.500000e+000
         vertex 5.647721e+001 7.587161e+001 4.500000e+000
      endloop
   endfacet
   facet normal -0.000000e+000 1.000000e+000 0.000000e+000
      outer loop
         vertex 5.448697e+001 7.420160e+001 0.000000e+000
         vertex 5.448697e+001 7.420160e+001 4.500000e+000
         vertex 5.551303e+001 7.420160e+001 4.500000e+000
      endloop
   endfacet
   facet normal 9.848079e-001 1.736473e-001 0.000000e+000
      outer loop
         vertex 5.352279e+001 7.587161e+001 0.000000e+000
         vertex 5.352279e+001 7.587161e+001 4.500000e+000
         vertex 5.370096e+001 7.486114e+001 4.500000e+000
      endloop
   endfacet
   facet normal 3.420171e-001 -9.396937e-001 0.000000e+000
      outer loop
         vertex 5.500000e+001 7.711114e+001 0.000000e+000
         vertex 5.500000e+001 7.711114e+001 4.500000e+000
         vertex 5.403582e+001 7.676021e+001 4.500000e+000
      endloop
   endfacet
   facet normal 8.660254e-001 -5.000001e-001 0.000000e+000
      outer loop
         vertex 5.352279e+001 7.587161e+001 4.500000e+000
         vertex 5.352279e+001 7.587161e+001 0.000000e+000
         vertex 5.403582e+001 7.676021e+001 0.000000e+000
      endloop
   endfacet
   facet normal 6.427877e-001 7.660444e-001 -0.000000e+000
      outer loop
         vertex 5.448697e+001 7.420160e+001 4.500000e+000
         vertex 5.448697e+001 7.420160e+001 0.000000e+000
         vertex 5.370096e+001 7.486114e+001 0.000000e+000
      endloop
   endfacet
   facet normal -6.427877e-001 7.660444e-001 0.000000e+000
      outer loop
         vertex 5.551303e+001 7.420160e+001 4.500000e+000
         vertex 5.629904e+001 7.486114e+001 0.000000e+000
         vertex 5.551303e+001 7.420160e+001 0.000000e+000
      endloop
   endfacet
   facet normal -8.660254e-001 -5.000001e-001 0.000000e+000
      outer loop
         vertex 5.647721e+001 7.587161e+001 4.500000e+000
         vertex 5.596418e+001 7.676021e+001 0.000000e+000
         vertex 5.647721e+001 7.587161e+001 0.000000e+000
      endloop
   endfacet
   facet normal -3.420171e-001 -9.396937e-001 -0.000000e+000
      outer loop
         vertex 5.596418e+001 7.676021e+001 0.000000e+000
         vertex 5.596418e+001 7.676021e+001 4.500000e+000
         vertex 5.500000e+001 7.711114e+001 0.000000e+000
      endloop
   endfacet
   facet normal 9.848079e-001 1.736473e-001 0.000000e+000
      outer loop
         vertex 5.370096e+001 7.486114e+001 0.000000e+000
         vertex 5.352279e+001 7.587161e+001 0.000000e+000
         vertex 5.370096e+001 7.486114e+001 4.500000e+000
      endloop
   endfacet
   facet normal 6.427877e-001 7.660444e-001 0.000000e+000
      outer loop
         vertex 5.370096e+001 7.486114e+001 4.500000e+000
         vertex 5.448697e+001 7.420160e+001 4.500000e+000
         vertex 5.370096e+001 7.486114e+001 0.000000e+000
      endloop
   endfacet
   facet normal -8.660254e-001 -5.000001e-001 0.000000e+000
      outer loop
         vertex 5.596418e+001 7.676021e+001 4.500000e+000
         vertex 5.596418e+001 7.676021e+001 0.000000e+000
         vertex 5.647721e+001 7.587161e+001 4.500000e+000
      endloop
   endfacet
   facet normal -6.427877e-001 7.660444e-001 0.000000e+000
      outer loop
         vertex 5.629904e+001 7.486114e+001 0.000000e+000
         vertex 5.551303e+001 7.420160e+001 4.500000e+000
         vertex 5.629904e+001 7.486114e+001 4.500000e+000
      endloop
   endfacet
   facet normal 3.420171e-001 -9.396937e-001 0.000000e+000
      outer loop
         vertex 5.403582e+001 7.676021e+001 4.500000e+000
         vertex 5.403582e+001 7.676021e+001 0.000000e+000
         vertex 5.500000e+001 7.711114e+001 0.000000e+000
      endloop
   endfacet
   facet normal -9.848079e-001 1.736473e-001 0.000000e+000
      outer loop
         vertex 5.629904e+001 7.486114e+001 4.500000e+000
         vertex 5.647721e+001 7.587161e+001 0.000000e+000
         vertex 5.629904e+001 7.486114e+001 0.000000e+000
      endloop
   endfacet
   facet normal 8.660254e-001 -5.000001e-001 0.000000e+000
      outer loop
         vertex 5.403582e+001 7.676021e+001 4.500000e+000
         vertex 5.352279e+001 7.587161e+001 4.500000e+000
         vertex 5.403582e+001 7.676021e+001 0.000000e+000
      endloop
   endfacet
   facet normal 0.000000e+000 1.000000e+000 -0.000000e+000
      outer loop
         vertex 5.551303e+001 7.420160e+001 4.500000e+000
         vertex 5.551303e+001 7.420160e+001 0.000000e+000
         vertex 5.448697e+001 7.420160e+001 0.000000e+000
      endloop
   endfacet
   facet normal -2.588193e-001 -9.659258e-001 -0.000000e+000
      outer loop
         vertex 7.750000e+000 1.125981e+002 4.000000e+000
         vertex 6.250000e+000 1.130000e+002 4.000000e+000
         vertex 6.250000e+000 1.130000e+002 1.000000e+000
      endloop
   endfacet
   facet normal -9.659258e-001 -2.588193e-001 -0.000000e+000
      outer loop
         vertex 9.250000e+000 1.100000e+002 1.000000e+000
         vertex 9.250000e+000 1.100000e+002 4.000000e+000
         vertex 8.848076e+000 1.115000e+002 4.000000e+000
      endloop
   endfacet
   facet normal -7.071068e-001 7.071068e-001 0.000000e+000
      outer loop
         vertex 7.750000e+000 1.074019e+002 1.000000e+000
         vertex 7.750000e+000 1.074019e+002 4.000000e+000
         vertex 8.848076e+000 1.085000e+002 4.000000e+000
      endloop
   endfacet
   facet normal 2.588193e-001 9.659258e-001 0.000000e+000
      outer loop
         vertex 4.750000e+000 1.074019e+002 1.000000e+000
         vertex 4.750000e+000 1.074019e+002 4.000000e+000
         vertex 6.250000e+000 1.070000e+002 4.000000e+000
      endloop
   endfacet
   facet normal 9.659258e-001 2.588191e-001 0.000000e+000
      outer loop
         vertex 3.250000e+000 1.100000e+002 1.000000e+000
         vertex 3.250000e+000 1.100000e+002 4.000000e+000
         vertex 3.651924e+000 1.085000e+002 4.000000e+000
      endloop
   endfacet
   facet normal 7.071067e-001 -7.071069e-001 0.000000e+000
      outer loop
         vertex 3.651924e+000 1.115000e+002 1.000000e+000
         vertex 4.750000e+000 1.125981e+002 4.000000e+000
         vertex 3.651924e+000 1.115000e+002 4.000000e+000
      endloop
   endfacet
   facet normal 2.588193e-001 -9.659258e-001 0.000000e+000
      outer loop
         vertex 4.750000e+000 1.125981e+002 1.000000e+000
         vertex 6.250000e+000 1.130000e+002 1.000000e+000
         vertex 6.250000e+000 1.130000e+002 4.000000e+000
      endloop
   endfacet
   facet normal 9.659258e-001 -2.588191e-001 0.000000e+000
      outer loop
         vertex 3.651924e+000 1.115000e+002 4.000000e+000
         vertex 3.250000e+000 1.100000e+002 1.000000e+000
         vertex 3.651924e+000 1.115000e+002 1.000000e+000
      endloop
   endfacet
   facet normal 7.071067e-001 7.071069e-001 -0.000000e+000
      outer loop
         vertex 4.750000e+000 1.074019e+002 4.000000e+000
         vertex 4.750000e+000 1.074019e+002 1.000000e+000
         vertex 3.651924e+000 1.085000e+002 1.000000e+000
      endloop
   endfacet
   facet normal -2.588193e-001 9.659258e-001 0.000000e+000
      outer loop
         vertex 7.750000e+000 1.074019e+002 4.000000e+000
         vertex 7.750000e+000 1.074019e+002 1.000000e+000
         vertex 6.250000e+000 1.070000e+002 1.000000e+000
      endloop
   endfacet
   facet normal -9.659258e-001 2.588193e-001 0.000000e+000
      outer loop
         vertex 9.250000e+000 1.100000e+002 4.000000e+000
         vertex 9.250000e+000 1.100000e+002 1.000000e+000
         vertex 8.848076e+000 1.085000e+002 1.000000e+000
      endloop
   endfacet
   facet normal -7.071068e-001 -7.071068e-001 0.000000e+000
      outer loop
         vertex 8.848076e+000 1.115000e+002 4.000000e+000
         vertex 7.750000e+000 1.125981e+002 1.000000e+000
         vertex 8.848076e+000 1.115000e+002 1.000000e+000
      endloop
   endfacet
   facet normal -2.588193e-001 -9.659258e-001 -0.000000e+000
      outer loop
         vertex 7.750000e+000 1.125981e+002 1.000000e+000
         vertex 7.750000e+000 1.125981e+002 4.000000e+000
         vertex 6.250000e+000 1.130000e+002 1.000000e+000
      endloop
   endfacet
   facet normal 2.588193e-001 9.659258e-001 0.000000e+000
      outer loop
         vertex 6.250000e+000 1.070000e+002 1.000000e+000
         vertex 4.750000e+000 1.074019e+002 1.000000e+000
         vertex 6.250000e+000 1.070000e+002 4.000000e+000
      endloop
   endfacet
   facet normal 7.071067e-001 -7.071069e-001 0.000000e+000
      outer loop
         vertex 4.750000e+000 1.125981e+002 1.000000e+000
         vertex 4.750000e+000 1.125981e+002 4.000000e+000
         vertex 3.651924e+000 1.115000e+002 1.000000e+000
      endloop
   endfacet
   facet normal 7.071067e-001 7.071069e-001 0.000000e+000
      outer loop
         vertex 3.651924e+000 1.085000e+002 4.000000e+000
         vertex 4.750000e+000 1.074019e+002 4.000000e+000
         vertex 3.651924e+000 1.085000e+002 1.000000e+000
      endloop
   endfacet
   facet normal -9.659258e-001 -2.588193e-001 -0.000000e+000
      outer loop
         vertex 9.250000e+000 1.100000e+002 1.000000e+000
         vertex 8.848076e+000 1.115000e+002 4.000000e+000
         vertex 8.848076e+000 1.115000e+002 1.000000e+000
      endloop
   endfacet
   facet normal 2.588193e-001 -9.659258e-001 0.000000e+000
      outer loop
         vertex 6.250000e+000 1.130000e+002 4.000000e+000
         vertex 4.750000e+000 1.125981e+002 4.000000e+000
         vertex 4.750000e+000 1.125981e+002 1.000000e+000
      endloop
   endfacet
   facet normal -7.071068e-001 -7.071068e-001 0.000000e+000
      outer loop
         vertex 7.750000e+000 1.125981e+002 1.000000e+000
         vertex 8.848076e+000 1.115000e+002 4.000000e+000
         vertex 7.750000e+000 1.125981e+002 4.000000e+000
      endloop
   endfacet
   facet normal -2.588193e-001 9.659258e-001 0.000000e+000
      outer loop
         vertex 6.250000e+000 1.070000e+002 1.000000e+000
         vertex 6.250000e+000 1.070000e+002 4.000000e+000
         vertex 7.750000e+000 1.074019e+002 4.000000e+000
      endloop
   endfacet
   facet normal 9.659258e-001 2.588191e-001 -0.000000e+000
      outer loop
         vertex 3.651924e+000 1.085000e+002 4.000000e+000
         vertex 3.651924e+000 1.085000e+002 1.000000e+000
         vertex 3.250000e+000 1.100000e+002 1.000000e+000
      endloop
   endfacet
   facet normal -7.071068e-001 7.071068e-001 0.000000e+000
      outer loop
         vertex 8.848076e+000 1.085000e+002 1.000000e+000
         vertex 7.750000e+000 1.074019e+002 1.000000e+000
         vertex 8.848076e+000 1.085000e+002 4.000000e+000
      endloop
   endfacet
   facet normal -9.659258e-001 2.588193e-001 0.000000e+000
      outer loop
         vertex 8.848076e+000 1.085000e+002 4.000000e+000
         vertex 9.250000e+000 1.100000e+002 4.000000e+000
         vertex 8.848076e+000 1.085000e+002 1.000000e+000
      endloop
   endfacet
   facet normal 9.659258e-001 -2.588191e-001 0.000000e+000
      outer loop
         vertex 3.250000e+000 1.100000e+002 1.000000e+000
         vertex 3.651924e+000 1.115000e+002 4.000000e+000
         vertex 3.250000e+000 1.100000e+002 4.000000e+000
      endloop
   endfacet
   facet normal -1.593309e-001 -6.980737e-001 -6.980737e-001
      outer loop
         vertex 7.985535e+000 8.603875e+000 0.000000e+000
         vertex 6.250000e+000 8.000000e+000 1.000000e+000
         vertex 6.250000e+000 9.000000e+000 0.000000e+000
      endloop
   endfacet
   facet normal -4.811160e-001 -4.811158e-001 -7.328403e-001
      outer loop
         vertex 9.377326e+000 7.493959e+000 0.000000e+000
         vertex 8.848076e+000 6.500000e+000 1.000000e+000
         vertex 7.750000e+000 7.598076e+000 1.000000e+000
      endloop
   endfacet
   facet normal -6.499378e-001 1.741505e-001 -7.397651e-001
      outer loop
         vertex 1.014971e+001 4.109916e+000 0.000000e+000
         vertex 8.848076e+000 3.500000e+000 1.000000e+000
         vertex 9.250000e+000 5.000000e+000 1.000000e+000
      endloop
   endfacet
   facet normal -1.800644e-001 6.720091e-001 -7.183179e-001
      outer loop
         vertex 7.985535e+000 1.396124e+000 0.000000e+000
         vertex 6.250000e+000 2.000000e+000 1.000000e+000
         vertex 7.750000e+000 2.401924e+000 1.000000e+000
      endloop
   endfacet
   facet normal 4.811160e-001 4.811160e-001 -7.328402e-001
      outer loop
         vertex 3.122674e+000 2.506041e+000 0.000000e+000
         vertex 3.651924e+000 3.500000e+000 1.000000e+000
         vertex 4.750000e+000 2.401924e+000 1.000000e+000
      endloop
   endfacet
   facet normal 6.499379e-001 -1.741504e-001 -7.397651e-001
      outer loop
         vertex 2.350288e+000 5.890084e+000 0.000000e+000
         vertex 3.651924e+000 6.500000e+000 1.000000e+000
         vertex 3.250000e+000 5.000000e+000 1.000000e+000
      endloop
   endfacet
   facet normal 1.800643e-001 -6.720093e-001 -7.183177e-001
      outer loop
         vertex 4.514465e+000 8.603875e+000 0.000000e+000
         vertex 6.250000e+000 8.000000e+000 1.000000e+000
         vertex 4.750000e+000 7.598076e+000 1.000000e+000
      endloop
   endfacet
   facet normal 1.593309e-001 -6.980737e-001 -6.980737e-001
      outer loop
         vertex 6.250000e+000 8.000000e+000 1.000000e+000
         vertex 4.514465e+000 8.603875e+000 0.000000e+000
         vertex 6.250000e+000 9.000000e+000 0.000000e+000
      endloop
   endfacet
   facet normal 7.434007e-001 0.000000e+000 -6.688463e-001
      outer loop
         vertex 3.250000e+000 5.000000e+000 1.000000e+000
         vertex 2.350288e+000 4.109916e+000 0.000000e+000
         vertex 2.350288e+000 5.890084e+000 0.000000e+000
      endloop
   endfacet
   facet normal 4.558315e-001 5.715945e-001 -6.822737e-001
      outer loop
         vertex 4.750000e+000 2.401924e+000 1.000000e+000
         vertex 4.514465e+000 1.396124e+000 0.000000e+000
         vertex 3.122674e+000 2.506041e+000 0.000000e+000
      endloop
   endfacet
   facet normal -1.593307e-001 6.980737e-001 -6.980737e-001
      outer loop
         vertex 6.250000e+000 2.000000e+000 1.000000e+000
         vertex 7.985535e+000 1.396124e+000 0.000000e+000
         vertex 6.250000e+000 1.000000e+000 0.000000e+000
      endloop
   endfacet
   facet normal -6.669917e-001 3.212062e-001 -6.722713e-001
      outer loop
         vertex 8.848076e+000 3.500000e+000 1.000000e+000
         vertex 1.014971e+001 4.109916e+000 0.000000e+000
         vertex 9.377326e+000 2.506041e+000 1.110223e-016
      endloop
   endfacet
   facet normal -6.669917e-001 -3.212062e-001 -6.722713e-001
      outer loop
         vertex 8.848076e+000 6.500000e+000 1.000000e+000
         vertex 9.377326e+000 7.493959e+000 0.000000e+000
         vertex 1.014971e+001 5.890084e+000 0.000000e+000
      endloop
   endfacet
   facet normal -1.800643e-001 -6.720093e-001 -7.183177e-001
      outer loop
         vertex 7.750000e+000 7.598076e+000 1.000000e+000
         vertex 6.250000e+000 8.000000e+000 1.000000e+000
         vertex 7.985535e+000 8.603875e+000 0.000000e+000
      endloop
   endfacet
   facet normal -4.558315e-001 5.715945e-001 -6.822737e-001
      outer loop
         vertex 9.377326e+000 2.506041e+000 1.110223e-016
         vertex 7.985535e+000 1.396124e+000 0.000000e+000
         vertex 7.750000e+000 2.401924e+000 1.000000e+000
      endloop
   endfacet
   facet normal 4.558314e-001 -5.715947e-001 -6.822736e-001
      outer loop
         vertex 3.122674e+000 7.493959e+000 0.000000e+000
         vertex 4.514465e+000 8.603875e+000 0.000000e+000
         vertex 4.750000e+000 7.598076e+000 1.000000e+000
      endloop
   endfacet
   facet normal 1.593307e-001 6.980737e-001 -6.980737e-001
      outer loop
         vertex 4.514465e+000 1.396124e+000 0.000000e+000
         vertex 6.250000e+000 2.000000e+000 1.000000e+000
         vertex 6.250000e+000 1.000000e+000 0.000000e+000
      endloop
   endfacet
   facet normal -4.558314e-001 -5.715947e-001 -6.822736e-001
      outer loop
         vertex 9.377326e+000 7.493959e+000 0.000000e+000
         vertex 7.750000e+000 7.598076e+000 1.000000e+000
         vertex 7.985535e+000 8.603875e+000 0.000000e+000
      endloop
   endfacet
   facet normal -6.499378e-001 -1.741505e-001 -7.397651e-001
      outer loop
         vertex 1.014971e+001 5.890084e+000 0.000000e+000
         vertex 9.250000e+000 5.000000e+000 1.000000e+000
         vertex 8.848076e+000 6.500000e+000 1.000000e+000
      endloop
   endfacet
   facet normal 1.800644e-001 6.720091e-001 -7.183179e-001
      outer loop
         vertex 4.514465e+000 1.396124e+000 0.000000e+000
         vertex 4.750000e+000 2.401924e+000 1.000000e+000
         vertex 6.250000e+000 2.000000e+000 1.000000e+000
      endloop
   endfacet
   facet normal 4.811160e-001 -4.811159e-001 -7.328403e-001
      outer loop
         vertex 3.122674e+000 7.493959e+000 0.000000e+000
         vertex 4.750000e+000 7.598076e+000 1.000000e+000
         vertex 3.651924e+000 6.500000e+000 1.000000e+000
      endloop
   endfacet
   facet normal 6.669917e-001 3.212063e-001 -6.722712e-001
      outer loop
         vertex 3.651924e+000 3.500000e+000 1.000000e+000
         vertex 3.122674e+000 2.506041e+000 0.000000e+000
         vertex 2.350288e+000 4.109916e+000 0.000000e+000
      endloop
   endfacet
   facet normal -7.434007e-001 0.000000e+000 -6.688463e-001
      outer loop
         vertex 1.014971e+001 5.890084e+000 0.000000e+000
         vertex 1.014971e+001 4.109916e+000 0.000000e+000
         vertex 9.250000e+000 5.000000e+000 1.000000e+000
      endloop
   endfacet
   facet normal -4.811160e-001 4.811159e-001 -7.328403e-001
      outer loop
         vertex 7.750000e+000 2.401924e+000 1.000000e+000
         vertex 8.848076e+000 3.500000e+000 1.000000e+000
         vertex 9.377326e+000 2.506041e+000 1.110223e-016
      endloop
   endfacet
   facet normal 6.499379e-001 1.741504e-001 -7.397651e-001
      outer loop
         vertex 2.350288e+000 4.109916e+000 0.000000e+000
         vertex 3.250000e+000 5.000000e+000 1.000000e+000
         vertex 3.651924e+000 3.500000e+000 1.000000e+000
      endloop
   endfacet
   facet normal 6.669917e-001 -3.212062e-001 -6.722712e-001
      outer loop
         vertex 3.122674e+000 7.493959e+000 0.000000e+000
         vertex 3.651924e+000 6.500000e+000 1.000000e+000
         vertex 2.350288e+000 5.890084e+000 0.000000e+000
      endloop
   endfacet
   facet normal -1.593312e-001 -6.980736e-001 -6.980736e-001
      outer loop
         vertex 7.985535e+000 1.136039e+002 0.000000e+000
         vertex 6.250000e+000 1.130000e+002 1.000000e+000
         vertex 6.250000e+000 1.140000e+002 0.000000e+000
      endloop
   endfacet
   facet normal -4.811162e-001 -4.811162e-001 -7.328399e-001
      outer loop
         vertex 9.377326e+000 1.124940e+002 0.000000e+000
         vertex 8.848076e+000 1.115000e+002 1.000000e+000
         vertex 7.750000e+000 1.125981e+002 1.000000e+000
      endloop
   endfacet
   facet normal -6.499379e-001 1.741505e-001 -7.397651e-001
      outer loop
         vertex 1.014971e+001 1.091099e+002 0.000000e+000
         vertex 8.848076e+000 1.085000e+002 1.000000e+000
         vertex 9.250000e+000 1.100000e+002 1.000000e+000
      endloop
   endfacet
   facet normal -1.800645e-001 6.720095e-001 -7.183175e-001
      outer loop
         vertex 7.985535e+000 1.063961e+002 0.000000e+000
         vertex 6.250000e+000 1.070000e+002 1.000000e+000
         vertex 7.750000e+000 1.074019e+002 1.000000e+000
      endloop
   endfacet
   facet normal 4.811162e-001 4.811163e-001 -7.328399e-001
      outer loop
         vertex 3.122674e+000 1.075060e+002 0.000000e+000
         vertex 3.651924e+000 1.085000e+002 1.000000e+000
         vertex 4.750000e+000 1.074019e+002 1.000000e+000
      endloop
   endfacet
   facet normal 6.499379e-001 -1.741504e-001 -7.397651e-001
      outer loop
         vertex 2.350288e+000 1.108901e+002 0.000000e+000
         vertex 3.651924e+000 1.115000e+002 1.000000e+000
         vertex 3.250000e+000 1.100000e+002 1.000000e+000
      endloop
   endfacet
   facet normal 1.800645e-001 -6.720095e-001 -7.183175e-001
      outer loop
         vertex 4.514465e+000 1.136039e+002 0.000000e+000
         vertex 6.250000e+000 1.130000e+002 1.000000e+000
         vertex 4.750000e+000 1.125981e+002 1.000000e+000
      endloop
   endfacet
   facet normal 1.593312e-001 -6.980736e-001 -6.980736e-001
      outer loop
         vertex 6.250000e+000 1.130000e+002 1.000000e+000
         vertex 4.514465e+000 1.136039e+002 0.000000e+000
         vertex 6.250000e+000 1.140000e+002 0.000000e+000
      endloop
   endfacet
   facet normal 7.434007e-001 0.000000e+000 -6.688463e-001
      outer loop
         vertex 3.250000e+000 1.100000e+002 1.000000e+000
         vertex 2.350288e+000 1.091099e+002 0.000000e+000
         vertex 2.350288e+000 1.108901e+002 0.000000e+000
      endloop
   endfacet
   facet normal 4.558317e-001 5.715947e-001 -6.822734e-001
      outer loop
         vertex 4.750000e+000 1.074019e+002 1.000000e+000
         vertex 4.514465e+000 1.063961e+002 0.000000e+000
         vertex 3.122674e+000 1.075060e+002 0.000000e+000
      endloop
   endfacet
   facet normal -1.593312e-001 6.980736e-001 -6.980736e-001
      outer loop
         vertex 6.250000e+000 1.070000e+002 1.000000e+000
         vertex 7.985535e+000 1.063961e+002 0.000000e+000
         vertex 6.250000e+000 1.060000e+002 0.000000e+000
      endloop
   endfacet
   facet normal -6.669917e-001 3.212065e-001 -6.722711e-001
      outer loop
         vertex 8.848076e+000 1.085000e+002 1.000000e+000
         vertex 1.014971e+001 1.091099e+002 0.000000e+000
         vertex 9.377326e+000 1.075060e+002 1.110223e-016
      endloop
   endfacet
   facet normal -6.669917e-001 -3.212065e-001 -6.722711e-001
      outer loop
         vertex 8.848076e+000 1.115000e+002 1.000000e+000
         vertex 9.377326e+000 1.124940e+002 0.000000e+000
         vertex 1.014971e+001 1.108901e+002 0.000000e+000
      endloop
   endfacet
   facet normal -1.800645e-001 -6.720095e-001 -7.183175e-001
      outer loop
         vertex 7.750000e+000 1.125981e+002 1.000000e+000
         vertex 6.250000e+000 1.130000e+002 1.000000e+000
         vertex 7.985535e+000 1.136039e+002 0.000000e+000
      endloop
   endfacet
   facet normal -4.558317e-001 5.715947e-001 -6.822734e-001
      outer loop
         vertex 9.377326e+000 1.075060e+002 1.110223e-016
         vertex 7.985535e+000 1.063961e+002 0.000000e+000
         vertex 7.750000e+000 1.074019e+002 1.000000e+000
      endloop
   endfacet
   facet normal 4.558317e-001 -5.715947e-001 -6.822734e-001
      outer loop
         vertex 3.122674e+000 1.124940e+002 0.000000e+000
         vertex 4.514465e+000 1.136039e+002 0.000000e+000
         vertex 4.750000e+000 1.125981e+002 1.000000e+000
      endloop
   endfacet
   facet normal 1.593312e-001 6.980736e-001 -6.980736e-001
      outer loop
         vertex 4.514465e+000 1.063961e+002 0.000000e+000
         vertex 6.250000e+000 1.070000e+002 1.000000e+000
         vertex 6.250000e+000 1.060000e+002 0.000000e+000
      endloop
   endfacet
   facet normal -4.558317e-001 -5.715947e-001 -6.822734e-001
      outer loop
         vertex 9.377326e+000 1.124940e+002 0.000000e+000
         vertex 7.750000e+000 1.125981e+002 1.000000e+000
         vertex 7.985535e+000 1.136039e+002 0.000000e+000
      endloop
   endfacet
   facet normal -6.499379e-001 -1.741505e-001 -7.397651e-001
      outer loop
         vertex 1.014971e+001 1.108901e+002 0.000000e+000
         vertex 9.250000e+000 1.100000e+002 1.000000e+000
         vertex 8.848076e+000 1.115000e+002 1.000000e+000
      endloop
   endfacet
   facet normal 1.800645e-001 6.720095e-001 -7.183175e-001
      outer loop
         vertex 4.514465e+000 1.063961e+002 0.000000e+000
         vertex 4.750000e+000 1.074019e+002 1.000000e+000
         vertex 6.250000e+000 1.070000e+002 1.000000e+000
      endloop
   endfacet
   facet normal 4.811162e-001 -4.811163e-001 -7.328399e-001
      outer loop
         vertex 3.122674e+000 1.124940e+002 0.000000e+000
         vertex 4.750000e+000 1.125981e+002 1.000000e+000
         vertex 3.651924e+000 1.115000e+002 1.000000e+000
      endloop
   endfacet
   facet normal 6.669918e-001 3.212065e-001 -6.722710e-001
      outer loop
         vertex 3.651924e+000 1.085000e+002 1.000000e+000
         vertex 3.122674e+000 1.075060e+002 0.000000e+000
         vertex 2.350288e+000 1.091099e+002 0.000000e+000
      endloop
   endfacet
   facet normal -7.434007e-001 0.000000e+000 -6.688463e-001
      outer loop
         vertex 1.014971e+001 1.108901e+002 0.000000e+000
         vertex 1.014971e+001 1.091099e+002 0.000000e+000
         vertex 9.250000e+000 1.100000e+002 1.000000e+000
      endloop
   endfacet
   facet normal -4.811162e-001 4.811162e-001 -7.328399e-001
      outer loop
         vertex 7.750000e+000 1.074019e+002 1.000000e+000
         vertex 8.848076e+000 1.085000e+002 1.000000e+000
         vertex 9.377326e+000 1.075060e+002 1.110223e-016
      endloop
   endfacet
   facet normal 6.499379e-001 1.741504e-001 -7.397651e-001
      outer loop
         vertex 2.350288e+000 1.091099e+002 0.000000e+000
         vertex 3.250000e+000 1.100000e+002 1.000000e+000
         vertex 3.651924e+000 1.085000e+002 1.000000e+000
      endloop
   endfacet
   facet normal 6.669918e-001 -3.212065e-001 -6.722710e-001
      outer loop
         vertex 3.122674e+000 1.124940e+002 0.000000e+000
         vertex 3.651924e+000 1.115000e+002 1.000000e+000
         vertex 2.350288e+000 1.108901e+002 0.000000e+000
      endloop
   endfacet
   facet normal -1.593313e-001 -6.980736e-001 -6.980736e-001
      outer loop
         vertex 7.048553e+001 1.126039e+002 0.000000e+000
         vertex 6.875000e+001 1.120000e+002 1.000000e+000
         vertex 6.875000e+001 1.130000e+002 0.000000e+000
      endloop
   endfacet
   facet normal -4.811161e-001 -4.811161e-001 -7.328401e-001
      outer loop
         vertex 7.187733e+001 1.114940e+002 -1.110223e-016
         vertex 7.134808e+001 1.105000e+002 1.000000e+000
         vertex 7.025000e+001 1.115981e+002 1.000000e+000
      endloop
   endfacet
   facet normal -6.499379e-001 1.741505e-001 -7.397651e-001
      outer loop
         vertex 7.264971e+001 1.081099e+002 0.000000e+000
         vertex 7.134808e+001 1.075000e+002 1.000000e+000
         vertex 7.175000e+001 1.090000e+002 1.000000e+000
      endloop
   endfacet
   facet normal -1.800646e-001 6.720095e-001 -7.183175e-001
      outer loop
         vertex 7.048553e+001 1.053961e+002 0.000000e+000
         vertex 6.875000e+001 1.060000e+002 1.000000e+000
         vertex 7.025000e+001 1.064019e+002 1.000000e+000
      endloop
   endfacet
   facet normal 4.811161e-001 4.811161e-001 -7.328401e-001
      outer loop
         vertex 6.562267e+001 1.065060e+002 0.000000e+000
         vertex 6.615192e+001 1.075000e+002 1.000000e+000
         vertex 6.725000e+001 1.064019e+002 1.000000e+000
      endloop
   endfacet
   facet normal 6.499379e-001 -1.741505e-001 -7.397651e-001
      outer loop
         vertex 6.485029e+001 1.098901e+002 -1.110223e-016
         vertex 6.615192e+001 1.105000e+002 1.000000e+000
         vertex 6.575000e+001 1.090000e+002 1.000000e+000
      endloop
   endfacet
   facet normal 1.800646e-001 -6.720095e-001 -7.183175e-001
      outer loop
         vertex 6.701447e+001 1.126039e+002 0.000000e+000
         vertex 6.875000e+001 1.120000e+002 1.000000e+000
         vertex 6.725000e+001 1.115981e+002 1.000000e+000
      endloop
   endfacet
   facet normal 1.593313e-001 -6.980736e-001 -6.980736e-001
      outer loop
         vertex 6.875000e+001 1.120000e+002 1.000000e+000
         vertex 6.701447e+001 1.126039e+002 0.000000e+000
         vertex 6.875000e+001 1.130000e+002 0.000000e+000
      endloop
   endfacet
   facet normal 7.434007e-001 -4.171343e-017 -6.688463e-001
      outer loop
         vertex 6.575000e+001 1.090000e+002 1.000000e+000
         vertex 6.485029e+001 1.081099e+002 0.000000e+000
         vertex 6.485029e+001 1.098901e+002 -1.110223e-016
      endloop
   endfacet
   facet normal 4.558315e-001 5.715949e-001 -6.822733e-001
      outer loop
         vertex 6.725000e+001 1.064019e+002 1.000000e+000
         vertex 6.701447e+001 1.053961e+002 0.000000e+000
         vertex 6.562267e+001 1.065060e+002 0.000000e+000
      endloop
   endfacet
   facet normal -1.593313e-001 6.980736e-001 -6.980736e-001
      outer loop
         vertex 6.875000e+001 1.060000e+002 1.000000e+000
         vertex 7.048553e+001 1.053961e+002 0.000000e+000
         vertex 6.875000e+001 1.050000e+002 0.000000e+000
      endloop
   endfacet
   facet normal -6.669917e-001 3.212061e-001 -6.722713e-001
      outer loop
         vertex 7.134808e+001 1.075000e+002 1.000000e+000
         vertex 7.264971e+001 1.081099e+002 0.000000e+000
         vertex 7.187733e+001 1.065060e+002 0.000000e+000
      endloop
   endfacet
   facet normal -6.669917e-001 -3.212061e-001 -6.722713e-001
      outer loop
         vertex 7.134808e+001 1.105000e+002 1.000000e+000
         vertex 7.187733e+001 1.114940e+002 -1.110223e-016
         vertex 7.264971e+001 1.098901e+002 -1.110223e-016
      endloop
   endfacet
   facet normal -1.800646e-001 -6.720095e-001 -7.183175e-001
      outer loop
         vertex 7.025000e+001 1.115981e+002 1.000000e+000
         vertex 6.875000e+001 1.120000e+002 1.000000e+000
         vertex 7.048553e+001 1.126039e+002 0.000000e+000
      endloop
   endfacet
   facet normal -4.558315e-001 5.715949e-001 -6.822733e-001
      outer loop
         vertex 7.187733e+001 1.065060e+002 0.000000e+000
         vertex 7.048553e+001 1.053961e+002 0.000000e+000
         vertex 7.025000e+001 1.064019e+002 1.000000e+000
      endloop
   endfacet
   facet normal 4.558315e-001 -5.715949e-001 -6.822733e-001
      outer loop
         vertex 6.562267e+001 1.114940e+002 0.000000e+000
         vertex 6.701447e+001 1.126039e+002 0.000000e+000
         vertex 6.725000e+001 1.115981e+002 1.000000e+000
      endloop
   endfacet
   facet normal 1.593313e-001 6.980736e-001 -6.980736e-001
      outer loop
         vertex 6.701447e+001 1.053961e+002 0.000000e+000
         vertex 6.875000e+001 1.060000e+002 1.000000e+000
         vertex 6.875000e+001 1.050000e+002 0.000000e+000
      endloop
   endfacet
   facet normal -4.558315e-001 -5.715949e-001 -6.822733e-001
      outer loop
         vertex 7.187733e+001 1.114940e+002 -1.110223e-016
         vertex 7.025000e+001 1.115981e+002 1.000000e+000
         vertex 7.048553e+001 1.126039e+002 0.000000e+000
      endloop
   endfacet
   facet normal -6.499379e-001 -1.741505e-001 -7.397651e-001
      outer loop
         vertex 7.264971e+001 1.098901e+002 -1.110223e-016
         vertex 7.175000e+001 1.090000e+002 1.000000e+000
         vertex 7.134808e+001 1.105000e+002 1.000000e+000
      endloop
   endfacet
   facet normal 1.800646e-001 6.720095e-001 -7.183175e-001
      outer loop
         vertex 6.701447e+001 1.053961e+002 0.000000e+000
         vertex 6.725000e+001 1.064019e+002 1.000000e+000
         vertex 6.875000e+001 1.060000e+002 1.000000e+000
      endloop
   endfacet
   facet normal 4.811161e-001 -4.811161e-001 -7.328401e-001
      outer loop
         vertex 6.562267e+001 1.114940e+002 0.000000e+000
         vertex 6.725000e+001 1.115981e+002 1.000000e+000
         vertex 6.615192e+001 1.105000e+002 1.000000e+000
      endloop
   endfacet
   facet normal 6.669917e-001 3.212061e-001 -6.722713e-001
      outer loop
         vertex 6.615192e+001 1.075000e+002 1.000000e+000
         vertex 6.562267e+001 1.065060e+002 0.000000e+000
         vertex 6.485029e+001 1.081099e+002 0.000000e+000
      endloop
   endfacet
   facet normal -7.434007e-001 -4.171343e-017 -6.688463e-001
      outer loop
         vertex 7.264971e+001 1.098901e+002 -1.110223e-016
         vertex 7.264971e+001 1.081099e+002 0.000000e+000
         vertex 7.175000e+001 1.090000e+002 1.000000e+000
      endloop
   endfacet
   facet normal -4.811161e-001 4.811161e-001 -7.328401e-001
      outer loop
         vertex 7.025000e+001 1.064019e+002 1.000000e+000
         vertex 7.134808e+001 1.075000e+002 1.000000e+000
         vertex 7.187733e+001 1.065060e+002 0.000000e+000
      endloop
   endfacet
   facet normal 6.499379e-001 1.741505e-001 -7.397651e-001
      outer loop
         vertex 6.485029e+001 1.081099e+002 0.000000e+000
         vertex 6.575000e+001 1.090000e+002 1.000000e+000
         vertex 6.615192e+001 1.075000e+002 1.000000e+000
      endloop
   endfacet
   facet normal 6.669917e-001 -3.212061e-001 -6.722713e-001
      outer loop
         vertex 6.562267e+001 1.114940e+002 0.000000e+000
         vertex 6.615192e+001 1.105000e+002 1.000000e+000
         vertex 6.485029e+001 1.098901e+002 -1.110223e-016
      endloop
   endfacet
   facet normal -1.593309e-001 -6.980737e-001 -6.980737e-001
      outer loop
         vertex 7.048553e+001 9.603875e+000 0.000000e+000
         vertex 6.875000e+001 9.000000e+000 1.000000e+000
         vertex 6.875000e+001 1.000000e+001 0.000000e+000
      endloop
   endfacet
   facet normal -4.811157e-001 -4.811157e-001 -7.328406e-001
      outer loop
         vertex 7.187733e+001 8.493959e+000 0.000000e+000
         vertex 7.134808e+001 7.500000e+000 1.000000e+000
         vertex 7.025000e+001 8.598076e+000 1.000000e+000
      endloop
   endfacet
   facet normal -6.499378e-001 1.741505e-001 -7.397651e-001
      outer loop
         vertex 7.264971e+001 5.109916e+000 0.000000e+000
         vertex 7.134808e+001 4.500000e+000 1.000000e+000
         vertex 7.175000e+001 6.000000e+000 1.000000e+000
      endloop
   endfacet
   facet normal -1.800644e-001 6.720092e-001 -7.183178e-001
      outer loop
         vertex 7.048553e+001 2.396125e+000 0.000000e+000
         vertex 6.875000e+001 3.000000e+000 1.000000e+000
         vertex 7.025000e+001 3.401924e+000 1.000000e+000
      endloop
   endfacet
   facet normal 4.811158e-001 4.811157e-001 -7.328405e-001
      outer loop
         vertex 6.562267e+001 3.506041e+000 0.000000e+000
         vertex 6.615192e+001 4.500000e+000 1.000000e+000
         vertex 6.725000e+001 3.401924e+000 1.000000e+000
      endloop
   endfacet
   facet normal 6.499378e-001 -1.741505e-001 -7.397651e-001
      outer loop
         vertex 6.485029e+001 6.890084e+000 0.000000e+000
         vertex 6.615192e+001 7.500000e+000 1.000000e+000
         vertex 6.575000e+001 6.000000e+000 1.000000e+000
      endloop
   endfacet
   facet normal 1.800645e-001 -6.720092e-001 -7.183178e-001
      outer loop
         vertex 6.701447e+001 9.603875e+000 0.000000e+000
         vertex 6.875000e+001 9.000000e+000 1.000000e+000
         vertex 6.725000e+001 8.598076e+000 1.000000e+000
      endloop
   endfacet
   facet normal 1.593309e-001 -6.980737e-001 -6.980737e-001
      outer loop
         vertex 6.875000e+001 9.000000e+000 1.000000e+000
         vertex 6.701447e+001 9.603875e+000 0.000000e+000
         vertex 6.875000e+001 1.000000e+001 0.000000e+000
      endloop
   endfacet
   facet normal 7.434007e-001 0.000000e+000 -6.688463e-001
      outer loop
         vertex 6.575000e+001 6.000000e+000 1.000000e+000
         vertex 6.485029e+001 5.109916e+000 0.000000e+000
         vertex 6.485029e+001 6.890084e+000 0.000000e+000
      endloop
   endfacet
   facet normal 4.558312e-001 5.715948e-001 -6.822737e-001
      outer loop
         vertex 6.725000e+001 3.401924e+000 1.000000e+000
         vertex 6.701447e+001 2.396125e+000 0.000000e+000
         vertex 6.562267e+001 3.506041e+000 0.000000e+000
      endloop
   endfacet
   facet normal -1.593308e-001 6.980737e-001 -6.980737e-001
      outer loop
         vertex 6.875000e+001 3.000000e+000 1.000000e+000
         vertex 7.048553e+001 2.396125e+000 0.000000e+000
         vertex 6.875000e+001 2.000000e+000 0.000000e+000
      endloop
   endfacet
   facet normal -6.669916e-001 3.212058e-001 -6.722715e-001
      outer loop
         vertex 7.134808e+001 4.500000e+000 1.000000e+000
         vertex 7.264971e+001 5.109916e+000 0.000000e+000
         vertex 7.187733e+001 3.506041e+000 1.110223e-016
      endloop
   endfacet
   facet normal -6.669916e-001 -3.212058e-001 -6.722715e-001
      outer loop
         vertex 7.134808e+001 7.500000e+000 1.000000e+000
         vertex 7.187733e+001 8.493959e+000 0.000000e+000
         vertex 7.264971e+001 6.890084e+000 0.000000e+000
      endloop
   endfacet
   facet normal -1.800645e-001 -6.720092e-001 -7.183178e-001
      outer loop
         vertex 7.025000e+001 8.598076e+000 1.000000e+000
         vertex 6.875000e+001 9.000000e+000 1.000000e+000
         vertex 7.048553e+001 9.603875e+000 0.000000e+000
      endloop
   endfacet
   facet normal -4.558312e-001 5.715948e-001 -6.822737e-001
      outer loop
         vertex 7.187733e+001 3.506041e+000 1.110223e-016
         vertex 7.048553e+001 2.396125e+000 0.000000e+000
         vertex 7.025000e+001 3.401924e+000 1.000000e+000
      endloop
   endfacet
   facet normal 4.558310e-001 -5.715948e-001 -6.822737e-001
      outer loop
         vertex 6.562267e+001 8.493959e+000 0.000000e+000
         vertex 6.701447e+001 9.603875e+000 0.000000e+000
         vertex 6.725000e+001 8.598076e+000 1.000000e+000
      endloop
   endfacet
   facet normal 1.593308e-001 6.980737e-001 -6.980737e-001
      outer loop
         vertex 6.701447e+001 2.396125e+000 0.000000e+000
         vertex 6.875000e+001 3.000000e+000 1.000000e+000
         vertex 6.875000e+001 2.000000e+000 0.000000e+000
      endloop
   endfacet
   facet normal -4.558310e-001 -5.715948e-001 -6.822737e-001
      outer loop
         vertex 7.187733e+001 8.493959e+000 0.000000e+000
         vertex 7.025000e+001 8.598076e+000 1.000000e+000
         vertex 7.048553e+001 9.603875e+000 0.000000e+000
      endloop
   endfacet
   facet normal -6.499378e-001 -1.741505e-001 -7.397651e-001
      outer loop
         vertex 7.264971e+001 6.890084e+000 0.000000e+000
         vertex 7.175000e+001 6.000000e+000 1.000000e+000
         vertex 7.134808e+001 7.500000e+000 1.000000e+000
      endloop
   endfacet
   facet normal 1.800644e-001 6.720092e-001 -7.183178e-001
      outer loop
         vertex 6.701447e+001 2.396125e+000 0.000000e+000
         vertex 6.725000e+001 3.401924e+000 1.000000e+000
         vertex 6.875000e+001 3.000000e+000 1.000000e+000
      endloop
   endfacet
   facet normal 4.811157e-001 -4.811157e-001 -7.328406e-001
      outer loop
         vertex 6.562267e+001 8.493959e+000 0.000000e+000
         vertex 6.725000e+001 8.598076e+000 1.000000e+000
         vertex 6.615192e+001 7.500000e+000 1.000000e+000
      endloop
   endfacet
   facet normal 6.669916e-001 3.212058e-001 -6.722715e-001
      outer loop
         vertex 6.615192e+001 4.500000e+000 1.000000e+000
         vertex 6.562267e+001 3.506041e+000 0.000000e+000
         vertex 6.485029e+001 5.109916e+000 0.000000e+000
      endloop
   endfacet
   facet normal -7.434007e-001 0.000000e+000 -6.688463e-001
      outer loop
         vertex 7.264971e+001 6.890084e+000 0.000000e+000
         vertex 7.264971e+001 5.109916e+000 0.000000e+000
         vertex 7.175000e+001 6.000000e+000 1.000000e+000
      endloop
   endfacet
   facet normal -4.811158e-001 4.811157e-001 -7.328405e-001
      outer loop
         vertex 7.025000e+001 3.401924e+000 1.000000e+000
         vertex 7.134808e+001 4.500000e+000 1.000000e+000
         vertex 7.187733e+001 3.506041e+000 1.110223e-016
      endloop
   endfacet
   facet normal 6.499378e-001 1.741505e-001 -7.397651e-001
      outer loop
         vertex 6.485029e+001 5.109916e+000 0.000000e+000
         vertex 6.575000e+001 6.000000e+000 1.000000e+000
         vertex 6.615192e+001 4.500000e+000 1.000000e+000
      endloop
   endfacet
   facet normal 6.669916e-001 -3.212058e-001 -6.722715e-001
      outer loop
         vertex 6.562267e+001 8.493959e+000 0.000000e+000
         vertex 6.615192e+001 7.500000e+000 1.000000e+000
         vertex 6.485029e+001 6.890084e+000 0.000000e+000
      endloop
   endfacet
   facet normal -3.724991e-003 9.807788e-001 -1.950872e-001
      outer loop
         vertex 7.310059e+001 1.197159e+002 1.685838e+001
         vertex 6.500000e+001 1.196544e+002 1.670390e+001
         vertex 6.500000e+001 1.201111e+002 1.900000e+001
      endloop
   endfacet
   facet normal -8.937033e-003 5.555478e-001 -8.314365e-001
      outer loop
         vertex 7.361179e+001 1.168603e+002 1.366690e+001
         vertex 6.500000e+001 1.164072e+002 1.345672e+001
         vertex 6.500000e+001 1.183538e+002 1.475736e+001
      endloop
   endfacet
   facet normal 0.000000e+000 5.557267e-002 -9.984546e-001
      outer loop
         vertex 7.371267e+001 1.147770e+002 1.303706e+001
         vertex 7.371861e+001 1.141111e+002 1.300000e+001
         vertex 6.500000e+001 1.141111e+002 1.300000e+001
      endloop
   endfacet
   facet normal 6.080550e-003 6.123185e-001 -7.905878e-001
      outer loop
         vertex 6.500000e+001 1.183538e+002 1.475736e+001
         vertex 7.339841e+001 1.185824e+002 1.499902e+001
         vertex 7.361179e+001 1.168603e+002 1.366690e+001
      endloop
   endfacet
   facet normal 0.000000e+000 9.833946e-001 -1.814803e-001
      outer loop
         vertex 6.500000e+001 1.201111e+002 1.900000e+001
         vertex 7.275756e+001 1.201111e+002 1.900000e+001
         vertex 7.310059e+001 1.197159e+002 1.685838e+001
      endloop
   endfacet
   facet normal 8.114229e-003 2.897352e-001 -9.570725e-001
      outer loop
         vertex 7.371267e+001 1.147770e+002 1.303706e+001
         vertex 6.500000e+001 1.164072e+002 1.345672e+001
         vertex 7.361179e+001 1.168603e+002 1.366690e+001
      endloop
   endfacet
   facet normal -1.073675e-002 1.950789e-001 -9.807288e-001
      outer loop
         vertex 6.500000e+001 1.141111e+002 1.300000e+001
         vertex 6.500000e+001 1.164072e+002 1.345672e+001
         vertex 7.371267e+001 1.147770e+002 1.303706e+001
      endloop
   endfacet
   facet normal -6.647318e-003 8.314513e-001 -5.555579e-001
      outer loop
         vertex 7.339841e+001 1.185824e+002 1.499902e+001
         vertex 6.500000e+001 1.183538e+002 1.475736e+001
         vertex 6.500000e+001 1.196544e+002 1.670390e+001
      endloop
   endfacet
   facet normal 3.435106e-003 8.540846e-001 -5.201227e-001
      outer loop
         vertex 7.339841e+001 1.185824e+002 1.499902e+001
         vertex 6.500000e+001 1.196544e+002 1.670390e+001
         vertex 7.310059e+001 1.197159e+002 1.685838e+001
      endloop
   endfacet
   facet normal 0.000000e+000 1.000000e+000 0.000000e+000
      outer loop
         vertex 6.748183e+001 1.201111e+002 2.884847e+001
         vertex 7.000000e+001 1.201111e+002 2.900000e+001
         vertex 7.275756e+001 1.201111e+002 1.900000e+001
      endloop
   endfacet
   facet normal 0.000000e+000 1.000000e+000 0.000000e+000
      outer loop
         vertex 7.115582e+001 1.201111e+002 2.900000e+001
         vertex 7.275756e+001 1.201111e+002 1.900000e+001
         vertex 7.000000e+001 1.201111e+002 2.900000e+001
      endloop
   endfacet
   facet normal 0.000000e+000 1.000000e+000 0.000000e+000
      outer loop
         vertex 6.500000e+001 1.201111e+002 2.839608e+001
         vertex 6.748183e+001 1.201111e+002 2.884847e+001
         vertex 6.500000e+001 1.201111e+002 1.900000e+001
      endloop
   endfacet
   facet normal 0.000000e+000 1.000000e+000 0.000000e+000
      outer loop
         vertex 7.275756e+001 1.201111e+002 1.900000e+001
         vertex 6.500000e+001 1.201111e+002 1.900000e+001
         vertex 6.748183e+001 1.201111e+002 2.884847e+001
      endloop
   endfacet
   facet normal -4.495318e-001 1.742667e-001 8.761006e-001
      outer loop
         vertex 7.000000e+001 1.164072e+002 3.454328e+001
         vertex 7.000000e+001 1.141111e+002 3.500000e+001
         vertex 7.020290e+001 1.148892e+002 3.494934e+001
      endloop
   endfacet
   facet normal 0.000000e+000 6.497493e-002 9.978869e-001
      outer loop
         vertex 7.019478e+001 1.141111e+002 3.500000e+001
         vertex 7.020290e+001 1.148892e+002 3.494934e+001
         vertex 7.000000e+001 1.141111e+002 3.500000e+001
      endloop
   endfacet
   facet normal 1.022339e-001 7.394466e-001 6.654073e-001
      outer loop
         vertex 7.042472e+001 1.180055e+002 3.356443e+001
         vertex 7.063213e+001 1.191420e+002 3.226955e+001
         vertex 7.000000e+001 1.183538e+002 3.324264e+001
      endloop
   endfacet
   facet normal 0.000000e+000 9.896395e-001 1.435744e-001
      outer loop
         vertex 7.088271e+001 1.198638e+002 3.070507e+001
         vertex 7.115582e+001 1.201111e+002 2.900000e+001
         vertex 7.000000e+001 1.201111e+002 2.900000e+001
      endloop
   endfacet
   facet normal -1.786795e-001 8.180892e-001 5.466294e-001
      outer loop
         vertex 7.000000e+001 1.196544e+002 3.129610e+001
         vertex 7.000000e+001 1.183538e+002 3.324264e+001
         vertex 7.063213e+001 1.191420e+002 3.226955e+001
      endloop
   endfacet
   facet normal 7.372194e-002 2.668882e-001 9.609036e-001
      outer loop
         vertex 7.000000e+001 1.164072e+002 3.454328e+001
         vertex 7.020290e+001 1.148892e+002 3.494934e+001
         vertex 7.027760e+001 1.165478e+002 3.448294e+001
      endloop
   endfacet
   facet normal 7.239088e-002 9.011913e-001 4.273334e-001
      outer loop
         vertex 7.000000e+001 1.196544e+002 3.129610e+001
         vertex 7.063213e+001 1.191420e+002 3.226955e+001
         vertex 7.088271e+001 1.198638e+002 3.070507e+001
      endloop
   endfacet
   facet normal -8.988207e-002 5.374277e-001 8.385062e-001
      outer loop
         vertex 7.027760e+001 1.165478e+002 3.448294e+001
         vertex 7.042472e+001 1.180055e+002 3.356443e+001
         vertex 7.000000e+001 1.164072e+002 3.454328e+001
      endloop
   endfacet
   facet normal -1.717778e-001 5.473119e-001 8.191105e-001
      outer loop
         vertex 7.000000e+001 1.183538e+002 3.324264e+001
         vertex 7.000000e+001 1.164072e+002 3.454328e+001
         vertex 7.042472e+001 1.180055e+002 3.356443e+001
      endloop
   endfacet
   facet normal -1.014610e-001 9.757243e-001 1.940818e-001
      outer loop
         vertex 7.000000e+001 1.196544e+002 3.129610e+001
         vertex 7.088271e+001 1.198638e+002 3.070507e+001
         vertex 7.000000e+001 1.201111e+002 2.900000e+001
      endloop
   endfacet
   facet normal 0.000000e+000 0.000000e+000 1.000000e+000
      outer loop
         vertex 7.019478e+001 1.111140e+000 3.500000e+001
         vertex 7.019478e+001 1.141111e+002 3.500000e+001
         vertex 7.000000e+001 1.141111e+002 3.500000e+001
      endloop
   endfacet
   facet normal 0.000000e+000 0.000000e+000 1.000000e+000
      outer loop
         vertex 7.000000e+001 1.111140e+000 3.500000e+001
         vertex 7.019478e+001 1.111140e+000 3.500000e+001
         vertex 7.000000e+001 1.141111e+002 3.500000e+001
      endloop
   endfacet
   facet normal 0.000000e+000 -6.497523e-002 9.978869e-001
      outer loop
         vertex 7.020290e+001 3.330600e-001 3.494934e+001
         vertex 7.019478e+001 1.111140e+000 3.500000e+001
         vertex 7.000000e+001 1.111140e+000 3.500000e+001
      endloop
   endfacet
   facet normal -1.717782e-001 -5.473120e-001 8.191104e-001
      outer loop
         vertex 7.000000e+001 -1.184960e+000 3.454328e+001
         vertex 7.000000e+001 -3.131500e+000 3.324264e+001
         vertex 7.042472e+001 -2.783211e+000 3.356443e+001
      endloop
   endfacet
   facet normal -1.014593e-001 -9.757241e-001 1.940836e-001
      outer loop
         vertex 7.000000e+001 -4.432137e+000 3.129610e+001
         vertex 7.000000e+001 -4.888860e+000 2.900000e+001
         vertex 7.088271e+001 -4.641487e+000 3.070507e+001
      endloop
   endfacet
   facet normal 0.000000e+000 -9.896391e-001 1.435771e-001
      outer loop
         vertex 7.115582e+001 -4.888860e+000 2.900000e+001
         vertex 7.088271e+001 -4.641487e+000 3.070507e+001
         vertex 7.000000e+001 -4.888860e+000 2.900000e+001
      endloop
   endfacet
   facet normal -8.989258e-002 -5.374293e-001 8.385041e-001
      outer loop
         vertex 7.042472e+001 -2.783211e+000 3.356443e+001
         vertex 7.027760e+001 -1.325537e+000 3.448294e+001
         vertex 7.000000e+001 -1.184960e+000 3.454328e+001
      endloop
   endfacet
   facet normal -4.495301e-001 -1.742672e-001 8.761014e-001
      outer loop
         vertex 7.020290e+001 3.330600e-001 3.494934e+001
         vertex 7.000000e+001 1.111140e+000 3.500000e+001
         vertex 7.000000e+001 -1.184960e+000 3.454328e+001
      endloop
   endfacet
   facet normal 7.371766e-002 -2.668877e-001 9.609041e-001
      outer loop
         vertex 7.000000e+001 -1.184960e+000 3.454328e+001
         vertex 7.027760e+001 -1.325537e+000 3.448294e+001
         vertex 7.020290e+001 3.330600e-001 3.494934e+001
      endloop
   endfacet
   facet normal -1.786862e-001 -8.180881e-001 5.466288e-001
      outer loop
         vertex 7.000000e+001 -3.131500e+000 3.324264e+001
         vertex 7.000000e+001 -4.432137e+000 3.129610e+001
         vertex 7.063213e+001 -3.919767e+000 3.226955e+001
      endloop
   endfacet
   facet normal 1.022311e-001 -7.394456e-001 6.654089e-001
      outer loop
         vertex 7.063213e+001 -3.919767e+000 3.226955e+001
         vertex 7.042472e+001 -2.783211e+000 3.356443e+001
         vertex 7.000000e+001 -3.131500e+000 3.324264e+001
      endloop
   endfacet
   facet normal 7.238907e-002 -9.011928e-001 4.273306e-001
      outer loop
         vertex 7.063213e+001 -3.919767e+000 3.226955e+001
         vertex 7.000000e+001 -4.432137e+000 3.129610e+001
         vertex 7.088271e+001 -4.641487e+000 3.070507e+001
      endloop
   endfacet
   facet normal 0.000000e+000 -1.000000e+000 0.000000e+000
      outer loop
         vertex 7.115582e+001 -4.888860e+000 2.900000e+001
         vertex 7.000000e+001 -4.888860e+000 2.900000e+001
         vertex 7.275756e+001 -4.888860e+000 1.900000e+001
      endloop
   endfacet
   facet normal 0.000000e+000 -1.000000e+000 0.000000e+000
      outer loop
         vertex 6.748183e+001 -4.888860e+000 2.884847e+001
         vertex 6.500000e+001 -4.888860e+000 2.839608e+001
         vertex 6.500000e+001 -4.888860e+000 1.900000e+001
      endloop
   endfacet
   facet normal 0.000000e+000 -1.000000e+000 -0.000000e+000
      outer loop
         vertex 7.275756e+001 -4.888860e+000 1.900000e+001
         vertex 7.000000e+001 -4.888860e+000 2.900000e+001
         vertex 6.748183e+001 -4.888860e+000 2.884847e+001
      endloop
   endfacet
   facet normal 0.000000e+000 -1.000000e+000 0.000000e+000
      outer loop
         vertex 6.500000e+001 -4.888860e+000 1.900000e+001
         vertex 7.275756e+001 -4.888860e+000 1.900000e+001
         vertex 6.748183e+001 -4.888860e+000 2.884847e+001
      endloop
   endfacet
   facet normal 0.000000e+000 -9.833942e-001 -1.814822e-001
      outer loop
         vertex 6.500000e+001 -4.888860e+000 1.900000e+001
         vertex 7.310059e+001 -4.493630e+000 1.685838e+001
         vertex 7.275756e+001 -4.888860e+000 1.900000e+001
      endloop
   endfacet
   facet normal 6.080416e-003 -6.123180e-001 -7.905882e-001
      outer loop
         vertex 6.500000e+001 -3.131500e+000 1.475736e+001
         vertex 7.361179e+001 -1.638047e+000 1.366690e+001
         vertex 7.339841e+001 -3.360117e+000 1.499902e+001
      endloop
   endfacet
   facet normal -0.000000e+000 -5.557262e-002 -9.984546e-001
      outer loop
         vertex 6.500000e+001 1.111140e+000 1.300000e+001
         vertex 7.371861e+001 1.111140e+000 1.300000e+001
         vertex 7.371267e+001 4.452994e-001 1.303706e+001
      endloop
   endfacet
   facet normal -8.936998e-003 -5.555480e-001 -8.314364e-001
      outer loop
         vertex 7.361179e+001 -1.638047e+000 1.366690e+001
         vertex 6.500000e+001 -3.131500e+000 1.475736e+001
         vertex 6.500000e+001 -1.184960e+000 1.345672e+001
      endloop
   endfacet
   facet normal -3.724954e-003 -9.807785e-001 -1.950889e-001
      outer loop
         vertex 7.310059e+001 -4.493630e+000 1.685838e+001
         vertex 6.500000e+001 -4.888860e+000 1.900000e+001
         vertex 6.500000e+001 -4.432137e+000 1.670390e+001
      endloop
   endfacet
   facet normal -1.073679e-002 -1.950792e-001 -9.807287e-001
      outer loop
         vertex 6.500000e+001 -1.184960e+000 1.345672e+001
         vertex 6.500000e+001 1.111140e+000 1.300000e+001
         vertex 7.371267e+001 4.452994e-001 1.303706e+001
      endloop
   endfacet
   facet normal 8.114214e-003 -2.897358e-001 -9.570723e-001
      outer loop
         vertex 7.361179e+001 -1.638047e+000 1.366690e+001
         vertex 6.500000e+001 -1.184960e+000 1.345672e+001
         vertex 7.371267e+001 4.452994e-001 1.303706e+001
      endloop
   endfacet
   facet normal 3.435091e-003 -8.540850e-001 -5.201221e-001
      outer loop
         vertex 6.500000e+001 -4.432137e+000 1.670390e+001
         vertex 7.339841e+001 -3.360117e+000 1.499902e+001
         vertex 7.310059e+001 -4.493630e+000 1.685838e+001
      endloop
   endfacet
   facet normal -6.647527e-003 -8.314512e-001 -5.555580e-001
      outer loop
         vertex 6.500000e+001 -4.432137e+000 1.670390e+001
         vertex 6.500000e+001 -3.131500e+000 1.475736e+001
         vertex 7.339841e+001 -3.360117e+000 1.499902e+001
      endloop
   endfacet
   facet normal 0.000000e+000 -2.982747e-001 9.544801e-001
      outer loop
         vertex 7.222004e+001 1.124993e+001 2.235587e+001
         vertex 6.500000e+001 1.011114e+001 2.200000e+001
         vertex 7.227704e+001 1.011114e+001 2.200000e+001
      endloop
   endfacet
   facet normal 1.726875e-003 -8.090158e-001 5.877843e-001
      outer loop
         vertex 7.206187e+001 1.200027e+001 2.334335e+001
         vertex 6.500000e+001 1.201325e+001 2.338197e+001
         vertex 6.500000e+001 1.128671e+001 2.238197e+001
      endloop
   endfacet
   facet normal 1.411566e-003 -8.090162e-001 -5.877846e-001
      outer loop
         vertex 7.170051e+001 1.131194e+001 2.559940e+001
         vertex 6.500000e+001 1.128671e+001 2.561803e+001
         vertex 6.500000e+001 1.201325e+001 2.461803e+001
      endloop
   endfacet
   facet normal 9.100415e-004 3.090166e-001 -9.510562e-001
      outer loop
         vertex 7.169566e+001 8.951830e+000 2.562972e+001
         vertex 6.500000e+001 8.935570e+000 2.561803e+001
         vertex 6.500000e+001 1.011114e+001 2.600000e+001
      endloop
   endfacet
   facet normal 4.927934e-004 9.999999e-001 -0.000000e+000
      outer loop
         vertex 7.205396e+001 8.205551e+000 2.339277e+001
         vertex 6.500000e+001 8.209027e+000 2.338197e+001
         vertex 6.500000e+001 8.209027e+000 2.461803e+001
      endloop
   endfacet
   facet normal -0.000000e+000 3.090167e-001 9.510566e-001
      outer loop
         vertex 7.227704e+001 1.011114e+001 2.200000e+001
         vertex 6.500000e+001 1.011114e+001 2.200000e+001
         vertex 6.500000e+001 8.935570e+000 2.238197e+001
      endloop
   endfacet
   facet normal -4.945266e-004 8.116360e-001 5.841632e-001
      outer loop
         vertex 6.500000e+001 8.209027e+000 2.338197e+001
         vertex 7.205396e+001 8.205551e+000 2.339277e+001
         vertex 7.221527e+001 8.930497e+000 2.238566e+001
      endloop
   endfacet
   facet normal -9.127125e-004 8.036675e-001 -5.950779e-001
      outer loop
         vertex 6.500000e+001 8.935570e+000 2.561803e+001
         vertex 7.169566e+001 8.951830e+000 2.562972e+001
         vertex 7.185532e+001 8.213931e+000 2.463293e+001
      endloop
   endfacet
   facet normal -1.419095e-003 -3.223462e-001 -9.466208e-001
      outer loop
         vertex 6.500000e+001 1.128671e+001 2.561803e+001
         vertex 7.170051e+001 1.131194e+001 2.559940e+001
         vertex 7.163637e+001 1.013626e+001 2.599984e+001
      endloop
   endfacet
   facet normal -1.734471e-003 -9.998177e-001 1.901206e-002
      outer loop
         vertex 6.500000e+001 1.201325e+001 2.338197e+001
         vertex 7.206187e+001 1.200027e+001 2.334335e+001
         vertex 7.186327e+001 1.202419e+001 2.458330e+001
      endloop
   endfacet
   facet normal 1.863040e-003 -3.090162e-001 9.510550e-001
      outer loop
         vertex 6.500000e+001 1.128671e+001 2.238197e+001
         vertex 6.500000e+001 1.011114e+001 2.200000e+001
         vertex 7.222004e+001 1.124993e+001 2.235587e+001
      endloop
   endfacet
   facet normal -1.151418e-003 2.982103e-001 -9.544995e-001
      outer loop
         vertex 7.163637e+001 1.013626e+001 2.599984e+001
         vertex 7.169566e+001 8.951830e+000 2.562972e+001
         vertex 6.500000e+001 1.011114e+001 2.600000e+001
      endloop
   endfacet
   facet normal 2.674854e-004 8.090170e-001 5.877852e-001
      outer loop
         vertex 6.500000e+001 8.935570e+000 2.238197e+001
         vertex 6.500000e+001 8.209027e+000 2.338197e+001
         vertex 7.221527e+001 8.930497e+000 2.238566e+001
      endloop
   endfacet
   facet normal 1.593655e-003 -9.999987e-001 0.000000e+000
      outer loop
         vertex 6.500000e+001 1.201325e+001 2.461803e+001
         vertex 6.500000e+001 1.201325e+001 2.338197e+001
         vertex 7.186327e+001 1.202419e+001 2.458330e+001
      endloop
   endfacet
   facet normal -2.689259e-004 3.105221e-001 9.505661e-001
      outer loop
         vertex 7.227704e+001 1.011114e+001 2.200000e+001
         vertex 6.500000e+001 8.935570e+000 2.238197e+001
         vertex 7.221527e+001 8.930497e+000 2.238566e+001
      endloop
   endfacet
   facet normal 1.146860e-003 -3.090165e-001 -9.510560e-001
      outer loop
         vertex 7.163637e+001 1.013626e+001 2.599984e+001
         vertex 6.500000e+001 1.011114e+001 2.600000e+001
         vertex 6.500000e+001 1.128671e+001 2.561803e+001
      endloop
   endfacet
   facet normal -7.003855e-004 9.999762e-001 -6.869152e-003
      outer loop
         vertex 6.500000e+001 8.209027e+000 2.461803e+001
         vertex 7.185532e+001 8.213931e+000 2.463293e+001
         vertex 7.205396e+001 8.205551e+000 2.339277e+001
      endloop
   endfacet
   facet normal -1.871008e-003 -7.963603e-001 6.048196e-001
      outer loop
         vertex 6.500000e+001 1.128671e+001 2.238197e+001
         vertex 7.222004e+001 1.124993e+001 2.235587e+001
         vertex 7.206187e+001 1.200027e+001 2.334335e+001
      endloop
   endfacet
   facet normal 6.983639e-004 8.090168e-001 -5.877851e-001
      outer loop
         vertex 6.500000e+001 8.209027e+000 2.461803e+001
         vertex 6.500000e+001 8.935570e+000 2.561803e+001
         vertex 7.185532e+001 8.213931e+000 2.463293e+001
      endloop
   endfacet
   facet normal -1.601031e-003 -8.187390e-001 -5.741636e-001
      outer loop
         vertex 6.500000e+001 1.201325e+001 2.461803e+001
         vertex 7.186327e+001 1.202419e+001 2.458330e+001
         vertex 7.170051e+001 1.131194e+001 2.559940e+001
      endloop
   endfacet
   facet normal 0.000000e+000 -2.982735e-001 9.544804e-001
      outer loop
         vertex 7.222004e+001 1.062499e+002 2.235587e+001
         vertex 6.500000e+001 1.051111e+002 2.200000e+001
         vertex 7.227704e+001 1.051111e+002 2.200000e+001
      endloop
   endfacet
   facet normal 1.726864e-003 -8.090169e-001 5.877828e-001
      outer loop
         vertex 7.206187e+001 1.070003e+002 2.334335e+001
         vertex 6.500000e+001 1.070133e+002 2.338197e+001
         vertex 6.500000e+001 1.062867e+002 2.238197e+001
      endloop
   endfacet
   facet normal 1.411460e-003 -8.090173e-001 -5.877831e-001
      outer loop
         vertex 7.170051e+001 1.063119e+002 2.559940e+001
         vertex 6.500000e+001 1.062867e+002 2.561803e+001
         vertex 6.500000e+001 1.070133e+002 2.461803e+001
      endloop
   endfacet
   facet normal 9.101275e-004 3.090173e-001 -9.510560e-001
      outer loop
         vertex 7.169566e+001 1.039518e+002 2.562972e+001
         vertex 6.500000e+001 1.039356e+002 2.561803e+001
         vertex 6.500000e+001 1.051111e+002 2.600000e+001
      endloop
   endfacet
   facet normal 4.931990e-004 9.999999e-001 -0.000000e+000
      outer loop
         vertex 7.205396e+001 1.032056e+002 2.339277e+001
         vertex 6.500000e+001 1.032090e+002 2.338197e+001
         vertex 6.500000e+001 1.032090e+002 2.461803e+001
      endloop
   endfacet
   facet normal -0.000000e+000 3.090174e-001 9.510564e-001
      outer loop
         vertex 7.227704e+001 1.051111e+002 2.200000e+001
         vertex 6.500000e+001 1.051111e+002 2.200000e+001
         vertex 6.500000e+001 1.039356e+002 2.238197e+001
      endloop
   endfacet
   facet normal -4.941965e-004 8.116364e-001 5.841628e-001
      outer loop
         vertex 6.500000e+001 1.032090e+002 2.338197e+001
         vertex 7.205396e+001 1.032056e+002 2.339277e+001
         vertex 7.221527e+001 1.039305e+002 2.238566e+001
      endloop
   endfacet
   facet normal -9.124819e-004 8.036672e-001 -5.950784e-001
      outer loop
         vertex 6.500000e+001 1.039356e+002 2.561803e+001
         vertex 7.169566e+001 1.039518e+002 2.562972e+001
         vertex 7.185532e+001 1.032139e+002 2.463293e+001
      endloop
   endfacet
   facet normal -1.419146e-003 -3.223451e-001 -9.466212e-001
      outer loop
         vertex 6.500000e+001 1.062867e+002 2.561803e+001
         vertex 7.170051e+001 1.063119e+002 2.559940e+001
         vertex 7.163637e+001 1.051363e+002 2.599984e+001
      endloop
   endfacet
   facet normal -1.734458e-003 -9.998177e-001 1.901437e-002
      outer loop
         vertex 6.500000e+001 1.070133e+002 2.338197e+001
         vertex 7.206187e+001 1.070003e+002 2.334335e+001
         vertex 7.186327e+001 1.070242e+002 2.458330e+001
      endloop
   endfacet
   facet normal 1.863047e-003 -3.090151e-001 9.510553e-001
      outer loop
         vertex 6.500000e+001 1.062867e+002 2.238197e+001
         vertex 6.500000e+001 1.051111e+002 2.200000e+001
         vertex 7.222004e+001 1.062499e+002 2.235587e+001
      endloop
   endfacet
   facet normal -1.151376e-003 2.982107e-001 -9.544994e-001
      outer loop
         vertex 7.163637e+001 1.051363e+002 2.599984e+001
         vertex 7.169566e+001 1.039518e+002 2.562972e+001
         vertex 6.500000e+001 1.051111e+002 2.600000e+001
      endloop
   endfacet
   facet normal 2.675939e-004 8.090181e-001 5.877837e-001
      outer loop
         vertex 6.500000e+001 1.039356e+002 2.238197e+001
         vertex 6.500000e+001 1.032090e+002 2.338197e+001
         vertex 7.221527e+001 1.039305e+002 2.238566e+001
      endloop
   endfacet
   facet normal 1.594072e-003 -9.999987e-001 0.000000e+000
      outer loop
         vertex 6.500000e+001 1.070133e+002 2.461803e+001
         vertex 6.500000e+001 1.070133e+002 2.338197e+001
         vertex 7.186327e+001 1.070242e+002 2.458330e+001
      endloop
   endfacet
   facet normal -2.688844e-004 3.105225e-001 9.505660e-001
      outer loop
         vertex 7.227704e+001 1.051111e+002 2.200000e+001
         vertex 6.500000e+001 1.039356e+002 2.238197e+001
         vertex 7.221527e+001 1.039305e+002 2.238566e+001
      endloop
   endfacet
   facet normal 1.146811e-003 -3.090154e-001 -9.510563e-001
      outer loop
         vertex 7.163637e+001 1.051363e+002 2.599984e+001
         vertex 6.500000e+001 1.051111e+002 2.600000e+001
         vertex 6.500000e+001 1.062867e+002 2.561803e+001
      endloop
   endfacet
   facet normal -6.995561e-004 9.999762e-001 -6.866712e-003
      outer loop
         vertex 6.500000e+001 1.032090e+002 2.461803e+001
         vertex 7.185532e+001 1.032139e+002 2.463293e+001
         vertex 7.205396e+001 1.032056e+002 2.339277e+001
      endloop
   endfacet
   facet normal -1.871019e-003 -7.963614e-001 6.048182e-001
      outer loop
         vertex 6.500000e+001 1.062867e+002 2.238197e+001
         vertex 7.222004e+001 1.062499e+002 2.235587e+001
         vertex 7.206187e+001 1.070003e+002 2.334335e+001
      endloop
   endfacet
   facet normal 6.990351e-004 8.090179e-001 -5.877836e-001
      outer loop
         vertex 6.500000e+001 1.032090e+002 2.461803e+001
         vertex 6.500000e+001 1.039356e+002 2.561803e+001
         vertex 7.185532e+001 1.032139e+002 2.463293e+001
      endloop
   endfacet
   facet normal -1.600692e-003 -8.187387e-001 -5.741641e-001
      outer loop
         vertex 6.500000e+001 1.070133e+002 2.461803e+001
         vertex 7.186327e+001 1.070242e+002 2.458330e+001
         vertex 7.170051e+001 1.063119e+002 2.559940e+001
      endloop
   endfacet
   facet normal -1.000000e+000 -0.000000e+000 0.000000e+000
      outer loop
         vertex 6.500000e+001 1.111140e+000 3.453300e+001
         vertex 6.500000e+001 3.461114e+001 3.453300e+001
         vertex 6.500000e+001 1.128671e+001 2.561803e+001
      endloop
   endfacet
   facet normal -1.000000e+000 0.000000e+000 0.000000e+000
      outer loop
         vertex 6.500000e+001 3.461114e+001 1.300000e+001
         vertex 6.500000e+001 1.111140e+000 1.300000e+001
         vertex 6.500000e+001 1.128671e+001 2.238197e+001
      endloop
   endfacet
   facet normal -1.000000e+000 0.000000e+000 0.000000e+000
      outer loop
         vertex 6.500000e+001 -1.184960e+000 1.345672e+001
         vertex 6.500000e+001 -3.131500e+000 1.475736e+001
         vertex 6.500000e+001 1.111140e+000 1.300000e+001
      endloop
   endfacet
   facet normal -1.000000e+000 0.000000e+000 0.000000e+000
      outer loop
         vertex 6.500000e+001 -4.888860e+000 1.900000e+001
         vertex 6.500000e+001 -4.888860e+000 2.839608e+001
         vertex 6.500000e+001 8.209027e+000 2.338197e+001
      endloop
   endfacet
   facet normal -1.000000e+000 0.000000e+000 -0.000000e+000
      outer loop
         vertex 6.500000e+001 -4.650096e+000 3.011764e+001
         vertex 6.500000e+001 -4.147517e+000 3.135992e+001
         vertex 6.500000e+001 1.111140e+000 3.453300e+001
      endloop
   endfacet
   facet normal -1.000000e+000 0.000000e+000 -0.000000e+000
      outer loop
         vertex 6.500000e+001 -3.411891e+000 3.243606e+001
         vertex 6.500000e+001 -2.344477e+000 3.341785e+001
         vertex 6.500000e+001 1.111140e+000 3.453300e+001
      endloop
   endfacet
   facet normal -1.000000e+000 0.000000e+000 -0.000000e+000
      outer loop
         vertex 6.500000e+001 -1.236187e+000 3.404620e+001
         vertex 6.500000e+001 -3.187484e-002 3.442117e+001
         vertex 6.500000e+001 1.111140e+000 3.453300e+001
      endloop
   endfacet
   facet normal -1.000000e+000 0.000000e+000 0.000000e+000
      outer loop
         vertex 6.500000e+001 1.011114e+001 2.200000e+001
         vertex 6.500000e+001 1.128671e+001 2.238197e+001
         vertex 6.500000e+001 1.111140e+000 1.300000e+001
      endloop
   endfacet
   facet normal -1.000000e+000 0.000000e+000 0.000000e+000
      outer loop
         vertex 6.500000e+001 1.201325e+001 2.338197e+001
         vertex 6.500000e+001 1.201325e+001 2.461803e+001
         vertex 6.500000e+001 3.461114e+001 3.453300e+001
      endloop
   endfacet
   facet normal -1.000000e+000 0.000000e+000 0.000000e+000
      outer loop
         vertex 6.500000e+001 1.128671e+001 2.561803e+001
         vertex 6.500000e+001 1.011114e+001 2.600000e+001
         vertex 6.500000e+001 1.111140e+000 3.453300e+001
      endloop
   endfacet
   facet normal -1.000000e+000 0.000000e+000 0.000000e+000
      outer loop
         vertex 6.500000e+001 8.935570e+000 2.561803e+001
         vertex 6.500000e+001 8.209027e+000 2.461803e+001
         vertex 6.500000e+001 1.111140e+000 3.453300e+001
      endloop
   endfacet
   facet normal -1.000000e+000 -0.000000e+000 0.000000e+000
      outer loop
         vertex 6.500000e+001 8.209027e+000 2.338197e+001
         vertex 6.500000e+001 8.935570e+000 2.238197e+001
         vertex 6.500000e+001 1.111140e+000 1.300000e+001
      endloop
   endfacet
   facet normal -1.000000e+000 0.000000e+000 0.000000e+000
      outer loop
         vertex 6.500000e+001 3.461114e+001 1.300000e+001
         vertex 6.500000e+001 1.128671e+001 2.238197e+001
         vertex 6.500000e+001 1.201325e+001 2.338197e+001
      endloop
   endfacet
   facet normal -1.000000e+000 0.000000e+000 0.000000e+000
      outer loop
         vertex 6.500000e+001 8.209027e+000 2.338197e+001
         vertex 6.500000e+001 -4.888860e+000 2.839608e+001
         vertex 6.500000e+001 8.209027e+000 2.461803e+001
      endloop
   endfacet
   facet normal -1.000000e+000 0.000000e+000 0.000000e+000
      outer loop
         vertex 6.500000e+001 -3.411891e+000 3.243606e+001
         vertex 6.500000e+001 1.111140e+000 3.453300e+001
         vertex 6.500000e+001 -4.147517e+000 3.135992e+001
      endloop
   endfacet
   facet normal -1.000000e+000 0.000000e+000 -0.000000e+000
      outer loop
         vertex 6.500000e+001 1.201325e+001 2.338197e+001
         vertex 6.500000e+001 3.461114e+001 3.453300e+001
         vertex 6.500000e+001 3.461114e+001 1.300000e+001
      endloop
   endfacet
   facet normal -1.000000e+000 0.000000e+000 0.000000e+000
      outer loop
         vertex 6.500000e+001 8.935570e+000 2.561803e+001
         vertex 6.500000e+001 1.111140e+000 3.453300e+001
         vertex 6.500000e+001 1.011114e+001 2.600000e+001
      endloop
   endfacet
   facet normal -1.000000e+000 0.000000e+000 0.000000e+000
      outer loop
         vertex 6.500000e+001 8.209027e+000 2.461803e+001
         vertex 6.500000e+001 -4.888860e+000 2.839608e+001
         vertex 6.500000e+001 1.111140e+000 3.453300e+001
      endloop
   endfacet
   facet normal -1.000000e+000 0.000000e+000 0.000000e+000
      outer loop
         vertex 6.500000e+001 -3.131500e+000 1.475736e+001
         vertex 6.500000e+001 -4.432137e+000 1.670390e+001
         vertex 6.500000e+001 1.111140e+000 1.300000e+001
      endloop
   endfacet
   facet normal -1.000000e+000 0.000000e+000 -0.000000e+000
      outer loop
         vertex 6.500000e+001 -4.888860e+000 2.839608e+001
         vertex 6.500000e+001 -4.650096e+000 3.011764e+001
         vertex 6.500000e+001 1.111140e+000 3.453300e+001
      endloop
   endfacet
   facet normal -1.000000e+000 -0.000000e+000 0.000000e+000
      outer loop
         vertex 6.500000e+001 8.935570e+000 2.238197e+001
         vertex 6.500000e+001 1.011114e+001 2.200000e+001
         vertex 6.500000e+001 1.111140e+000 1.300000e+001
      endloop
   endfacet
   facet normal -1.000000e+000 0.000000e+000 0.000000e+000
      outer loop
         vertex 6.500000e+001 1.128671e+001 2.561803e+001
         vertex 6.500000e+001 3.461114e+001 3.453300e+001
         vertex 6.500000e+001 1.201325e+001 2.461803e+001
      endloop
   endfacet
   facet normal -1.000000e+000 0.000000e+000 0.000000e+000
      outer loop
         vertex 6.500000e+001 -1.236187e+000 3.404620e+001
         vertex 6.500000e+001 1.111140e+000 3.453300e+001
         vertex 6.500000e+001 -2.344477e+000 3.341785e+001
      endloop
   endfacet
   facet normal -1.000000e+000 0.000000e+000 0.000000e+000
      outer loop
         vertex 6.500000e+001 -4.432137e+000 1.670390e+001
         vertex 6.500000e+001 -4.888860e+000 1.900000e+001
         vertex 6.500000e+001 1.111140e+000 1.300000e+001
      endloop
   endfacet
   facet normal -1.000000e+000 0.000000e+000 0.000000e+000
      outer loop
         vertex 6.500000e+001 8.209027e+000 2.338197e+001
         vertex 6.500000e+001 1.111140e+000 1.300000e+001
         vertex 6.500000e+001 -4.888860e+000 1.900000e+001
      endloop
   endfacet
   facet normal -2.503338e-002 -9.902086e-001 1.373326e-001
      outer loop
         vertex 6.748183e+001 -4.888860e+000 2.884847e+001
         vertex 6.500000e+001 -4.650096e+000 3.011764e+001
         vertex 6.500000e+001 -4.888860e+000 2.839608e+001
      endloop
   endfacet
   facet normal -4.469508e-002 -8.247254e-001 5.637645e-001
      outer loop
         vertex 7.000000e+001 -3.131500e+000 3.324264e+001
         vertex 6.500000e+001 -3.411891e+000 3.243606e+001
         vertex 6.500000e+001 -4.147517e+000 3.135992e+001
      endloop
   endfacet
   facet normal -8.116075e-002 -4.915749e-001 8.670450e-001
      outer loop
         vertex 7.000000e+001 -1.184960e+000 3.454328e+001
         vertex 6.500000e+001 -1.236187e+000 3.404620e+001
         vertex 6.500000e+001 -2.344477e+000 3.341785e+001
      endloop
   endfacet
   facet normal -1.385926e-001 -9.643128e-002 9.856435e-001
      outer loop
         vertex 6.748912e+001 1.111140e+000 3.488300e+001
         vertex 6.500000e+001 1.111140e+000 3.453300e+001
         vertex 6.500000e+001 -3.187484e-002 3.442117e+001
      endloop
   endfacet
   facet normal -6.878029e-002 -1.946281e-001 9.784627e-001
      outer loop
         vertex 6.500000e+001 -3.187484e-002 3.442117e+001
         vertex 7.000000e+001 -1.184960e+000 3.454328e+001
         vertex 7.000000e+001 1.111140e+000 3.500000e+001
      endloop
   endfacet
   facet normal -4.020652e-002 -8.307974e-001 5.551209e-001
      outer loop
         vertex 6.500000e+001 -4.147517e+000 3.135992e+001
         vertex 7.000000e+001 -4.432137e+000 3.129610e+001
         vertex 7.000000e+001 -3.131500e+000 3.324264e+001
      endloop
   endfacet
   facet normal -9.987467e-003 -9.860789e-001 1.659777e-001
      outer loop
         vertex 6.500000e+001 -4.650096e+000 3.011764e+001
         vertex 6.748183e+001 -4.888860e+000 2.884847e+001
         vertex 7.000000e+001 -4.888860e+000 2.900000e+001
      endloop
   endfacet
   facet normal -5.821367e-002 -5.546280e-001 8.300596e-001
      outer loop
         vertex 7.000000e+001 -3.131500e+000 3.324264e+001
         vertex 7.000000e+001 -1.184960e+000 3.454328e+001
         vertex 6.500000e+001 -2.344477e+000 3.341785e+001
      endloop
   endfacet
   facet normal -4.455781e-002 -2.893115e-001 9.561974e-001
      outer loop
         vertex 6.748912e+001 1.111140e+000 3.488300e+001
         vertex 6.500000e+001 -3.187484e-002 3.442117e+001
         vertex 7.000000e+001 1.111140e+000 3.500000e+001
      endloop
   endfacet
   facet normal -8.050463e-002 -6.747737e-001 7.336208e-001
      outer loop
         vertex 6.500000e+001 -3.411891e+000 3.243606e+001
         vertex 7.000000e+001 -3.131500e+000 3.324264e+001
         vertex 6.500000e+001 -2.344477e+000 3.341785e+001
      endloop
   endfacet
   facet normal -4.792703e-002 -9.259468e-001 3.746005e-001
      outer loop
         vertex 7.000000e+001 -4.432137e+000 3.129610e+001
         vertex 6.500000e+001 -4.147517e+000 3.135992e+001
         vertex 6.500000e+001 -4.650096e+000 3.011764e+001
      endloop
   endfacet
   facet normal -3.227213e-003 -9.807802e-001 1.950893e-001
      outer loop
         vertex 6.500000e+001 -4.650096e+000 3.011764e+001
         vertex 7.000000e+001 -4.888860e+000 2.900000e+001
         vertex 7.000000e+001 -4.432137e+000 3.129610e+001
      endloop
   endfacet
   facet normal -9.148939e-002 -2.960299e-001 9.507870e-001
      outer loop
         vertex 6.500000e+001 -1.236187e+000 3.404620e+001
         vertex 7.000000e+001 -1.184960e+000 3.454328e+001
         vertex 6.500000e+001 -3.187484e-002 3.442117e+001
      endloop
   endfacet
   facet normal -3.227250e-003 9.807805e-001 1.950875e-001
      outer loop
         vertex 6.500000e+001 1.198724e+002 3.011764e+001
         vertex 7.000000e+001 1.196544e+002 3.129610e+001
         vertex 7.000000e+001 1.201111e+002 2.900000e+001
      endloop
   endfacet
   facet normal -5.821382e-002 5.546279e-001 8.300597e-001
      outer loop
         vertex 6.500000e+001 1.175668e+002 3.341785e+001
         vertex 7.000000e+001 1.164072e+002 3.454328e+001
         vertex 7.000000e+001 1.183538e+002 3.324264e+001
      endloop
   endfacet
   facet normal -4.455783e-002 2.893102e-001 9.561978e-001
      outer loop
         vertex 6.500000e+001 1.152542e+002 3.442117e+001
         vertex 6.748912e+001 1.141111e+002 3.488300e+001
         vertex 7.000000e+001 1.141111e+002 3.500000e+001
      endloop
   endfacet
   facet normal -1.385926e-001 9.643080e-002 9.856435e-001
      outer loop
         vertex 6.748912e+001 1.141111e+002 3.488300e+001
         vertex 6.500000e+001 1.152542e+002 3.442117e+001
         vertex 6.500000e+001 1.141111e+002 3.453300e+001
      endloop
   endfacet
   facet normal -8.050494e-002 6.747741e-001 7.336203e-001
      outer loop
         vertex 7.000000e+001 1.183538e+002 3.324264e+001
         vertex 6.500000e+001 1.186342e+002 3.243606e+001
         vertex 6.500000e+001 1.175668e+002 3.341785e+001
      endloop
   endfacet
   facet normal -4.792747e-002 9.259468e-001 3.746005e-001
      outer loop
         vertex 7.000000e+001 1.196544e+002 3.129610e+001
         vertex 6.500000e+001 1.198724e+002 3.011764e+001
         vertex 6.500000e+001 1.193698e+002 3.135992e+001
      endloop
   endfacet
   facet normal -2.503318e-002 9.902088e-001 1.373315e-001
      outer loop
         vertex 6.500000e+001 1.198724e+002 3.011764e+001
         vertex 6.748183e+001 1.201111e+002 2.884847e+001
         vertex 6.500000e+001 1.201111e+002 2.839608e+001
      endloop
   endfacet
   facet normal -8.116112e-002 4.915741e-001 8.670455e-001
      outer loop
         vertex 6.500000e+001 1.164585e+002 3.404620e+001
         vertex 7.000000e+001 1.164072e+002 3.454328e+001
         vertex 6.500000e+001 1.175668e+002 3.341785e+001
      endloop
   endfacet
   facet normal -4.020692e-002 8.307974e-001 5.551208e-001
      outer loop
         vertex 7.000000e+001 1.183538e+002 3.324264e+001
         vertex 7.000000e+001 1.196544e+002 3.129610e+001
         vertex 6.500000e+001 1.193698e+002 3.135992e+001
      endloop
   endfacet
   facet normal -4.469564e-002 8.247252e-001 5.637647e-001
      outer loop
         vertex 6.500000e+001 1.186342e+002 3.243606e+001
         vertex 7.000000e+001 1.183538e+002 3.324264e+001
         vertex 6.500000e+001 1.193698e+002 3.135992e+001
      endloop
   endfacet
   facet normal -6.878014e-002 1.946278e-001 9.784627e-001
      outer loop
         vertex 6.500000e+001 1.152542e+002 3.442117e+001
         vertex 7.000000e+001 1.141111e+002 3.500000e+001
         vertex 7.000000e+001 1.164072e+002 3.454328e+001
      endloop
   endfacet
   facet normal -9.987390e-003 9.860791e-001 1.659764e-001
      outer loop
         vertex 6.500000e+001 1.198724e+002 3.011764e+001
         vertex 7.000000e+001 1.201111e+002 2.900000e+001
         vertex 6.748183e+001 1.201111e+002 2.884847e+001
      endloop
   endfacet
   facet normal -9.148953e-002 2.960310e-001 9.507867e-001
      outer loop
         vertex 6.500000e+001 1.164585e+002 3.404620e+001
         vertex 6.500000e+001 1.152542e+002 3.442117e+001
         vertex 7.000000e+001 1.164072e+002 3.454328e+001
      endloop
   endfacet
   facet normal -1.000000e+000 0.000000e+000 0.000000e+000
      outer loop
         vertex 6.500000e+001 1.141111e+002 1.300000e+001
         vertex 6.500000e+001 8.061114e+001 1.300000e+001
         vertex 6.500000e+001 1.039356e+002 2.238197e+001
      endloop
   endfacet
   facet normal -1.000000e+000 -0.000000e+000 0.000000e+000
      outer loop
         vertex 6.500000e+001 8.061114e+001 3.453300e+001
         vertex 6.500000e+001 1.141111e+002 3.453300e+001
         vertex 6.500000e+001 1.039356e+002 2.561803e+001
      endloop
   endfacet
   facet normal -1.000000e+000 0.000000e+000 0.000000e+000
      outer loop
         vertex 6.500000e+001 1.152542e+002 3.442117e+001
         vertex 6.500000e+001 1.164585e+002 3.404620e+001
         vertex 6.500000e+001 1.141111e+002 3.453300e+001
      endloop
   endfacet
   facet normal -1.000000e+000 0.000000e+000 0.000000e+000
      outer loop
         vertex 6.500000e+001 1.186342e+002 3.243606e+001
         vertex 6.500000e+001 1.193698e+002 3.135992e+001
         vertex 6.500000e+001 1.141111e+002 3.453300e+001
      endloop
   endfacet
   facet normal -1.000000e+000 0.000000e+000 0.000000e+000
      outer loop
         vertex 6.500000e+001 1.198724e+002 3.011764e+001
         vertex 6.500000e+001 1.201111e+002 2.839608e+001
         vertex 6.500000e+001 1.141111e+002 3.453300e+001
      endloop
   endfacet
   facet normal -1.000000e+000 -0.000000e+000 0.000000e+000
      outer loop
         vertex 6.500000e+001 1.201111e+002 1.900000e+001
         vertex 6.500000e+001 1.196544e+002 1.670390e+001
         vertex 6.500000e+001 1.183538e+002 1.475736e+001
      endloop
   endfacet
   facet normal -1.000000e+000 0.000000e+000 0.000000e+000
      outer loop
         vertex 6.500000e+001 1.164072e+002 1.345672e+001
         vertex 6.500000e+001 1.141111e+002 1.300000e+001
         vertex 6.500000e+001 1.201111e+002 1.900000e+001
      endloop
   endfacet
   facet normal -1.000000e+000 0.000000e+000 -0.000000e+000
      outer loop
         vertex 6.500000e+001 1.051111e+002 2.200000e+001
         vertex 6.500000e+001 1.062867e+002 2.238197e+001
         vertex 6.500000e+001 1.141111e+002 1.300000e+001
      endloop
   endfacet
   facet normal -1.000000e+000 0.000000e+000 0.000000e+000
      outer loop
         vertex 6.500000e+001 1.070133e+002 2.338197e+001
         vertex 6.500000e+001 1.070133e+002 2.461803e+001
         vertex 6.500000e+001 1.201111e+002 2.839608e+001
      endloop
   endfacet
   facet normal -1.000000e+000 0.000000e+000 0.000000e+000
      outer loop
         vertex 6.500000e+001 1.062867e+002 2.561803e+001
         vertex 6.500000e+001 1.051111e+002 2.600000e+001
         vertex 6.500000e+001 1.141111e+002 3.453300e+001
      endloop
   endfacet
   facet normal -1.000000e+000 0.000000e+000 0.000000e+000
      outer loop
         vertex 6.500000e+001 1.039356e+002 2.561803e+001
         vertex 6.500000e+001 1.032090e+002 2.461803e+001
         vertex 6.500000e+001 8.061114e+001 3.453300e+001
      endloop
   endfacet
   facet normal -1.000000e+000 -0.000000e+000 0.000000e+000
      outer loop
         vertex 6.500000e+001 1.032090e+002 2.338197e+001
         vertex 6.500000e+001 1.039356e+002 2.238197e+001
         vertex 6.500000e+001 8.061114e+001 1.300000e+001
      endloop
   endfacet
   facet normal -1.000000e+000 0.000000e+000 0.000000e+000
      outer loop
         vertex 6.500000e+001 1.039356e+002 2.561803e+001
         vertex 6.500000e+001 1.141111e+002 3.453300e+001
         vertex 6.500000e+001 1.051111e+002 2.600000e+001
      endloop
   endfacet
   facet normal -1.000000e+000 -0.000000e+000 -0.000000e+000
      outer loop
         vertex 6.500000e+001 1.141111e+002 3.453300e+001
         vertex 6.500000e+001 1.193698e+002 3.135992e+001
         vertex 6.500000e+001 1.198724e+002 3.011764e+001
      endloop
   endfacet
   facet normal -1.000000e+000 0.000000e+000 0.000000e+000
      outer loop
         vertex 6.500000e+001 1.164072e+002 1.345672e+001
         vertex 6.500000e+001 1.201111e+002 1.900000e+001
         vertex 6.500000e+001 1.183538e+002 1.475736e+001
      endloop
   endfacet
   facet normal -1.000000e+000 0.000000e+000 -0.000000e+000
      outer loop
         vertex 6.500000e+001 1.070133e+002 2.338197e+001
         vertex 6.500000e+001 1.201111e+002 2.839608e+001
         vertex 6.500000e+001 1.201111e+002 1.900000e+001
      endloop
   endfacet
   facet normal -1.000000e+000 -0.000000e+000 -0.000000e+000
      outer loop
         vertex 6.500000e+001 8.061114e+001 3.453300e+001
         vertex 6.500000e+001 1.032090e+002 2.461803e+001
         vertex 6.500000e+001 1.032090e+002 2.338197e+001
      endloop
   endfacet
   facet normal -1.000000e+000 -0.000000e+000 0.000000e+000
      outer loop
         vertex 6.500000e+001 8.061114e+001 3.453300e+001
         vertex 6.500000e+001 1.032090e+002 2.338197e+001
         vertex 6.500000e+001 8.061114e+001 1.300000e+001
      endloop
   endfacet
   facet normal -1.000000e+000 0.000000e+000 0.000000e+000
      outer loop
         vertex 6.500000e+001 1.164585e+002 3.404620e+001
         vertex 6.500000e+001 1.175668e+002 3.341785e+001
         vertex 6.500000e+001 1.141111e+002 3.453300e+001
      endloop
   endfacet
   facet normal -1.000000e+000 -0.000000e+000 -0.000000e+000
      outer loop
         vertex 6.500000e+001 1.039356e+002 2.238197e+001
         vertex 6.500000e+001 1.051111e+002 2.200000e+001
         vertex 6.500000e+001 1.141111e+002 1.300000e+001
      endloop
   endfacet
   facet normal -1.000000e+000 0.000000e+000 0.000000e+000
      outer loop
         vertex 6.500000e+001 1.070133e+002 2.461803e+001
         vertex 6.500000e+001 1.062867e+002 2.561803e+001
         vertex 6.500000e+001 1.141111e+002 3.453300e+001
      endloop
   endfacet
   facet normal -1.000000e+000 -0.000000e+000 0.000000e+000
      outer loop
         vertex 6.500000e+001 1.141111e+002 3.453300e+001
         vertex 6.500000e+001 1.201111e+002 2.839608e+001
         vertex 6.500000e+001 1.070133e+002 2.461803e+001
      endloop
   endfacet
   facet normal -1.000000e+000 0.000000e+000 0.000000e+000
      outer loop
         vertex 6.500000e+001 1.141111e+002 1.300000e+001
         vertex 6.500000e+001 1.062867e+002 2.238197e+001
         vertex 6.500000e+001 1.070133e+002 2.338197e+001
      endloop
   endfacet
   facet normal -1.000000e+000 0.000000e+000 0.000000e+000
      outer loop
         vertex 6.500000e+001 1.141111e+002 1.300000e+001
         vertex 6.500000e+001 1.070133e+002 2.338197e+001
         vertex 6.500000e+001 1.201111e+002 1.900000e+001
      endloop
   endfacet
   facet normal -1.000000e+000 0.000000e+000 0.000000e+000
      outer loop
         vertex 6.500000e+001 1.175668e+002 3.341785e+001
         vertex 6.500000e+001 1.186342e+002 3.243606e+001
         vertex 6.500000e+001 1.141111e+002 3.453300e+001
      endloop
   endfacet
endsolid
